
===== deli_counter version + changelog =====
  bumped VERSION
  prepended 0.92.0 to CHANGELOG.md
OK

===== deli_counter suite =====
..............................................ss........................ [ 13%]
........................................................................ [ 27%]
........................................................................ [ 40%]
........................................................................ [ 54%]
........................................................................ [ 67%]
........................................................................ [ 81%]
........................................................................ [ 95%]
..........................                                               [100%]
528 passed, 2 skipped in 3.42s

===== commit + tag deli_counter v0.92.0 =====
    CHANGELOG.md
    VERSION
    navgate_baseline.json
    test_navgate_population.py
........................................................................ [ 13%]
........................................................................ [ 27%]
........................................................................ [ 41%]
........................................................................ [ 55%]
........................................................................ [ 69%]
........................................................................ [ 83%]
........................................................................ [ 97%]
............                                                             [100%]
516 passed in 2.73s

== 07_police_station.json ==
  loader OK: '07_police_station', 2 stories, 19 features, 0 assets
  TACTICAL-WARN: stair #0 pitch 42deg is steep (walkable but uncomfortable); run >= 5.0m gives a gentler ~35deg.
  scorecard for 07_police_station [assault]:
    floors: 2   rooms: 7   markers: 7
    attacker entries: 4   objective rooms: 1   breach points: 2
    vertical links: 3   unreachable rooms: 0
    routes to objective (min): 1   chokepoints: none
    errors: 0   warnings: 0
  poly estimate for 07_police_station:
    ~1188 tris across 57 mesh pieces (Environment budget: 50-500 target, 1000 cap per piece)
    biggest piece: ext_S_0 (~60 tris)
  enterability: 5 usable entry(s) (3 door/garage, 4 standing) on walls ['E', 'N', 'S', 'W']
  ENTRY-WARN: crouch-only entry on the S wall: 1.4 m tall.
  ENTRY-NOTE: entry swing/vault clearance on both faces is a walk-test fact ù offline can't confirm the space is physically clear.
  navigability (offline proxy) for 07_police_station:
    narrow openings: 8   isolated rooms: 0   (authoritative check = bake a navmesh in Godot)
  NAV-WARN: NAV: 8 opening(s) narrower than ~1.2m may block a 0.4m-radius nav agent: 1.00m door (ext W@0), 1.20m door (partition #0@0), 1.20m door (partition #0@0), 1.20m door (partition #1@0), 1.20m door (partition #2@0), 1.20m door (partition #3@1), 1.20m door (partition #3@1), 1.00m door (partition #4@1). (Widen, or confirm your agent radius is smaller; verify with a real navmesh.)
  stairwell systems for 07_police_station:
    systems: 1   egress-role: 0   classified: 1   routes: room-graph   (authoritative check = walk it; this is room-graph intel)
  STAIR-WARN: STAIRWELL STAIR_NOT_ENCLOSED: '07_police_station_stair_0' sits inside 'holding_cells' (role 'fortifiable') on story 0, not a stairwell -- it reads as a stair sprouting in the middle of an open room. Enclose it in a dedicated stairwell/corridor room (role in ['connector', 'corridor', 'hall', 'hallway', 'service', 'stairwell']) with a doored approach.
  STAIR-WARN: STAIRWELL STAIR_LATERAL_OPEN: '07_police_station_stair_0' S side of the flight is open (largest gap 2.50 m > 0.5 m envelope) -- a stair floating open in the floor plate: a body walks/is pushed off the side, and the shaft reads as a hole in the AI navmesh. Fix by relocating it against a wall/corridor (stair_place edge zones) or enclosing the side with a wall or guard along the full flight and landing. A guarded feature stair is fine; a bare mid-floor one is not.
  STAIR-WARN: STAIRWELL STAIR_LATERAL_OPEN: '07_police_station_stair_0' N side of the flight is open (largest gap 4.00 m > 0.5 m envelope) -- a stair floating open in the floor plate: a body walks/is pushed off the side, and the shaft reads as a hole in the AI navmesh. Fix by relocating it against a wall/corridor (stair_place edge zones) or enclosing the side with a wall or guard along the full flight and landing. A guarded feature stair is fine; a bare mid-floor one is not.
  ladder systems for 07_police_station:
    ladders: 1   secondary-escape: 0   routes: room-graph   (a ladder is never ordinary egress; this is room-graph intel)
  floorplan: 3 story SVG(s) -> build/floorplans/ (07_police_station.floor0.svg, 07_police_station.floor1.svg, 07_police_station.floor2.svg)
    [ground]  (191 samples)
      death lane (longest clear sightline): 35.3 m  [long]
      intent mismatch: room 'holding_cells' authored 'close' but plays 'medium' (15.0 m sightline)
    [floor 1]  (200 samples)
      death lane (longest clear sightline): 35.1 m  [long]
      objective room 'armory': 2 entries
      intent mismatch: room 'detective_offices' authored 'medium' but plays 'long' (35.1 m sightline)
      intent mismatch: room 'interrogation' authored 'close' but plays 'long' (22.8 m sightline)
      intent mismatch: room 'armory' authored 'close' but plays 'medium' (13.4 m sightline)
    [floor 2]  (0 samples)
      death lane (longest clear sightline): 0.0 m  [close]
  sightlines: 3 overlay SVG(s) -> build/floorplans/
  -> OK

== airport_terminal_a01.json ==
  loader OK: 'airport_terminal_a01', 1 stories, 11 features, 0 assets
  scorecard for airport_terminal_a01 [assault]:
    floors: 1   rooms: 3   markers: 7
    attacker entries: 6   objective rooms: 1   breach points: 2
    vertical links: 1   unreachable rooms: 0
    routes to objective (min): 1   chokepoints: none
    errors: 0   warnings: 0
  poly estimate for airport_terminal_a01:
    ~732 tris across 35 mesh pieces (Environment budget: 50-500 target, 1000 cap per piece)
    biggest piece: ext_S_0 (~84 tris)
  enterability: 6 usable entry(s) (5 door/garage, 6 standing) on walls ['E', 'N', 'S', 'W']
  ENTRY-NOTE: entry swing/vault clearance on both faces is a walk-test fact ù offline can't confirm the space is physically clear.
  navigability (offline proxy) for airport_terminal_a01:
    narrow openings: 0   isolated rooms: 0   (authoritative check = bake a navmesh in Godot)
  ladder systems for airport_terminal_a01:
    ladders: 1   secondary-escape: 0   routes: room-graph   (a ladder is never ordinary egress; this is room-graph intel)
  pvp_heist profile for airport_terminal_a01:
    attackers: 2   defenders: 1   objective rooms: customs_office
    disjoint routes: 2   extraction via: extraction-facing exit (entry rooms)   protected rotation: yes
    flank: entries on faces ['E', 'N', 'S', 'W']   breaches: 2   stairs: 0   ladders: 1
  floorplan: 1 story SVG(s) -> build/floorplans/ (airport_terminal_a01.floor0.svg)
    [ground]  (185 samples)
      death lane (longest clear sightline): 56.9 m  [long]
      longest exposed approach (no cover within 2.5 m): 30.0 m
      objective room 'customs_office': 4 entries
      intent mismatch: room 'customs_office' authored 'close' but plays 'medium' (12.7 m sightline)
      intent mismatch: room 'baggage_band' authored 'medium' but plays 'long' (42.0 m sightline)
  sightlines: 1 overlay SVG(s) -> build/floorplans/
  -> OK

== airport_terminal_a02.json ==
  loader OK: 'airport_terminal_a02', 1 stories, 11 features, 0 assets
  TACTICAL-WARN: stair #0 pitch 50deg is at/over the 45deg walkable limit -- the ramp collider won't be climbable. Lengthen run (>= 8.4m for ~35deg) or add a controller step-up.
  TACTICAL-WARN: stair #1 pitch 50deg is at/over the 45deg walkable limit -- the ramp collider won't be climbable. Lengthen run (>= 8.4m for ~35deg) or add a controller step-up.
  scorecard for airport_terminal_a02 [assault]:
    floors: 2   rooms: 4   markers: 7
    attacker entries: 6   objective rooms: 1   breach points: 2
    vertical links: 2   unreachable rooms: 0
    routes to objective (min): 1   chokepoints: none
    errors: 0   warnings: 0
  poly estimate for airport_terminal_a02:
    ~1164 tris across 71 mesh pieces (Environment budget: 50-500 target, 1000 cap per piece)
    biggest piece: ext_S_0 (~84 tris)
  enterability: 6 usable entry(s) (5 door/garage, 6 standing) on walls ['E', 'N', 'S', 'W']
  ENTRY-NOTE: entry swing/vault clearance on both faces is a walk-test fact ù offline can't confirm the space is physically clear.
  navigability (offline proxy) for airport_terminal_a02:
    narrow openings: 0   isolated rooms: 0   (authoritative check = bake a navmesh in Godot)
  stairwell systems for airport_terminal_a02:
    systems: 2   egress-role: 0   classified: 2   routes: room-graph   (authoritative check = walk it; this is room-graph intel)
  STAIR-WARN: STAIRWELL STAIR_LATERAL_OPEN: 'at02_stair_n' S side of the flight is open (largest gap 5.10 m > 0.5 m envelope) -- a stair floating open in the floor plate: a body walks/is pushed off the side, and the shaft reads as a hole in the AI navmesh. Fix by relocating it against a wall/corridor (stair_place edge zones) or enclosing the side with a wall or guard along the full flight and landing. A guarded feature stair is fine; a bare mid-floor one is not.
  STAIR-WARN: STAIRWELL STAIR_LATERAL_OPEN: 'at02_stair_n' N side of the flight is open (largest gap 5.10 m > 0.5 m envelope) -- a stair floating open in the floor plate: a body walks/is pushed off the side, and the shaft reads as a hole in the AI navmesh. Fix by relocating it against a wall/corridor (stair_place edge zones) or enclosing the side with a wall or guard along the full flight and landing. A guarded feature stair is fine; a bare mid-floor one is not.
  STAIR-WARN: STAIRWELL STAIR_NOT_ENCLOSED: 'at02_stair_s' sits inside 'checkin_hall' (role 'public_entry') on story 0, not a stairwell -- it reads as a stair sprouting in the middle of an open room. Enclose it in a dedicated stairwell/corridor room (role in ['connector', 'corridor', 'hall', 'hallway', 'service', 'stairwell']) with a doored approach.
  STAIR-WARN: STAIRWELL STAIR_LATERAL_OPEN: 'at02_stair_s' S side of the flight is open (largest gap 5.10 m > 0.5 m envelope) -- a stair floating open in the floor plate: a body walks/is pushed off the side, and the shaft reads as a hole in the AI navmesh. Fix by relocating it against a wall/corridor (stair_place edge zones) or enclosing the side with a wall or guard along the full flight and landing. A guarded feature stair is fine; a bare mid-floor one is not.
  STAIR-WARN: STAIRWELL STAIR_LATERAL_OPEN: 'at02_stair_s' N side of the flight is open (largest gap 5.10 m > 0.5 m envelope) -- a stair floating open in the floor plate: a body walks/is pushed off the side, and the shaft reads as a hole in the AI navmesh. Fix by relocating it against a wall/corridor (stair_place edge zones) or enclosing the side with a wall or guard along the full flight and landing. A guarded feature stair is fine; a bare mid-floor one is not.
  pvp_heist profile for airport_terminal_a02:
    attackers: 2   defenders: 1   objective rooms: bond_store
    disjoint routes: 3   extraction via: extraction-facing exit (entry rooms)   protected rotation: yes
    flank: entries on faces ['E', 'N', 'S', 'W']   breaches: 2   stairs: 2   ladders: 0
  floorplan: 2 story SVG(s) -> build/floorplans/ (airport_terminal_a02.floorB.svg, airport_terminal_a02.floor0.svg)
    [basement]  (189 samples)
      death lane (longest clear sightline): 54.2 m  [long]
      objective room 'bond_store': 2 entries
      intent mismatch: room 'under_hall' authored 'medium' but plays 'long' (38.4 m sightline)
      intent mismatch: room 'bond_store' authored 'close' but plays 'long' (36.3 m sightline)
    [ground]  (189 samples)
      death lane (longest clear sightline): 54.8 m  [long]
      intent mismatch: room 'baggage_band' authored 'medium' but plays 'long' (52.7 m sightline)
  sightlines: 2 overlay SVG(s) -> build/floorplans/
  -> OK

== airport_terminal_a03.json ==
  loader OK: 'airport_terminal_a03', 2 stories, 13 features, 0 assets
  TACTICAL-WARN: stair #0 pitch 49deg is at/over the 45deg walkable limit -- the ramp collider won't be climbable. Lengthen run (>= 7.7m for ~35deg) or add a controller step-up.
  scorecard for airport_terminal_a03 [assault]:
    floors: 2   rooms: 5   markers: 7
    attacker entries: 6   objective rooms: 1   breach points: 2
    vertical links: 2   unreachable rooms: 0
    routes to objective (min): 1   chokepoints: none
    errors: 0   warnings: 0
  poly estimate for airport_terminal_a03:
    ~1188 tris across 65 mesh pieces (Environment budget: 50-500 target, 1000 cap per piece)
    biggest piece: ext_S_0 (~84 tris)
  enterability: 6 usable entry(s) (5 door/garage, 6 standing) on walls ['E', 'N', 'S', 'W']
  ENTRY-NOTE: entry swing/vault clearance on both faces is a walk-test fact ù offline can't confirm the space is physically clear.
  navigability (offline proxy) for airport_terminal_a03:
    narrow openings: 0   isolated rooms: 0   (authoritative check = bake a navmesh in Godot)
  stairwell systems for airport_terminal_a03:
    systems: 1   egress-role: 0   classified: 1   routes: room-graph   (authoritative check = walk it; this is room-graph intel)
  STAIR-WARN: STAIRWELL STAIR_NOT_ENCLOSED: 'at03_stair_0' sits inside 'concourse' (role 'public_entry') on story 0, not a stairwell -- it reads as a stair sprouting in the middle of an open room. Enclose it in a dedicated stairwell/corridor room (role in ['connector', 'corridor', 'hall', 'hallway', 'service', 'stairwell']) with a doored approach.
  STAIR-WARN: STAIRWELL STAIR_LATERAL_OPEN: 'at03_stair_0' W side of the flight is open (largest gap 4.70 m > 0.5 m envelope) -- a stair floating open in the floor plate: a body walks/is pushed off the side, and the shaft reads as a hole in the AI navmesh. Fix by relocating it against a wall/corridor (stair_place edge zones) or enclosing the side with a wall or guard along the full flight and landing. A guarded feature stair is fine; a bare mid-floor one is not.
  STAIR-WARN: STAIRWELL STAIR_LATERAL_OPEN: 'at03_stair_0' E side of the flight is open (largest gap 4.70 m > 0.5 m envelope) -- a stair floating open in the floor plate: a body walks/is pushed off the side, and the shaft reads as a hole in the AI navmesh. Fix by relocating it against a wall/corridor (stair_place edge zones) or enclosing the side with a wall or guard along the full flight and landing. A guarded feature stair is fine; a bare mid-floor one is not.
  ladder systems for airport_terminal_a03:
    ladders: 1   secondary-escape: 0   routes: room-graph   (a ladder is never ordinary egress; this is room-graph intel)
  pvp_heist profile for airport_terminal_a03:
    attackers: 2   defenders: 1   objective rooms: ops_control
    disjoint routes: 4   extraction via: extraction-facing exit (entry rooms)   protected rotation: yes
    flank: entries on faces ['E', 'N', 'S', 'W']   breaches: 2   stairs: 1   ladders: 1
  floorplan: 2 story SVG(s) -> build/floorplans/ (airport_terminal_a03.floor0.svg, airport_terminal_a03.floor1.svg)
    [ground]  (209 samples)
      death lane (longest clear sightline): 50.8 m  [long]
      intent mismatch: room 'concourse' authored 'medium' but plays 'long' (50.8 m sightline)
      intent mismatch: room 'baggage_band' authored 'medium' but plays 'long' (48.2 m sightline)
    [floor 1]  (198 samples)
      death lane (longest clear sightline): 49.6 m  [long]
      objective room 'ops_control': 3 entries
      intent mismatch: room 'upper_ring' authored 'medium' but plays 'long' (48.8 m sightline)
      intent mismatch: room 'upper_west' authored 'close' but plays 'long' (32.8 m sightline)
      intent mismatch: room 'ops_control' authored 'close' but plays 'medium' (17.5 m sightline)
  sightlines: 2 overlay SVG(s) -> build/floorplans/
  -> OK

== apartment_walkup_a01.json ==
  loader OK: 'apartment_walkup_a01', 2 stories, 12 features, 0 assets
  TACTICAL-WARN: stair #0 pitch 39deg is steep (walkable but uncomfortable); run >= 4.5m gives a gentler ~35deg.
  TACTICAL-WARN: stair #1 pitch 39deg is steep (walkable but uncomfortable); run >= 4.5m gives a gentler ~35deg.
  scorecard for apartment_walkup_a01 [assault]:
    floors: 3   rooms: 7   markers: 7
    attacker entries: 4   objective rooms: 1   breach points: 4
    vertical links: 5   unreachable rooms: 0
    routes to objective (min): 1   chokepoints: none
    errors: 0   warnings: 0
  poly estimate for apartment_walkup_a01:
    ~1020 tris across 59 mesh pieces (Environment budget: 50-500 target, 1000 cap per piece)
    biggest piece: ext_S_0 (~84 tris)
  enterability: 5 usable entry(s) (2 door/garage, 4 standing) on walls ['N', 'S']
  ENTRY-WARN: crouch-only entry on the S wall: 1.4 m tall.
  ENTRY-NOTE: entry swing/vault clearance on both faces is a walk-test fact ù offline can't confirm the space is physically clear.
  navigability (offline proxy) for apartment_walkup_a01:
    narrow openings: 0   isolated rooms: 0   (authoritative check = bake a navmesh in Godot)
  stairwell systems for apartment_walkup_a01:
    systems: 2   egress-role: 0   classified: 2   routes: room-graph   (authoritative check = walk it; this is room-graph intel)
  STAIR-WARN: STAIRWELL STAIR_NOT_ENCLOSED: 'aw01_stair_dn' sits inside 'front_hall' (role 'public_entry') on story 0, not a stairwell -- it reads as a stair sprouting in the middle of an open room. Enclose it in a dedicated stairwell/corridor room (role in ['connector', 'corridor', 'hall', 'hallway', 'service', 'stairwell']) with a doored approach.
  STAIR-WARN: STAIRWELL STAIR_LATERAL_OPEN: 'aw01_stair_dn' S side of the flight is open (largest gap 4.00 m > 0.5 m envelope) -- a stair floating open in the floor plate: a body walks/is pushed off the side, and the shaft reads as a hole in the AI navmesh. Fix by relocating it against a wall/corridor (stair_place edge zones) or enclosing the side with a wall or guard along the full flight and landing. A guarded feature stair is fine; a bare mid-floor one is not.
  STAIR-WARN: STAIRWELL STAIR_LATERAL_OPEN: 'aw01_stair_dn' N side of the flight is open (largest gap 4.00 m > 0.5 m envelope) -- a stair floating open in the floor plate: a body walks/is pushed off the side, and the shaft reads as a hole in the AI navmesh. Fix by relocating it against a wall/corridor (stair_place edge zones) or enclosing the side with a wall or guard along the full flight and landing. A guarded feature stair is fine; a bare mid-floor one is not.
  STAIR-WARN: STAIRWELL STAIR_VOLUME_INVADED: 'aw01_stair_up' reserved volume is occupied by volume 'kitchen_counter_cover' -- stair runs, landings, and discharge are reserved space, not leftover space (Rule 10).
  STAIR-WARN: STAIRWELL STAIR_LATERAL_OPEN: 'aw01_stair_up' W side of the flight is open (largest gap 2.10 m > 0.5 m envelope) -- a stair floating open in the floor plate: a body walks/is pushed off the side, and the shaft reads as a hole in the AI navmesh. Fix by relocating it against a wall/corridor (stair_place edge zones) or enclosing the side with a wall or guard along the full flight and landing. A guarded feature stair is fine; a bare mid-floor one is not.
  STAIR-WARN: STAIRWELL STAIR_LATERAL_OPEN: 'aw01_stair_up' E side of the flight is open (largest gap 4.00 m > 0.5 m envelope) -- a stair floating open in the floor plate: a body walks/is pushed off the side, and the shaft reads as a hole in the AI navmesh. Fix by relocating it against a wall/corridor (stair_place edge zones) or enclosing the side with a wall or guard along the full flight and landing. A guarded feature stair is fine; a bare mid-floor one is not.
  ladder systems for apartment_walkup_a01:
    ladders: 1   secondary-escape: 1   routes: room-graph   (a ladder is never ordinary egress; this is room-graph intel)
  LADDER-WARN: LADDER LEGACY_FIRE_ESCAPE_PROFILE: 'fire_escape_drop_ladder' counts as secondary escape -- this depends on an existing-building exception; confirm the profile allows it (s15.2).
  pvp_heist profile for apartment_walkup_a01:
    attackers: 2   defenders: 1   objective rooms: basement_vault
    disjoint routes: 3   extraction via: extraction-facing exit (entry rooms)   protected rotation: yes
    flank: entries on faces ['N', 'S']   breaches: 4   stairs: 2   ladders: 1
  floorplan: 3 story SVG(s) -> build/floorplans/ (apartment_walkup_a01.floorB.svg, apartment_walkup_a01.floor0.svg, apartment_walkup_a01.floor1.svg)
    [basement]  (165 samples)
      death lane (longest clear sightline): 25.4 m  [long]
      objective room 'basement_vault': 2 entries
      intent mismatch: room 'basement_vault' authored 'close' but plays 'medium' (16.8 m sightline)
    [ground]  (174 samples)
      death lane (longest clear sightline): 23.5 m  [long]
      intent mismatch: room 'kitchen' authored 'close' but plays 'medium' (11.7 m sightline)
    [floor 1]  (180 samples)
      death lane (longest clear sightline): 25.0 m  [long]
      intent mismatch: room 'office' authored 'medium' but plays 'long' (20.4 m sightline)
      intent mismatch: room 'bedroom' authored 'close' but plays 'medium' (18.1 m sightline)
  sightlines: 3 overlay SVG(s) -> build/floorplans/
  -> OK

== apartment_walkup_a02.json ==
  loader OK: 'apartment_walkup_a02', 2 stories, 8 features, 0 assets
  TACTICAL-WARN: stair #0 pitch 39deg is steep (walkable but uncomfortable); run >= 4.5m gives a gentler ~35deg.
  scorecard for apartment_walkup_a02 [assault]:
    floors: 2   rooms: 5   markers: 7
    attacker entries: 3   objective rooms: 1   breach points: 2
    vertical links: 1   unreachable rooms: 0
    routes to objective (min): 1   chokepoints: none
    errors: 0   warnings: 0
  poly estimate for apartment_walkup_a02:
    ~612 tris across 25 mesh pieces (Environment budget: 50-500 target, 1000 cap per piece)
    biggest piece: ext_S_0 (~60 tris)
  enterability: 4 usable entry(s) (2 door/garage, 3 standing) on walls ['N', 'S']
  ENTRY-WARN: crouch-only entry on the S wall: 1.4 m tall.
  ENTRY-NOTE: entry swing/vault clearance on both faces is a walk-test fact ù offline can't confirm the space is physically clear.
  navigability (offline proxy) for apartment_walkup_a02:
    narrow openings: 0   isolated rooms: 0   (authoritative check = bake a navmesh in Godot)
  stairwell systems for apartment_walkup_a02:
    systems: 1   egress-role: 0   classified: 1   routes: room-graph   (authoritative check = walk it; this is room-graph intel)
  STAIR-WARN: STAIRWELL STAIR_NOT_ENCLOSED: 'aw02_stair_0' sits inside 'parlor' (role 'public_entry') on story 0, not a stairwell -- it reads as a stair sprouting in the middle of an open room. Enclose it in a dedicated stairwell/corridor room (role in ['connector', 'corridor', 'hall', 'hallway', 'service', 'stairwell']) with a doored approach.
  STAIR-WARN: STAIRWELL STAIR_LATERAL_OPEN: 'aw02_stair_0' W side of the flight is open (largest gap 4.00 m > 0.5 m envelope) -- a stair floating open in the floor plate: a body walks/is pushed off the side, and the shaft reads as a hole in the AI navmesh. Fix by relocating it against a wall/corridor (stair_place edge zones) or enclosing the side with a wall or guard along the full flight and landing. A guarded feature stair is fine; a bare mid-floor one is not.
  STAIR-WARN: STAIRWELL STAIR_LATERAL_OPEN: 'aw02_stair_0' E side of the flight is open (largest gap 4.00 m > 0.5 m envelope) -- a stair floating open in the floor plate: a body walks/is pushed off the side, and the shaft reads as a hole in the AI navmesh. Fix by relocating it against a wall/corridor (stair_place edge zones) or enclosing the side with a wall or guard along the full flight and landing. A guarded feature stair is fine; a bare mid-floor one is not.
  pvp_heist profile for apartment_walkup_a02:
    attackers: 2   defenders: 1   objective rooms: safe_flat
    disjoint routes: 4   extraction via: extraction-facing exit (entry rooms)   protected rotation: yes
    flank: entries on faces ['N', 'S']   breaches: 2   stairs: 1   ladders: 0
  floorplan: 2 story SVG(s) -> build/floorplans/ (apartment_walkup_a02.floor0.svg, apartment_walkup_a02.floor1.svg)
    [ground]  (143 samples)
      death lane (longest clear sightline): 20.8 m  [long]
      intent mismatch: room 'kitchen' authored 'close' but plays 'medium' (19.0 m sightline)
    [floor 1]  (130 samples)
      death lane (longest clear sightline): 19.7 m  [medium]
      objective room 'safe_flat': 3 entries
      intent mismatch: room 'front_flat' authored 'close' but plays 'medium' (12.1 m sightline)
      intent mismatch: room 'safe_flat' authored 'close' but plays 'medium' (8.5 m sightline)
  sightlines: 2 overlay SVG(s) -> build/floorplans/
  -> OK

== apartment_walkup_a03.json ==
  loader OK: 'apartment_walkup_a03', 2 stories, 8 features, 0 assets
  TACTICAL-WARN: stair #0 pitch 39deg is steep (walkable but uncomfortable); run >= 4.5m gives a gentler ~35deg.
  scorecard for apartment_walkup_a03 [assault]:
    floors: 2   rooms: 4   markers: 7
    attacker entries: 4   objective rooms: 1   breach points: 2
    vertical links: 1   unreachable rooms: 0
    routes to objective (min): 1   chokepoints: none
    errors: 0   warnings: 0
  poly estimate for apartment_walkup_a03:
    ~564 tris across 25 mesh pieces (Environment budget: 50-500 target, 1000 cap per piece)
    biggest piece: ext_S_0 (~60 tris)
  enterability: 5 usable entry(s) (3 door/garage, 4 standing) on walls ['E', 'N', 'S', 'W']
  ENTRY-WARN: crouch-only entry on the S wall: 1.4 m tall.
  ENTRY-NOTE: entry swing/vault clearance on both faces is a walk-test fact ù offline can't confirm the space is physically clear.
  navigability (offline proxy) for apartment_walkup_a03:
    narrow openings: 0   isolated rooms: 0   (authoritative check = bake a navmesh in Godot)
  stairwell systems for apartment_walkup_a03:
    systems: 1   egress-role: 0   classified: 1   routes: room-graph   (authoritative check = walk it; this is room-graph intel)
  STAIR-WARN: STAIRWELL STAIR_NOT_ENCLOSED: 'aw03_stair_0' sits inside 'living_floor' (role 'public_entry') on story 0, not a stairwell -- it reads as a stair sprouting in the middle of an open room. Enclose it in a dedicated stairwell/corridor room (role in ['connector', 'corridor', 'hall', 'hallway', 'service', 'stairwell']) with a doored approach.
  STAIR-WARN: STAIRWELL STAIR_LATERAL_OPEN: 'aw03_stair_0' W side of the flight is open (largest gap 4.00 m > 0.5 m envelope) -- a stair floating open in the floor plate: a body walks/is pushed off the side, and the shaft reads as a hole in the AI navmesh. Fix by relocating it against a wall/corridor (stair_place edge zones) or enclosing the side with a wall or guard along the full flight and landing. A guarded feature stair is fine; a bare mid-floor one is not.
  STAIR-WARN: STAIRWELL STAIR_LATERAL_OPEN: 'aw03_stair_0' E side of the flight is open (largest gap 4.00 m > 0.5 m envelope) -- a stair floating open in the floor plate: a body walks/is pushed off the side, and the shaft reads as a hole in the AI navmesh. Fix by relocating it against a wall/corridor (stair_place edge zones) or enclosing the side with a wall or guard along the full flight and landing. A guarded feature stair is fine; a bare mid-floor one is not.
  pvp_heist profile for apartment_walkup_a03:
    attackers: 2   defenders: 1   objective rooms: garage_cage
    disjoint routes: 3   extraction via: extraction-facing exit (entry rooms)   protected rotation: yes
    flank: entries on faces ['E', 'N', 'S', 'W']   breaches: 2   stairs: 1   ladders: 0
  floorplan: 2 story SVG(s) -> build/floorplans/ (apartment_walkup_a03.floor0.svg, apartment_walkup_a03.floor1.svg)
    [ground]  (154 samples)
      death lane (longest clear sightline): 23.3 m  [long]
      longest exposed approach (no cover within 2.5 m): 21.0 m
      objective room 'garage_cage': 4 entries
      weak cover 'None': in LOS of 1/2 attacker spawns
      intent mismatch: room 'garage_cage' authored 'close' but plays 'medium' (16.2 m sightline)
    [floor 1]  (150 samples)
      death lane (longest clear sightline): 22.5 m  [long]
      intent mismatch: room 'upper_front' authored 'medium' but plays 'long' (21.8 m sightline)
      intent mismatch: room 'upper_rear' authored 'close' but plays 'long' (21.8 m sightline)
  sightlines: 2 overlay SVG(s) -> build/floorplans/
  -> OK

== arena_a01.json ==
  loader OK: 'arena_a01', 1 stories, 11 features, 0 assets
  TACTICAL-WARN: stair #0 pitch 50deg is at/over the 45deg walkable limit -- the ramp collider won't be climbable. Lengthen run (>= 8.4m for ~35deg) or add a controller step-up.
  TACTICAL-WARN: stair #1 pitch 50deg is at/over the 45deg walkable limit -- the ramp collider won't be climbable. Lengthen run (>= 8.4m for ~35deg) or add a controller step-up.
  scorecard for arena_a01 [assault]:
    floors: 2   rooms: 4   markers: 7
    attacker entries: 6   objective rooms: 1   breach points: 2
    vertical links: 2   unreachable rooms: 0
    routes to objective (min): 1   chokepoints: none
    errors: 0   warnings: 0
  poly estimate for arena_a01:
    ~1164 tris across 71 mesh pieces (Environment budget: 50-500 target, 1000 cap per piece)
    biggest piece: ext_S_0 (~84 tris)
  enterability: 6 usable entry(s) (5 door/garage, 6 standing) on walls ['E', 'N', 'S', 'W']
  ENTRY-NOTE: entry swing/vault clearance on both faces is a walk-test fact ù offline can't confirm the space is physically clear.
  navigability (offline proxy) for arena_a01:
    narrow openings: 0   isolated rooms: 0   (authoritative check = bake a navmesh in Godot)
  stairwell systems for arena_a01:
    systems: 2   egress-role: 0   classified: 2   routes: room-graph   (authoritative check = walk it; this is room-graph intel)
  STAIR-WARN: STAIRWELL STAIR_LATERAL_OPEN: 'ar01_stair_n' S side of the flight is open (largest gap 5.10 m > 0.5 m envelope) -- a stair floating open in the floor plate: a body walks/is pushed off the side, and the shaft reads as a hole in the AI navmesh. Fix by relocating it against a wall/corridor (stair_place edge zones) or enclosing the side with a wall or guard along the full flight and landing. A guarded feature stair is fine; a bare mid-floor one is not.
  STAIR-WARN: STAIRWELL STAIR_LATERAL_OPEN: 'ar01_stair_n' N side of the flight is open (largest gap 5.10 m > 0.5 m envelope) -- a stair floating open in the floor plate: a body walks/is pushed off the side, and the shaft reads as a hole in the AI navmesh. Fix by relocating it against a wall/corridor (stair_place edge zones) or enclosing the side with a wall or guard along the full flight and landing. A guarded feature stair is fine; a bare mid-floor one is not.
  STAIR-WARN: STAIRWELL STAIR_NOT_ENCLOSED: 'ar01_stair_s' sits inside 'event_floor' (role 'public_entry') on story 0, not a stairwell -- it reads as a stair sprouting in the middle of an open room. Enclose it in a dedicated stairwell/corridor room (role in ['connector', 'corridor', 'hall', 'hallway', 'service', 'stairwell']) with a doored approach.
  STAIR-WARN: STAIRWELL STAIR_LATERAL_OPEN: 'ar01_stair_s' S side of the flight is open (largest gap 5.10 m > 0.5 m envelope) -- a stair floating open in the floor plate: a body walks/is pushed off the side, and the shaft reads as a hole in the AI navmesh. Fix by relocating it against a wall/corridor (stair_place edge zones) or enclosing the side with a wall or guard along the full flight and landing. A guarded feature stair is fine; a bare mid-floor one is not.
  STAIR-WARN: STAIRWELL STAIR_LATERAL_OPEN: 'ar01_stair_s' N side of the flight is open (largest gap 5.10 m > 0.5 m envelope) -- a stair floating open in the floor plate: a body walks/is pushed off the side, and the shaft reads as a hole in the AI navmesh. Fix by relocating it against a wall/corridor (stair_place edge zones) or enclosing the side with a wall or guard along the full flight and landing. A guarded feature stair is fine; a bare mid-floor one is not.
  pvp_heist profile for arena_a01:
    attackers: 2   defenders: 1   objective rooms: vault_room
    disjoint routes: 3   extraction via: extraction-facing exit (entry rooms)   protected rotation: yes
    flank: entries on faces ['E', 'N', 'S', 'W']   breaches: 2   stairs: 2   ladders: 0
  floorplan: 2 story SVG(s) -> build/floorplans/ (arena_a01.floorB.svg, arena_a01.floor0.svg)
    [basement]  (216 samples)
      death lane (longest clear sightline): 54.1 m  [long]
      objective room 'vault_room': 2 entries
      intent mismatch: room 'under_hall' authored 'medium' but plays 'long' (39.4 m sightline)
      intent mismatch: room 'vault_room' authored 'close' but plays 'long' (39.4 m sightline)
    [ground]  (215 samples)
      death lane (longest clear sightline): 59.2 m  [long]
      intent mismatch: room 'back_of_house' authored 'medium' but plays 'long' (52.8 m sightline)
  sightlines: 2 overlay SVG(s) -> build/floorplans/
  -> OK

== arena_a02.json ==
  loader OK: 'arena_a02', 1 stories, 11 features, 0 assets
  scorecard for arena_a02 [assault]:
    floors: 1   rooms: 3   markers: 7
    attacker entries: 6   objective rooms: 1   breach points: 2
    vertical links: 1   unreachable rooms: 0
    routes to objective (min): 1   chokepoints: none
    errors: 0   warnings: 0
  poly estimate for arena_a02:
    ~732 tris across 35 mesh pieces (Environment budget: 50-500 target, 1000 cap per piece)
    biggest piece: ext_S_0 (~84 tris)
  enterability: 6 usable entry(s) (5 door/garage, 6 standing) on walls ['E', 'N', 'S', 'W']
  ENTRY-NOTE: entry swing/vault clearance on both faces is a walk-test fact ù offline can't confirm the space is physically clear.
  navigability (offline proxy) for arena_a02:
    narrow openings: 0   isolated rooms: 0   (authoritative check = bake a navmesh in Godot)
  ladder systems for arena_a02:
    ladders: 1   secondary-escape: 0   routes: room-graph   (a ladder is never ordinary egress; this is room-graph intel)
  pvp_heist profile for arena_a02:
    attackers: 2   defenders: 1   objective rooms: box_office
    disjoint routes: 2   extraction via: extraction-facing exit (entry rooms)   protected rotation: yes
    flank: entries on faces ['E', 'N', 'S', 'W']   breaches: 2   stairs: 0   ladders: 1
  floorplan: 1 story SVG(s) -> build/floorplans/ (arena_a02.floor0.svg)
    [ground]  (182 samples)
      death lane (longest clear sightline): 51.9 m  [long]
      longest exposed approach (no cover within 2.5 m): 33.0 m
      objective room 'box_office': 4 entries
      intent mismatch: room 'box_office' authored 'close' but plays 'medium' (10.6 m sightline)
      intent mismatch: room 'back_of_house' authored 'medium' but plays 'long' (38.2 m sightline)
  sightlines: 1 overlay SVG(s) -> build/floorplans/
  -> OK

== arena_a03.json ==
  loader OK: 'arena_a03', 2 stories, 12 features, 0 assets
  TACTICAL-WARN: stair #0 pitch 50deg is at/over the 45deg walkable limit -- the ramp collider won't be climbable. Lengthen run (>= 8.4m for ~35deg) or add a controller step-up.
  scorecard for arena_a03 [assault]:
    floors: 2   rooms: 5   markers: 7
    attacker entries: 6   objective rooms: 1   breach points: 2
    vertical links: 2   unreachable rooms: 0
    routes to objective (min): 1   chokepoints: none
    errors: 0   warnings: 0
  poly estimate for arena_a03:
    ~1224 tris across 68 mesh pieces (Environment budget: 50-500 target, 1000 cap per piece)
    biggest piece: ext_S_0 (~84 tris)
  enterability: 6 usable entry(s) (5 door/garage, 6 standing) on walls ['E', 'N', 'S', 'W']
  ENTRY-NOTE: entry swing/vault clearance on both faces is a walk-test fact ù offline can't confirm the space is physically clear.
  navigability (offline proxy) for arena_a03:
    narrow openings: 0   isolated rooms: 0   (authoritative check = bake a navmesh in Godot)
  stairwell systems for arena_a03:
    systems: 1   egress-role: 0   classified: 1   routes: room-graph   (authoritative check = walk it; this is room-graph intel)
  STAIR-WARN: STAIRWELL STAIR_NOT_ENCLOSED: 'ar03_stair_0' sits inside 'event_floor' (role 'public_entry') on story 0, not a stairwell -- it reads as a stair sprouting in the middle of an open room. Enclose it in a dedicated stairwell/corridor room (role in ['connector', 'corridor', 'hall', 'hallway', 'service', 'stairwell']) with a doored approach.
  STAIR-WARN: STAIRWELL STAIR_LATERAL_OPEN: 'ar03_stair_0' W side of the flight is open (largest gap 5.10 m > 0.5 m envelope) -- a stair floating open in the floor plate: a body walks/is pushed off the side, and the shaft reads as a hole in the AI navmesh. Fix by relocating it against a wall/corridor (stair_place edge zones) or enclosing the side with a wall or guard along the full flight and landing. A guarded feature stair is fine; a bare mid-floor one is not.
  STAIR-WARN: STAIRWELL STAIR_LATERAL_OPEN: 'ar03_stair_0' E side of the flight is open (largest gap 5.10 m > 0.5 m envelope) -- a stair floating open in the floor plate: a body walks/is pushed off the side, and the shaft reads as a hole in the AI navmesh. Fix by relocating it against a wall/corridor (stair_place edge zones) or enclosing the side with a wall or guard along the full flight and landing. A guarded feature stair is fine; a bare mid-floor one is not.
  ladder systems for arena_a03:
    ladders: 1   secondary-escape: 0   routes: room-graph   (a ladder is never ordinary egress; this is room-graph intel)
  pvp_heist profile for arena_a03:
    attackers: 2   defenders: 1   objective rooms: skybox_suite
    disjoint routes: 4   extraction via: extraction-facing exit (entry rooms)   protected rotation: yes
    flank: entries on faces ['E', 'N', 'S', 'W']   breaches: 2   stairs: 1   ladders: 1
  floorplan: 2 story SVG(s) -> build/floorplans/ (arena_a03.floor0.svg, arena_a03.floor1.svg)
    [ground]  (182 samples)
      death lane (longest clear sightline): 54.1 m  [long]
      intent mismatch: room 'back_of_house' authored 'medium' but plays 'long' (51.8 m sightline)
    [floor 1]  (190 samples)
      death lane (longest clear sightline): 53.2 m  [long]
      objective room 'skybox_suite': 3 entries
      intent mismatch: room 'upper_ring' authored 'medium' but plays 'long' (53.2 m sightline)
      intent mismatch: room 'upper_west' authored 'close' but plays 'long' (34.3 m sightline)
      intent mismatch: room 'skybox_suite' authored 'close' but plays 'long' (21.2 m sightline)
  sightlines: 2 overlay SVG(s) -> build/floorplans/
  -> OK

== auto_shop_a01.json ==
  loader OK: 'auto_shop_a01', 2 stories, 17 features, 0 assets
  scorecard for auto_shop_a01 [assault]:
    floors: 2   rooms: 4   markers: 7
    attacker entries: 6   objective rooms: 1   breach points: 2
    vertical links: 3   unreachable rooms: 0
    routes to objective (min): 1   chokepoints: none
    errors: 0   warnings: 0
  poly estimate for auto_shop_a01:
    ~996 tris across 53 mesh pieces (Environment budget: 50-500 target, 1000 cap per piece)
    biggest piece: ext_S_0 (~60 tris)
  enterability: 6 usable entry(s) (4 door/garage, 5 standing) on walls ['E', 'N', 'S', 'W']
  ENTRY-WARN: crouch-only entry on the W wall: 1.4 m tall.
  ENTRY-NOTE: entry swing/vault clearance on both faces is a walk-test fact ù offline can't confirm the space is physically clear.
  navigability (offline proxy) for auto_shop_a01:
    narrow openings: 1   isolated rooms: 0   (authoritative check = bake a navmesh in Godot)
  NAV-WARN: NAV: 1 opening(s) narrower than ~1.2m may block a 0.4m-radius nav agent: 1.20m breach (ext N@1). (Widen, or confirm your agent radius is smaller; verify with a real navmesh.)
  stairwell systems for auto_shop_a01:
    systems: 1   egress-role: 0   classified: 1   routes: room-graph   (authoritative check = walk it; this is room-graph intel)
  STAIR-WARN: STAIRWELL STAIR_ACCESS_THROUGH_PROHIBITED_ROOM: 'gs_auto_shop_stair_0' on story 1 is approached through 'upper_office' (role 'objective_room') -- prohibited for a required stair (Rule 3).
  STAIR-WARN: STAIRWELL STAIR_VOLUME_INVADED: 'gs_auto_shop_stair_0' reserved volume is occupied by objective marker 'A' -- stair runs, landings, and discharge are reserved space, not leftover space (Rule 10).
  STAIR-WARN: STAIRWELL STAIR_LATERAL_OPEN: 'gs_auto_shop_stair_0' S side of the flight is open (largest gap 5.00 m > 0.5 m envelope) -- a stair floating open in the floor plate: a body walks/is pushed off the side, and the shaft reads as a hole in the AI navmesh. Fix by relocating it against a wall/corridor (stair_place edge zones) or enclosing the side with a wall or guard along the full flight and landing. A guarded feature stair is fine; a bare mid-floor one is not.
  STAIR-WARN: STAIRWELL STAIR_LATERAL_OPEN: 'gs_auto_shop_stair_0' N side of the flight is open (largest gap 5.00 m > 0.5 m envelope) -- a stair floating open in the floor plate: a body walks/is pushed off the side, and the shaft reads as a hole in the AI navmesh. Fix by relocating it against a wall/corridor (stair_place edge zones) or enclosing the side with a wall or guard along the full flight and landing. A guarded feature stair is fine; a bare mid-floor one is not.
  ladder systems for auto_shop_a01:
    ladders: 1   secondary-escape: 0   routes: room-graph   (a ladder is never ordinary egress; this is room-graph intel)
  pvp_heist profile for auto_shop_a01:
    attackers: 2   defenders: 1   objective rooms: upper_office
    disjoint routes: 3   extraction via: extraction-facing exit (entry rooms)   protected rotation: yes
    flank: entries on faces ['E', 'N', 'S']   breaches: 2   stairs: 1   ladders: 1
  floorplan: 2 story SVG(s) -> build/floorplans/ (auto_shop_a01.floor0.svg, auto_shop_a01.floor1.svg)
    [ground]  (204 samples)
      death lane (longest clear sightline): 28.0 m  [long]
      longest exposed approach (no cover within 2.5 m): 11.0 m
      weak cover 'None': in LOS of 1/2 attacker spawns
      intent mismatch: room 'service_bay' authored 'medium' but plays 'long' (26.8 m sightline)
      intent mismatch: room 'parts_back' authored 'close' but plays 'long' (21.2 m sightline)
    [floor 1]  (204 samples)
      death lane (longest clear sightline): 28.6 m  [long]
      objective room 'upper_office': 2 entries
      intent mismatch: room 'upper_office' authored 'close' but plays 'long' (24.7 m sightline)
      intent mismatch: room 'upper_storage' authored 'close' but plays 'long' (25.6 m sightline)
  sightlines: 2 overlay SVG(s) -> build/floorplans/
  -> OK

== auto_shop_a02.json ==
  loader OK: 'auto_shop_a02', 2 stories, 17 features, 0 assets
  scorecard for auto_shop_a02 [assault]:
    floors: 2   rooms: 4   markers: 7
    attacker entries: 6   objective rooms: 1   breach points: 3
    vertical links: 3   unreachable rooms: 0
    routes to objective (min): 1   chokepoints: none
    errors: 0   warnings: 0
  poly estimate for auto_shop_a02:
    ~1164 tris across 67 mesh pieces (Environment budget: 50-500 target, 1000 cap per piece)
    biggest piece: ext_S_0 (~60 tris)
  enterability: 6 usable entry(s) (3 door/garage, 5 standing) on walls ['E', 'N', 'S', 'W']
  ENTRY-WARN: crouch-only entry on the W wall: 1.4 m tall.
  ENTRY-NOTE: entry swing/vault clearance on both faces is a walk-test fact ù offline can't confirm the space is physically clear.
  navigability (offline proxy) for auto_shop_a02:
    narrow openings: 1   isolated rooms: 0   (authoritative check = bake a navmesh in Godot)
  NAV-WARN: NAV: 1 opening(s) narrower than ~1.2m may block a 0.4m-radius nav agent: 1.20m breach (ext N@1). (Widen, or confirm your agent radius is smaller; verify with a real navmesh.)
  stairwell systems for auto_shop_a02:
    systems: 1   egress-role: 0   classified: 1   routes: room-graph   (authoritative check = walk it; this is room-graph intel)
  STAIR-WARN: STAIRWELL STAIR_ACCESS_THROUGH_PROHIBITED_ROOM: 'night_auto_stair_0' on story 0 is approached through 'parts_back' (role 'objective_room') -- prohibited for a required stair (Rule 3).
  STAIR-WARN: STAIRWELL STAIR_NOT_ENCLOSED: 'night_auto_stair_0' sits inside 'upper_office' (role 'fortifiable') on story 1, not a stairwell -- it reads as a stair sprouting in the middle of an open room. Enclose it in a dedicated stairwell/corridor room (role in ['connector', 'corridor', 'hall', 'hallway', 'service', 'stairwell']) with a doored approach.
  STAIR-WARN: STAIRWELL STAIR_LATERAL_OPEN: 'night_auto_stair_0' S side of the flight is open (largest gap 5.00 m > 0.5 m envelope) -- a stair floating open in the floor plate: a body walks/is pushed off the side, and the shaft reads as a hole in the AI navmesh. Fix by relocating it against a wall/corridor (stair_place edge zones) or enclosing the side with a wall or guard along the full flight and landing. A guarded feature stair is fine; a bare mid-floor one is not.
  STAIR-WARN: STAIRWELL STAIR_LATERAL_OPEN: 'night_auto_stair_0' N side of the flight is open (largest gap 5.00 m > 0.5 m envelope) -- a stair floating open in the floor plate: a body walks/is pushed off the side, and the shaft reads as a hole in the AI navmesh. Fix by relocating it against a wall/corridor (stair_place edge zones) or enclosing the side with a wall or guard along the full flight and landing. A guarded feature stair is fine; a bare mid-floor one is not.
  ladder systems for auto_shop_a02:
    ladders: 2   secondary-escape: 0   routes: room-graph   (a ladder is never ordinary egress; this is room-graph intel)
  LADDER-WARN: LADDER: 'night_auto_ladder_0' hatch ladder originates in 'upper_storage' (role 'fortifiable') -- prefer a service, mechanical, or back-of-house room (spec s8.1).
  LADDER-WARN: LADDER: 'night_auto_ladder_0' is an interior roof-hatch ladder with no access_control -- roof access is normally locked (locked_hatch / staff_room; Rule 13).
  pvp_heist profile for auto_shop_a02:
    attackers: 2   defenders: 1   objective rooms: parts_back
    disjoint routes: 2   extraction via: extraction-facing exit (entry rooms)   protected rotation: yes
    flank: entries on faces ['E', 'N', 'S']   breaches: 3   stairs: 1   ladders: 2
  floorplan: 2 story SVG(s) -> build/floorplans/ (auto_shop_a02.floor0.svg, auto_shop_a02.floor1.svg)
    [ground]  (204 samples)
      death lane (longest clear sightline): 28.0 m  [long]
      longest exposed approach (no cover within 2.5 m): 22.5 m
      objective room 'parts_back': 4 entries
      weak cover 'None': in LOS of 1/2 attacker spawns
      intent mismatch: room 'service_bay' authored 'medium' but plays 'long' (26.8 m sightline)
      intent mismatch: room 'parts_back' authored 'close' but plays 'long' (21.2 m sightline)
    [floor 1]  (204 samples)
      death lane (longest clear sightline): 28.6 m  [long]
      intent mismatch: room 'upper_office' authored 'close' but plays 'long' (24.7 m sightline)
      intent mismatch: room 'upper_storage' authored 'close' but plays 'long' (25.6 m sightline)
  sightlines: 2 overlay SVG(s) -> build/floorplans/
  -> OK

== bank.json ==
  loader OK: 'bank', 2 stories, 19 features, 0 assets
  TACTICAL-WARN: non-tactical spec (no rooms defined); tactical rules skipped
  TACTICAL-WARN: stair #0 pitch 41deg is steep (walkable but uncomfortable); run >= 4.9m gives a gentler ~35deg.
  poly estimate for bank:
    ~1308 tris across 63 mesh pieces (Environment budget: 50-500 target, 1000 cap per piece)
    biggest piece: ext_S_0 (~84 tris)
  enterability: 7 usable entry(s) (3 door/garage, 4 standing) on walls ['E', 'N', 'S', 'W']
  ENTRY-WARN: crouch-only entry on the S wall: 1.4 m tall.
  ENTRY-WARN: crouch-only entry on the S wall: 1.4 m tall.
  ENTRY-WARN: crouch-only entry on the E wall: 1.4 m tall.
  ENTRY-NOTE: entry swing/vault clearance on both faces is a walk-test fact ù offline can't confirm the space is physically clear.
  navigability (offline proxy) for bank:
    narrow openings: 7   isolated rooms: 0   (authoritative check = bake a navmesh in Godot)
  NAV-WARN: NAV: 7 opening(s) narrower than ~1.2m may block a 0.4m-radius nav agent: 1.20m door (ext S@0), 1.20m door (ext W@0), 1.20m door (partition #0@0), 1.20m door (partition #1@0), 1.20m door (partition #2@1), 1.20m door (partition #2@1), 1.20m door (partition #3@1). (Widen, or confirm your agent radius is smaller; verify with a real navmesh.)
  stairwell systems for bank:
    systems: 1   egress-role: 1   classified: 1   routes: skipped (no rooms)   (authoritative check = walk it; this is room-graph intel)
  STAIR-WARN: STAIRWELL BASEMENT_CONTINUATION_NOT_INTERRUPTED: egress stair 'bank_stair_0' runs through grade into the basement in one shaft; offline review can't see a barrier -- make sure the grade landing interrupts descent (Rule 8).
  STAIR-WARN: STAIRWELL STAIR_LATERAL_OPEN: 'bank_stair_0' S side of the flight is open (largest gap 4.00 m > 0.5 m envelope) -- a stair floating open in the floor plate: a body walks/is pushed off the side, and the shaft reads as a hole in the AI navmesh. Fix by relocating it against a wall/corridor (stair_place edge zones) or enclosing the side with a wall or guard along the full flight and landing. A guarded feature stair is fine; a bare mid-floor one is not.
  STAIR-WARN: STAIRWELL STAIR_LATERAL_OPEN: 'bank_stair_0' N side of the flight is open (largest gap 4.00 m > 0.5 m envelope) -- a stair floating open in the floor plate: a body walks/is pushed off the side, and the shaft reads as a hole in the AI navmesh. Fix by relocating it against a wall/corridor (stair_place edge zones) or enclosing the side with a wall or guard along the full flight and landing. A guarded feature stair is fine; a bare mid-floor one is not.
  floorplan: 3 story SVG(s) -> build/floorplans/ (bank.floorB.svg, bank.floor0.svg, bank.floor1.svg)
    [basement]  (0 samples)
      death lane (longest clear sightline): 0.0 m  [close]
    [ground]  (0 samples)
      death lane (longest clear sightline): 0.0 m  [close]
    [floor 1]  (0 samples)
      death lane (longest clear sightline): 0.0 m  [close]
  sightlines: 3 overlay SVG(s) -> build/floorplans/
  -> OK

== bank_branch_a02.json ==
  loader OK: 'bank_branch_a02', 2 stories, 25 features, 0 assets
  TACTICAL-WARN: stair #0 pitch 42deg is steep (walkable but uncomfortable); run >= 5.0m gives a gentler ~35deg.
  TACTICAL-WARN: stair #1 pitch 42deg is steep (walkable but uncomfortable); run >= 5.0m gives a gentler ~35deg.
  scorecard for bank_branch_a02 [assault]:
    floors: 2   rooms: 5   markers: 8
    attacker entries: 4   objective rooms: 1   breach points: 2
    vertical links: 2   unreachable rooms: 0
    routes to objective (min): 1   chokepoints: none
    errors: 0   warnings: 0
  poly estimate for bank_branch_a02:
    ~1236 tris across 65 mesh pieces (Environment budget: 50-500 target, 1000 cap per piece)
    biggest piece: ext_S_0 (~84 tris)
  enterability: 6 usable entry(s) (3 door/garage, 4 standing) on walls ['E', 'N', 'S', 'W']
  ENTRY-WARN: crouch-only entry on the S wall: 1.4 m tall.
  ENTRY-WARN: crouch-only entry on the S wall: 1.4 m tall.
  ENTRY-NOTE: entry swing/vault clearance on both faces is a walk-test fact ù offline can't confirm the space is physically clear.
  navigability (offline proxy) for bank_branch_a02:
    narrow openings: 0   isolated rooms: 0   (authoritative check = bake a navmesh in Godot)
  stairwell systems for bank_branch_a02:
    systems: 2   egress-role: 0   classified: 2   routes: room-graph   (authoritative check = walk it; this is room-graph intel)
  STAIR-WARN: STAIRWELL STAIR_NOT_ENCLOSED: 'a02_stair_w' sits inside 'vault_west' (role 'fortifiable') on story -1, not a stairwell -- it reads as a stair sprouting in the middle of an open room. Enclose it in a dedicated stairwell/corridor room (role in ['connector', 'corridor', 'hall', 'hallway', 'service', 'stairwell']) with a doored approach.
  STAIR-WARN: STAIRWELL STAIR_LATERAL_OPEN: 'a02_stair_w' W side of the flight is open (largest gap 4.00 m > 0.5 m envelope) -- a stair floating open in the floor plate: a body walks/is pushed off the side, and the shaft reads as a hole in the AI navmesh. Fix by relocating it against a wall/corridor (stair_place edge zones) or enclosing the side with a wall or guard along the full flight and landing. A guarded feature stair is fine; a bare mid-floor one is not.
  STAIR-WARN: STAIRWELL STAIR_LATERAL_OPEN: 'a02_stair_w' E side of the flight is open (largest gap 4.00 m > 0.5 m envelope) -- a stair floating open in the floor plate: a body walks/is pushed off the side, and the shaft reads as a hole in the AI navmesh. Fix by relocating it against a wall/corridor (stair_place edge zones) or enclosing the side with a wall or guard along the full flight and landing. A guarded feature stair is fine; a bare mid-floor one is not.
  STAIR-WARN: STAIRWELL STAIR_ACCESS_THROUGH_PROHIBITED_ROOM: 'a02_stair_e' on story -1 is approached through 'vault_east' (role 'objective_room') -- prohibited for a required stair (Rule 3).
  STAIR-WARN: STAIRWELL STAIR_NOT_ENCLOSED: 'a02_stair_e' sits inside 'lobby' (role 'public_entry') on story 0, not a stairwell -- it reads as a stair sprouting in the middle of an open room. Enclose it in a dedicated stairwell/corridor room (role in ['connector', 'corridor', 'hall', 'hallway', 'service', 'stairwell']) with a doored approach.
  STAIR-WARN: STAIRWELL STAIR_VOLUME_INVADED: 'a02_stair_e' reserved volume is occupied by objective 'crack_vault', loot 'vault_cash' -- stair runs, landings, and discharge are reserved space, not leftover space (Rule 10).
  STAIR-WARN: STAIRWELL STAIR_LATERAL_OPEN: 'a02_stair_e' S side of the flight is open (largest gap 4.00 m > 0.5 m envelope) -- a stair floating open in the floor plate: a body walks/is pushed off the side, and the shaft reads as a hole in the AI navmesh. Fix by relocating it against a wall/corridor (stair_place edge zones) or enclosing the side with a wall or guard along the full flight and landing. A guarded feature stair is fine; a bare mid-floor one is not.
  STAIR-WARN: STAIRWELL STAIR_LATERAL_OPEN: 'a02_stair_e' N side of the flight is open (largest gap 4.00 m > 0.5 m envelope) -- a stair floating open in the floor plate: a body walks/is pushed off the side, and the shaft reads as a hole in the AI navmesh. Fix by relocating it against a wall/corridor (stair_place edge zones) or enclosing the side with a wall or guard along the full flight and landing. A guarded feature stair is fine; a bare mid-floor one is not.
  pvp_heist profile for bank_branch_a02:
    attackers: 2   defenders: 1   objective rooms: lobby, vault_east, vault_west
    disjoint routes: 8   extraction via: extraction zone   protected rotation: yes
    flank: entries on faces ['E', 'N', 'S', 'W']   breaches: 2   stairs: 2   ladders: 0
  floorplan: 2 story SVG(s) -> build/floorplans/ (bank_branch_a02.floorB.svg, bank_branch_a02.floor0.svg)
    [basement]  (146 samples)
      death lane (longest clear sightline): 30.9 m  [long]
      objective room 'vault_east': 2 entries
      intent mismatch: room 'vault_west' authored 'close' but plays 'long' (25.0 m sightline)
      intent mismatch: room 'vault_east' authored 'close' but plays 'long' (24.2 m sightline)
    [ground]  (150 samples)
      death lane (longest clear sightline): 30.4 m  [long]
      weak cover 'None': in LOS of 1/2 attacker spawns
      intent mismatch: room 'manager_office' authored 'close' but plays 'medium' (14.8 m sightline)
      intent mismatch: room 'security_room' authored 'close' but plays 'medium' (14.8 m sightline)
  sightlines: 2 overlay SVG(s) -> build/floorplans/
  -> OK

== bank_branch_a03.json ==
  loader OK: 'bank_branch_a03', 2 stories, 26 features, 0 assets
  TACTICAL-WARN: stair #0 pitch 42deg is steep (walkable but uncomfortable); run >= 5.0m gives a gentler ~35deg.
  TACTICAL-WARN: stair #1 pitch 42deg is steep (walkable but uncomfortable); run >= 5.0m gives a gentler ~35deg.
  TACTICAL-WARN: stair #2 pitch 42deg is steep (walkable but uncomfortable); run >= 5.0m gives a gentler ~35deg.
  scorecard for bank_branch_a03 [assault]:
    floors: 3   rooms: 8   markers: 9
    attacker entries: 4   objective rooms: 1   breach points: 3
    vertical links: 4   unreachable rooms: 0
    routes to objective (min): 1   chokepoints: none
    errors: 0   warnings: 0
  poly estimate for bank_branch_a03:
    ~1632 tris across 98 mesh pieces (Environment budget: 50-500 target, 1000 cap per piece)
    biggest piece: ext_S_0 (~60 tris)
  enterability: 7 usable entry(s) (3 door/garage, 4 standing) on walls ['E', 'N', 'S', 'W']
  ENTRY-WARN: crouch-only entry on the S wall: 1.4 m tall.
  ENTRY-WARN: crouch-only entry on the W wall: 1.4 m tall.
  ENTRY-WARN: crouch-only entry on the W wall: 1.4 m tall.
  ENTRY-NOTE: entry swing/vault clearance on both faces is a walk-test fact ù offline can't confirm the space is physically clear.
  navigability (offline proxy) for bank_branch_a03:
    narrow openings: 0   isolated rooms: 0   (authoritative check = bake a navmesh in Godot)
  stairwell systems for bank_branch_a03:
    systems: 3   egress-role: 0   classified: 3   routes: room-graph   (authoritative check = walk it; this is room-graph intel)
  STAIR-WARN: STAIRWELL STAIR_NOT_ENCLOSED: 'a03_stair_down' sits inside 'vault_west' (role 'fortifiable') on story -1, not a stairwell -- it reads as a stair sprouting in the middle of an open room. Enclose it in a dedicated stairwell/corridor room (role in ['connector', 'corridor', 'hall', 'hallway', 'service', 'stairwell']) with a doored approach.
  STAIR-WARN: STAIRWELL STAIR_LATERAL_OPEN: 'a03_stair_down' W side of the flight is open (largest gap 4.00 m > 0.5 m envelope) -- a stair floating open in the floor plate: a body walks/is pushed off the side, and the shaft reads as a hole in the AI navmesh. Fix by relocating it against a wall/corridor (stair_place edge zones) or enclosing the side with a wall or guard along the full flight and landing. A guarded feature stair is fine; a bare mid-floor one is not.
  STAIR-WARN: STAIRWELL STAIR_LATERAL_OPEN: 'a03_stair_down' E side of the flight is open (largest gap 4.00 m > 0.5 m envelope) -- a stair floating open in the floor plate: a body walks/is pushed off the side, and the shaft reads as a hole in the AI navmesh. Fix by relocating it against a wall/corridor (stair_place edge zones) or enclosing the side with a wall or guard along the full flight and landing. A guarded feature stair is fine; a bare mid-floor one is not.
  STAIR-WARN: STAIRWELL STAIR_NOT_ENCLOSED: 'a03_stair_up' sits inside 'lobby' (role 'public_entry') on story 0, not a stairwell -- it reads as a stair sprouting in the middle of an open room. Enclose it in a dedicated stairwell/corridor room (role in ['connector', 'corridor', 'hall', 'hallway', 'service', 'stairwell']) with a doored approach.
  STAIR-WARN: STAIRWELL STAIR_LATERAL_OPEN: 'a03_stair_up' W side of the flight is open (largest gap 4.00 m > 0.5 m envelope) -- a stair floating open in the floor plate: a body walks/is pushed off the side, and the shaft reads as a hole in the AI navmesh. Fix by relocating it against a wall/corridor (stair_place edge zones) or enclosing the side with a wall or guard along the full flight and landing. A guarded feature stair is fine; a bare mid-floor one is not.
  STAIR-WARN: STAIRWELL STAIR_LATERAL_OPEN: 'a03_stair_up' E side of the flight is open (largest gap 4.00 m > 0.5 m envelope) -- a stair floating open in the floor plate: a body walks/is pushed off the side, and the shaft reads as a hole in the AI navmesh. Fix by relocating it against a wall/corridor (stair_place edge zones) or enclosing the side with a wall or guard along the full flight and landing. A guarded feature stair is fine; a bare mid-floor one is not.
  STAIR-WARN: STAIRWELL STAIR_NOT_ENCLOSED: 'a03_stair_svc' sits inside 'vault_east' (role 'fortifiable') on story -1, not a stairwell -- it reads as a stair sprouting in the middle of an open room. Enclose it in a dedicated stairwell/corridor room (role in ['connector', 'corridor', 'hall', 'hallway', 'service', 'stairwell']) with a doored approach.
  STAIR-WARN: STAIRWELL STAIR_LATERAL_OPEN: 'a03_stair_svc' S side of the flight is open (largest gap 4.00 m > 0.5 m envelope) -- a stair floating open in the floor plate: a body walks/is pushed off the side, and the shaft reads as a hole in the AI navmesh. Fix by relocating it against a wall/corridor (stair_place edge zones) or enclosing the side with a wall or guard along the full flight and landing. A guarded feature stair is fine; a bare mid-floor one is not.
  STAIR-WARN: STAIRWELL STAIR_LATERAL_OPEN: 'a03_stair_svc' N side of the flight is open (largest gap 4.00 m > 0.5 m envelope) -- a stair floating open in the floor plate: a body walks/is pushed off the side, and the shaft reads as a hole in the AI navmesh. Fix by relocating it against a wall/corridor (stair_place edge zones) or enclosing the side with a wall or guard along the full flight and landing. A guarded feature stair is fine; a bare mid-floor one is not.
  ladder systems for bank_branch_a03:
    ladders: 1   secondary-escape: 0   routes: room-graph   (a ladder is never ordinary egress; this is room-graph intel)
  pvp_heist profile for bank_branch_a03:
    attackers: 3   defenders: 1   objective rooms: records_secure
    disjoint routes: 5   extraction via: extraction-facing exit (entry rooms)   protected rotation: yes
    flank: entries on faces ['E', 'N', 'S']   breaches: 3   stairs: 3   ladders: 1
  floorplan: 4 story SVG(s) -> build/floorplans/ (bank_branch_a03.floorB.svg, bank_branch_a03.floor0.svg, bank_branch_a03.floor1.svg, bank_branch_a03.floor2.svg)
    [basement]  (146 samples)
      death lane (longest clear sightline): 30.9 m  [long]
      intent mismatch: room 'vault_west' authored 'close' but plays 'long' (25.0 m sightline)
      intent mismatch: room 'vault_east' authored 'close' but plays 'long' (24.2 m sightline)
    [ground]  (150 samples)
      death lane (longest clear sightline): 30.4 m  [long]
      weak cover 'None': in LOS of 1/2 attacker spawns
      intent mismatch: room 'manager_office' authored 'close' but plays 'medium' (14.8 m sightline)
    [floor 1]  (140 samples)
      death lane (longest clear sightline): 31.1 m  [long]
      objective room 'records_secure': 3 entries
      intent mismatch: room 'offices' authored 'medium' but plays 'long' (29.5 m sightline)
      intent mismatch: room 'records_secure' authored 'close' but plays 'medium' (15.4 m sightline)
    [floor 2]  (0 samples)
      death lane (longest clear sightline): 0.0 m  [close]
  sightlines: 4 overlay SVG(s) -> build/floorplans/
  -> OK

== bank_branch_a04.json ==
  loader OK: 'bank_branch_a04', 2 stories, 18 features, 0 assets
  TACTICAL-WARN: stair #0 pitch 46deg is at/over the 45deg walkable limit -- the ramp collider won't be climbable. Lengthen run (>= 5.9m for ~35deg) or add a controller step-up.
  TACTICAL-WARN: stair #1 pitch 46deg is at/over the 45deg walkable limit -- the ramp collider won't be climbable. Lengthen run (>= 5.9m for ~35deg) or add a controller step-up.
  TACTICAL-WARN: stair #2 pitch 46deg is at/over the 45deg walkable limit -- the ramp collider won't be climbable. Lengthen run (>= 5.9m for ~35deg) or add a controller step-up.
  scorecard for bank_branch_a04 [assault]:
    floors: 3   rooms: 7   markers: 10
    attacker entries: 4   objective rooms: 1   breach points: 2
    vertical links: 4   unreachable rooms: 0
    routes to objective (min): 1   chokepoints: none
    errors: 0   warnings: 0
  poly estimate for bank_branch_a04:
    ~1620 tris across 101 mesh pieces (Environment budget: 50-500 target, 1000 cap per piece)
    biggest piece: ext_S_0 (~84 tris)
  enterability: 4 usable entry(s) (3 door/garage, 4 standing) on walls ['E', 'N', 'S', 'W']
  ENTRY-NOTE: entry swing/vault clearance on both faces is a walk-test fact ù offline can't confirm the space is physically clear.
  navigability (offline proxy) for bank_branch_a04:
    narrow openings: 0   isolated rooms: 0   (authoritative check = bake a navmesh in Godot)
  stairwell systems for bank_branch_a04:
    systems: 3   egress-role: 0   classified: 3   routes: room-graph   (authoritative check = walk it; this is room-graph intel)
  STAIR-WARN: STAIRWELL STAIR_NOT_ENCLOSED: 'a03_stair_bw' sits inside 'grand_lobby' (role 'public_entry') on story 0, not a stairwell -- it reads as a stair sprouting in the middle of an open room. Enclose it in a dedicated stairwell/corridor room (role in ['connector', 'corridor', 'hall', 'hallway', 'service', 'stairwell']) with a doored approach.
  STAIR-WARN: STAIRWELL STAIR_LATERAL_OPEN: 'a03_stair_bw' S side of the flight is open (largest gap 4.00 m > 0.5 m envelope) -- a stair floating open in the floor plate: a body walks/is pushed off the side, and the shaft reads as a hole in the AI navmesh. Fix by relocating it against a wall/corridor (stair_place edge zones) or enclosing the side with a wall or guard along the full flight and landing. A guarded feature stair is fine; a bare mid-floor one is not.
  STAIR-WARN: STAIRWELL STAIR_LATERAL_OPEN: 'a03_stair_bw' N side of the flight is open (largest gap 4.00 m > 0.5 m envelope) -- a stair floating open in the floor plate: a body walks/is pushed off the side, and the shaft reads as a hole in the AI navmesh. Fix by relocating it against a wall/corridor (stair_place edge zones) or enclosing the side with a wall or guard along the full flight and landing. A guarded feature stair is fine; a bare mid-floor one is not.
  STAIR-WARN: STAIRWELL STAIR_NOT_ENCLOSED: 'a03_stair_be' sits inside 'grand_lobby' (role 'public_entry') on story 0, not a stairwell -- it reads as a stair sprouting in the middle of an open room. Enclose it in a dedicated stairwell/corridor room (role in ['connector', 'corridor', 'hall', 'hallway', 'service', 'stairwell']) with a doored approach.
  STAIR-WARN: STAIRWELL STAIR_LATERAL_OPEN: 'a03_stair_be' S side of the flight is open (largest gap 4.00 m > 0.5 m envelope) -- a stair floating open in the floor plate: a body walks/is pushed off the side, and the shaft reads as a hole in the AI navmesh. Fix by relocating it against a wall/corridor (stair_place edge zones) or enclosing the side with a wall or guard along the full flight and landing. A guarded feature stair is fine; a bare mid-floor one is not.
  STAIR-WARN: STAIRWELL STAIR_LATERAL_OPEN: 'a03_stair_be' N side of the flight is open (largest gap 4.00 m > 0.5 m envelope) -- a stair floating open in the floor plate: a body walks/is pushed off the side, and the shaft reads as a hole in the AI navmesh. Fix by relocating it against a wall/corridor (stair_place edge zones) or enclosing the side with a wall or guard along the full flight and landing. A guarded feature stair is fine; a bare mid-floor one is not.
  STAIR-WARN: STAIRWELL STAIR_NOT_ENCLOSED: 'a03_stair_main' sits inside 'boardroom' (role 'fortifiable') on story 1, not a stairwell -- it reads as a stair sprouting in the middle of an open room. Enclose it in a dedicated stairwell/corridor room (role in ['connector', 'corridor', 'hall', 'hallway', 'service', 'stairwell']) with a doored approach.
  STAIR-WARN: STAIRWELL STAIR_LATERAL_OPEN: 'a03_stair_main' S side of the flight is open (largest gap 4.00 m > 0.5 m envelope) -- a stair floating open in the floor plate: a body walks/is pushed off the side, and the shaft reads as a hole in the AI navmesh. Fix by relocating it against a wall/corridor (stair_place edge zones) or enclosing the side with a wall or guard along the full flight and landing. A guarded feature stair is fine; a bare mid-floor one is not.
  STAIR-WARN: STAIRWELL STAIR_LATERAL_OPEN: 'a03_stair_main' N side of the flight is open (largest gap 4.00 m > 0.5 m envelope) -- a stair floating open in the floor plate: a body walks/is pushed off the side, and the shaft reads as a hole in the AI navmesh. Fix by relocating it against a wall/corridor (stair_place edge zones) or enclosing the side with a wall or guard along the full flight and landing. A guarded feature stair is fine; a bare mid-floor one is not.
  ladder systems for bank_branch_a04:
    ladders: 1   secondary-escape: 0   routes: room-graph   (a ladder is never ordinary egress; this is room-graph intel)
  LADDER-WARN: LADDER: 'a03_ladder_0' hatch ladder originates in 'boardroom' (role 'fortifiable') -- prefer a service, mechanical, or back-of-house room (spec s8.1).
  pvp_heist profile for bank_branch_a04:
    attackers: 3   defenders: 1   objective rooms: vault_room
    disjoint routes: 4   extraction via: extraction-facing exit (entry rooms)   protected rotation: yes
    flank: entries on faces ['E', 'N', 'S', 'W']   breaches: 2   stairs: 3   ladders: 1
  floorplan: 4 story SVG(s) -> build/floorplans/ (bank_branch_a04.floorB.svg, bank_branch_a04.floor0.svg, bank_branch_a04.floor1.svg, bank_branch_a04.floor2.svg)
    [basement]  (180 samples)
      death lane (longest clear sightline): 42.5 m  [long]
      objective room 'vault_room': 2 entries
      intent mismatch: room 'vault_antechamber' authored 'medium' but plays 'long' (40.8 m sightline)
      intent mismatch: room 'vault_room' authored 'close' but plays 'long' (40.0 m sightline)
    [ground]  (178 samples)
      death lane (longest clear sightline): 41.3 m  [long]
      intent mismatch: room 'teller_line' authored 'medium' but plays 'long' (26.2 m sightline)
      intent mismatch: room 'security_office' authored 'close' but plays 'medium' (14.8 m sightline)
    [floor 1]  (180 samples)
      death lane (longest clear sightline): 42.3 m  [long]
      intent mismatch: room 'mezzanine' authored 'medium' but plays 'long' (40.8 m sightline)
      intent mismatch: room 'boardroom' authored 'close' but plays 'long' (40.8 m sightline)
    [floor 2]  (0 samples)
      death lane (longest clear sightline): 0.0 m  [close]
  sightlines: 4 overlay SVG(s) -> build/floorplans/
  -> OK

== bank_job.json ==
  loader OK: 'bank_job', 2 stories, 25 features, 0 assets
  TACTICAL-WARN: stair #0 pitch 42deg is steep (walkable but uncomfortable); run >= 5.0m gives a gentler ~35deg.
  TACTICAL-WARN: stair #1 pitch 42deg is steep (walkable but uncomfortable); run >= 5.0m gives a gentler ~35deg.
  scorecard for bank_job [heist]:
    objectives: 2 (1 required)   entries: 4   markers: 14
    loot: 2 spawns, 5 bags, value 580000
    extraction zones: 1   secure/drop zones: 1   unreachable objectives: 0
    routes to objective (min): 1   chokepoints: none
    phases: loud, stealth
    errors: 0   warnings: 0
  poly estimate for bank_job:
    ~1452 tris across 83 mesh pieces (Environment budget: 50-500 target, 1000 cap per piece)
    biggest piece: ext_S_0 (~84 tris)
  enterability: 6 usable entry(s) (3 door/garage, 4 standing) on walls ['E', 'N', 'S', 'W']
  ENTRY-WARN: crouch-only entry on the S wall: 1.4 m tall.
  ENTRY-WARN: crouch-only entry on the S wall: 1.4 m tall.
  ENTRY-NOTE: entry swing/vault clearance on both faces is a walk-test fact ù offline can't confirm the space is physically clear.
  navigability (offline proxy) for bank_job:
    narrow openings: 6   isolated rooms: 0   (authoritative check = bake a navmesh in Godot)
  NAV-WARN: NAV: 6 opening(s) narrower than ~1.2m may block a 0.4m-radius nav agent: 1.20m door (ext W@0), 1.20m door (ext E@0), 1.20m door (partition #0@0), 1.20m door (partition #0@0), 1.20m door (partition #1@0), 1.20m door (partition #2@-1). (Widen, or confirm your agent radius is smaller; verify with a real navmesh.)
  stairwell systems for bank_job:
    systems: 2   egress-role: 0   classified: 2   routes: room-graph   (authoritative check = walk it; this is room-graph intel)
  STAIR-WARN: STAIRWELL STAIR_NOT_ENCLOSED: 'bank_job_stair_0' sits inside 'vault_room_west' (role 'fortifiable') on story -1, not a stairwell -- it reads as a stair sprouting in the middle of an open room. Enclose it in a dedicated stairwell/corridor room (role in ['connector', 'corridor', 'hall', 'hallway', 'service', 'stairwell']) with a doored approach.
  STAIR-WARN: STAIRWELL STAIR_LATERAL_OPEN: 'bank_job_stair_0' W side of the flight is open (largest gap 4.00 m > 0.5 m envelope) -- a stair floating open in the floor plate: a body walks/is pushed off the side, and the shaft reads as a hole in the AI navmesh. Fix by relocating it against a wall/corridor (stair_place edge zones) or enclosing the side with a wall or guard along the full flight and landing. A guarded feature stair is fine; a bare mid-floor one is not.
  STAIR-WARN: STAIRWELL STAIR_LATERAL_OPEN: 'bank_job_stair_0' E side of the flight is open (largest gap 4.00 m > 0.5 m envelope) -- a stair floating open in the floor plate: a body walks/is pushed off the side, and the shaft reads as a hole in the AI navmesh. Fix by relocating it against a wall/corridor (stair_place edge zones) or enclosing the side with a wall or guard along the full flight and landing. A guarded feature stair is fine; a bare mid-floor one is not.
  STAIR-WARN: STAIRWELL STAIR_OPENING_UNGUARDED: 'bank_job_stair_0' N edge of the reserved opening is unguarded (largest gap 3.20 m > 0.5 m envelope) -- a body on the upper floor can walk into the stairwell; guard every floor-opening edge except the stair mouth (Rule 4).
  STAIR-WARN: STAIRWELL STAIR_ACCESS_THROUGH_PROHIBITED_ROOM: 'bank_job_stair_1' on story -1 is approached through 'vault_room_east' (role 'objective_room') -- prohibited for a required stair (Rule 3).
  STAIR-WARN: STAIRWELL STAIR_NOT_ENCLOSED: 'bank_job_stair_1' sits inside 'lobby' (role 'public_entry') on story 0, not a stairwell -- it reads as a stair sprouting in the middle of an open room. Enclose it in a dedicated stairwell/corridor room (role in ['connector', 'corridor', 'hall', 'hallway', 'service', 'stairwell']) with a doored approach.
  STAIR-WARN: STAIRWELL STAIR_VOLUME_INVADED: 'bank_job_stair_1' reserved volume is occupied by volume 'VAULT', objective 'crack_vault', loot 'vault_cash' -- stair runs, landings, and discharge are reserved space, not leftover space (Rule 10).
  floorplan: 3 story SVG(s) -> build/floorplans/ (bank_job.floorB.svg, bank_job.floor0.svg, bank_job.floor1.svg)
    [basement]  (146 samples)
      death lane (longest clear sightline): 30.9 m  [long]
      objective room 'vault_room_east': 2 entries
      intent mismatch: room 'vault_room_west' authored 'close' but plays 'long' (24.2 m sightline)
      intent mismatch: room 'vault_room_east' authored 'close' but plays 'long' (25.0 m sightline)
    [ground]  (150 samples)
      death lane (longest clear sightline): 30.4 m  [long]
      intent mismatch: room 'manager_office' authored 'close' but plays 'medium' (14.8 m sightline)
      intent mismatch: room 'security_room' authored 'close' but plays 'medium' (14.8 m sightline)
    [floor 1]  (0 samples)
      death lane (longest clear sightline): 0.0 m  [close]
  sightlines: 3 overlay SVG(s) -> build/floorplans/
  -> OK

== bank_tower_a01.json ==
  loader OK: 'bank_tower_a01', 1 stories, 11 features, 0 assets
  TACTICAL-WARN: stair #0 pitch 50deg is at/over the 45deg walkable limit -- the ramp collider won't be climbable. Lengthen run (>= 6.4m for ~35deg) or add a controller step-up.
  TACTICAL-WARN: stair #1 pitch 50deg is at/over the 45deg walkable limit -- the ramp collider won't be climbable. Lengthen run (>= 6.4m for ~35deg) or add a controller step-up.
  scorecard for bank_tower_a01 [assault]:
    floors: 2   rooms: 4   markers: 7
    attacker entries: 6   objective rooms: 1   breach points: 2
    vertical links: 2   unreachable rooms: 0
    routes to objective (min): 1   chokepoints: none
    errors: 0   warnings: 0
  poly estimate for bank_tower_a01:
    ~996 tris across 57 mesh pieces (Environment budget: 50-500 target, 1000 cap per piece)
    biggest piece: ext_S_0 (~84 tris)
  enterability: 6 usable entry(s) (5 door/garage, 6 standing) on walls ['E', 'N', 'S', 'W']
  ENTRY-NOTE: entry swing/vault clearance on both faces is a walk-test fact ù offline can't confirm the space is physically clear.
  navigability (offline proxy) for bank_tower_a01:
    narrow openings: 0   isolated rooms: 0   (authoritative check = bake a navmesh in Godot)
  stairwell systems for bank_tower_a01:
    systems: 2   egress-role: 0   classified: 2   routes: room-graph   (authoritative check = walk it; this is room-graph intel)
  STAIR-WARN: STAIRWELL STAIR_LATERAL_OPEN: 'bt01_stair_n' S side of the flight is open (largest gap 3.90 m > 0.5 m envelope) -- a stair floating open in the floor plate: a body walks/is pushed off the side, and the shaft reads as a hole in the AI navmesh. Fix by relocating it against a wall/corridor (stair_place edge zones) or enclosing the side with a wall or guard along the full flight and landing. A guarded feature stair is fine; a bare mid-floor one is not.
  STAIR-WARN: STAIRWELL STAIR_LATERAL_OPEN: 'bt01_stair_n' N side of the flight is open (largest gap 3.90 m > 0.5 m envelope) -- a stair floating open in the floor plate: a body walks/is pushed off the side, and the shaft reads as a hole in the AI navmesh. Fix by relocating it against a wall/corridor (stair_place edge zones) or enclosing the side with a wall or guard along the full flight and landing. A guarded feature stair is fine; a bare mid-floor one is not.
  STAIR-WARN: STAIRWELL STAIR_NOT_ENCLOSED: 'bt01_stair_s' sits inside 'banking_hall' (role 'public_entry') on story 0, not a stairwell -- it reads as a stair sprouting in the middle of an open room. Enclose it in a dedicated stairwell/corridor room (role in ['connector', 'corridor', 'hall', 'hallway', 'service', 'stairwell']) with a doored approach.
  STAIR-WARN: STAIRWELL STAIR_LATERAL_OPEN: 'bt01_stair_s' S side of the flight is open (largest gap 3.90 m > 0.5 m envelope) -- a stair floating open in the floor plate: a body walks/is pushed off the side, and the shaft reads as a hole in the AI navmesh. Fix by relocating it against a wall/corridor (stair_place edge zones) or enclosing the side with a wall or guard along the full flight and landing. A guarded feature stair is fine; a bare mid-floor one is not.
  STAIR-WARN: STAIRWELL STAIR_LATERAL_OPEN: 'bt01_stair_s' N side of the flight is open (largest gap 3.90 m > 0.5 m envelope) -- a stair floating open in the floor plate: a body walks/is pushed off the side, and the shaft reads as a hole in the AI navmesh. Fix by relocating it against a wall/corridor (stair_place edge zones) or enclosing the side with a wall or guard along the full flight and landing. A guarded feature stair is fine; a bare mid-floor one is not.
  pvp_heist profile for bank_tower_a01:
    attackers: 2   defenders: 1   objective rooms: main_vault
    disjoint routes: 3   extraction via: extraction-facing exit (entry rooms)   protected rotation: yes
    flank: entries on faces ['E', 'N', 'S', 'W']   breaches: 2   stairs: 2   ladders: 0
  floorplan: 2 story SVG(s) -> build/floorplans/ (bank_tower_a01.floorB.svg, bank_tower_a01.floor0.svg)
    [basement]  (165 samples)
      death lane (longest clear sightline): 38.9 m  [long]
      objective room 'main_vault': 2 entries
      intent mismatch: room 'under_hall' authored 'medium' but plays 'long' (32.4 m sightline)
      intent mismatch: room 'main_vault' authored 'close' but plays 'long' (30.4 m sightline)
    [ground]  (238 samples)
      death lane (longest clear sightline): 41.4 m  [long]
      intent mismatch: room 'banking_hall' authored 'medium' but plays 'long' (40.2 m sightline)
      intent mismatch: room 'teller_band' authored 'medium' but plays 'long' (36.5 m sightline)
  sightlines: 2 overlay SVG(s) -> build/floorplans/
  -> OK

== bank_tower_a02.json ==
  loader OK: 'bank_tower_a02', 2 stories, 13 features, 0 assets
  TACTICAL-WARN: stair #0 pitch 50deg is at/over the 45deg walkable limit -- the ramp collider won't be climbable. Lengthen run (>= 6.4m for ~35deg) or add a controller step-up.
  scorecard for bank_tower_a02 [assault]:
    floors: 2   rooms: 5   markers: 7
    attacker entries: 6   objective rooms: 1   breach points: 2
    vertical links: 2   unreachable rooms: 0
    routes to objective (min): 1   chokepoints: none
    errors: 0   warnings: 0
  poly estimate for bank_tower_a02:
    ~1092 tris across 57 mesh pieces (Environment budget: 50-500 target, 1000 cap per piece)
    biggest piece: ext_S_0 (~84 tris)
  enterability: 6 usable entry(s) (5 door/garage, 6 standing) on walls ['E', 'N', 'S', 'W']
  ENTRY-NOTE: entry swing/vault clearance on both faces is a walk-test fact ù offline can't confirm the space is physically clear.
  navigability (offline proxy) for bank_tower_a02:
    narrow openings: 0   isolated rooms: 0   (authoritative check = bake a navmesh in Godot)
  stairwell systems for bank_tower_a02:
    systems: 1   egress-role: 0   classified: 1   routes: room-graph   (authoritative check = walk it; this is room-graph intel)
  STAIR-WARN: STAIRWELL STAIR_NOT_ENCLOSED: 'bt02_stair_0' sits inside 'banking_hall' (role 'public_entry') on story 0, not a stairwell -- it reads as a stair sprouting in the middle of an open room. Enclose it in a dedicated stairwell/corridor room (role in ['connector', 'corridor', 'hall', 'hallway', 'service', 'stairwell']) with a doored approach.
  STAIR-WARN: STAIRWELL STAIR_LATERAL_OPEN: 'bt02_stair_0' W side of the flight is open (largest gap 3.90 m > 0.5 m envelope) -- a stair floating open in the floor plate: a body walks/is pushed off the side, and the shaft reads as a hole in the AI navmesh. Fix by relocating it against a wall/corridor (stair_place edge zones) or enclosing the side with a wall or guard along the full flight and landing. A guarded feature stair is fine; a bare mid-floor one is not.
  STAIR-WARN: STAIRWELL STAIR_LATERAL_OPEN: 'bt02_stair_0' E side of the flight is open (largest gap 3.90 m > 0.5 m envelope) -- a stair floating open in the floor plate: a body walks/is pushed off the side, and the shaft reads as a hole in the AI navmesh. Fix by relocating it against a wall/corridor (stair_place edge zones) or enclosing the side with a wall or guard along the full flight and landing. A guarded feature stair is fine; a bare mid-floor one is not.
  ladder systems for bank_tower_a02:
    ladders: 1   secondary-escape: 0   routes: room-graph   (a ladder is never ordinary egress; this is room-graph intel)
  pvp_heist profile for bank_tower_a02:
    attackers: 2   defenders: 1   objective rooms: executive_safe_suite
    disjoint routes: 4   extraction via: extraction-facing exit (entry rooms)   protected rotation: yes
    flank: entries on faces ['E', 'N', 'S', 'W']   breaches: 2   stairs: 1   ladders: 1
  floorplan: 2 story SVG(s) -> build/floorplans/ (bank_tower_a02.floor0.svg, bank_tower_a02.floor1.svg)
    [ground]  (228 samples)
      death lane (longest clear sightline): 38.4 m  [long]
      intent mismatch: room 'banking_hall' authored 'medium' but plays 'long' (38.2 m sightline)
      intent mismatch: room 'teller_band' authored 'medium' but plays 'long' (35.0 m sightline)
    [floor 1]  (216 samples)
      death lane (longest clear sightline): 37.0 m  [long]
      objective room 'executive_safe_suite': 3 entries
      intent mismatch: room 'upper_ring' authored 'medium' but plays 'long' (36.1 m sightline)
      intent mismatch: room 'upper_west' authored 'close' but plays 'long' (24.8 m sightline)
      intent mismatch: room 'executive_safe_suite' authored 'close' but plays 'medium' (15.0 m sightline)
  sightlines: 2 overlay SVG(s) -> build/floorplans/
  -> OK

== bank_tower_a03.json ==
  loader OK: 'bank_tower_a03', 1 stories, 11 features, 0 assets
  scorecard for bank_tower_a03 [assault]:
    floors: 1   rooms: 3   markers: 7
    attacker entries: 6   objective rooms: 1   breach points: 2
    vertical links: 1   unreachable rooms: 0
    routes to objective (min): 1   chokepoints: none
    errors: 0   warnings: 0
  poly estimate for bank_tower_a03:
    ~684 tris across 31 mesh pieces (Environment budget: 50-500 target, 1000 cap per piece)
    biggest piece: ext_S_0 (~84 tris)
  enterability: 6 usable entry(s) (5 door/garage, 6 standing) on walls ['E', 'N', 'S', 'W']
  ENTRY-NOTE: entry swing/vault clearance on both faces is a walk-test fact ù offline can't confirm the space is physically clear.
  navigability (offline proxy) for bank_tower_a03:
    narrow openings: 0   isolated rooms: 0   (authoritative check = bake a navmesh in Godot)
  ladder systems for bank_tower_a03:
    ladders: 1   secondary-escape: 0   routes: room-graph   (a ladder is never ordinary egress; this is room-graph intel)
  pvp_heist profile for bank_tower_a03:
    attackers: 2   defenders: 1   objective rooms: teller_cage
    disjoint routes: 2   extraction via: extraction-facing exit (entry rooms)   protected rotation: yes
    flank: entries on faces ['E', 'N', 'S', 'W']   breaches: 2   stairs: 0   ladders: 1
  floorplan: 1 story SVG(s) -> build/floorplans/ (bank_tower_a03.floor0.svg)
    [ground]  (162 samples)
      death lane (longest clear sightline): 41.3 m  [long]
      longest exposed approach (no cover within 2.5 m): 26.0 m
      objective room 'teller_cage': 4 entries
      intent mismatch: room 'banking_hall' authored 'medium' but plays 'long' (41.3 m sightline)
      intent mismatch: room 'teller_cage' authored 'close' but plays 'medium' (8.7 m sightline)
      intent mismatch: room 'back_office' authored 'medium' but plays 'long' (30.3 m sightline)
  sightlines: 1 overlay SVG(s) -> build/floorplans/
  -> OK

== brewery_a01.json ==
  loader OK: 'brewery_a01', 2 stories, 13 features, 0 assets
  TACTICAL-WARN: stair #0 pitch 50deg is at/over the 45deg walkable limit -- the ramp collider won't be climbable. Lengthen run (>= 7.0m for ~35deg) or add a controller step-up.
  scorecard for brewery_a01 [assault]:
    floors: 2   rooms: 5   markers: 7
    attacker entries: 4   objective rooms: 1   breach points: 2
    vertical links: 2   unreachable rooms: 0
    routes to objective (min): 1   chokepoints: none
    errors: 0   warnings: 0
  poly estimate for brewery_a01:
    ~1032 tris across 60 mesh pieces (Environment budget: 50-500 target, 1000 cap per piece)
    biggest piece: ext_S_0 (~60 tris)
  enterability: 5 usable entry(s) (3 door/garage, 4 standing) on walls ['E', 'N', 'S']
  ENTRY-WARN: crouch-only entry on the S wall: 1.4 m tall.
  ENTRY-NOTE: entry swing/vault clearance on both faces is a walk-test fact ù offline can't confirm the space is physically clear.
  navigability (offline proxy) for brewery_a01:
    narrow openings: 0   isolated rooms: 0   (authoritative check = bake a navmesh in Godot)
  stairwell systems for brewery_a01:
    systems: 1   egress-role: 0   classified: 1   routes: room-graph   (authoritative check = walk it; this is room-graph intel)
  STAIR-WARN: STAIRWELL STAIR_NOT_ENCLOSED: 'br01_stair_0' sits inside 'brew_floor' (role 'open_floor') on story 0, not a stairwell -- it reads as a stair sprouting in the middle of an open room. Enclose it in a dedicated stairwell/corridor room (role in ['connector', 'corridor', 'hall', 'hallway', 'service', 'stairwell']) with a doored approach.
  STAIR-WARN: STAIRWELL STAIR_LATERAL_OPEN: 'br01_stair_0' W side of the flight is open (largest gap 4.20 m > 0.5 m envelope) -- a stair floating open in the floor plate: a body walks/is pushed off the side, and the shaft reads as a hole in the AI navmesh. Fix by relocating it against a wall/corridor (stair_place edge zones) or enclosing the side with a wall or guard along the full flight and landing. A guarded feature stair is fine; a bare mid-floor one is not.
  STAIR-WARN: STAIRWELL STAIR_LATERAL_OPEN: 'br01_stair_0' E side of the flight is open (largest gap 4.20 m > 0.5 m envelope) -- a stair floating open in the floor plate: a body walks/is pushed off the side, and the shaft reads as a hole in the AI navmesh. Fix by relocating it against a wall/corridor (stair_place edge zones) or enclosing the side with a wall or guard along the full flight and landing. A guarded feature stair is fine; a bare mid-floor one is not.
  ladder systems for brewery_a01:
    ladders: 1   secondary-escape: 0   routes: room-graph   (a ladder is never ordinary egress; this is room-graph intel)
  pvp_heist profile for brewery_a01:
    attackers: 2   defenders: 1   objective rooms: recipe_lab
    disjoint routes: 3   extraction via: extraction-facing exit (entry rooms)   protected rotation: yes
    flank: entries on faces ['E', 'N', 'S']   breaches: 2   stairs: 1   ladders: 1
  floorplan: 2 story SVG(s) -> build/floorplans/ (brewery_a01.floor0.svg, brewery_a01.floor1.svg)
    [ground]  (190 samples)
      death lane (longest clear sightline): 43.3 m  [long]
      intent mismatch: room 'taproom' authored 'medium' but plays 'long' (43.3 m sightline)
    [floor 1]  (194 samples)
      death lane (longest clear sightline): 44.1 m  [long]
      objective room 'recipe_lab': 3 entries
      intent mismatch: room 'catwalk_south' authored 'medium' but plays 'long' (43.7 m sightline)
      intent mismatch: room 'lab_hall' authored 'medium' but plays 'long' (30.9 m sightline)
      intent mismatch: room 'recipe_lab' authored 'close' but plays 'medium' (17.0 m sightline)
  sightlines: 2 overlay SVG(s) -> build/floorplans/
  -> OK

== brewery_a02.json ==
  loader OK: 'brewery_a02', 1 stories, 11 features, 0 assets
  TACTICAL-WARN: stair #0 pitch 50deg is at/over the 45deg walkable limit -- the ramp collider won't be climbable. Lengthen run (>= 7.0m for ~35deg) or add a controller step-up.
  TACTICAL-WARN: stair #1 pitch 50deg is at/over the 45deg walkable limit -- the ramp collider won't be climbable. Lengthen run (>= 7.0m for ~35deg) or add a controller step-up.
  scorecard for brewery_a02 [assault]:
    floors: 2   rooms: 4   markers: 7
    attacker entries: 4   objective rooms: 1   breach points: 2
    vertical links: 2   unreachable rooms: 0
    routes to objective (min): 1   chokepoints: none
    errors: 0   warnings: 0
  poly estimate for brewery_a02:
    ~948 tris across 61 mesh pieces (Environment budget: 50-500 target, 1000 cap per piece)
    biggest piece: ext_S_0 (~60 tris)
  enterability: 4 usable entry(s) (3 door/garage, 4 standing) on walls ['N', 'S', 'W']
  ENTRY-NOTE: entry swing/vault clearance on both faces is a walk-test fact ù offline can't confirm the space is physically clear.
  navigability (offline proxy) for brewery_a02:
    narrow openings: 0   isolated rooms: 0   (authoritative check = bake a navmesh in Godot)
  stairwell systems for brewery_a02:
    systems: 2   egress-role: 0   classified: 2   routes: room-graph   (authoritative check = walk it; this is room-graph intel)
  STAIR-WARN: STAIRWELL STAIR_LATERAL_OPEN: 'br02_stair_n' S side of the flight is open (largest gap 4.20 m > 0.5 m envelope) -- a stair floating open in the floor plate: a body walks/is pushed off the side, and the shaft reads as a hole in the AI navmesh. Fix by relocating it against a wall/corridor (stair_place edge zones) or enclosing the side with a wall or guard along the full flight and landing. A guarded feature stair is fine; a bare mid-floor one is not.
  STAIR-WARN: STAIRWELL STAIR_LATERAL_OPEN: 'br02_stair_n' N side of the flight is open (largest gap 4.20 m > 0.5 m envelope) -- a stair floating open in the floor plate: a body walks/is pushed off the side, and the shaft reads as a hole in the AI navmesh. Fix by relocating it against a wall/corridor (stair_place edge zones) or enclosing the side with a wall or guard along the full flight and landing. A guarded feature stair is fine; a bare mid-floor one is not.
  STAIR-WARN: STAIRWELL STAIR_NOT_ENCLOSED: 'br02_stair_s' sits inside 'brew_hall' (role 'public_entry') on story 0, not a stairwell -- it reads as a stair sprouting in the middle of an open room. Enclose it in a dedicated stairwell/corridor room (role in ['connector', 'corridor', 'hall', 'hallway', 'service', 'stairwell']) with a doored approach.
  STAIR-WARN: STAIRWELL STAIR_LATERAL_OPEN: 'br02_stair_s' S side of the flight is open (largest gap 4.20 m > 0.5 m envelope) -- a stair floating open in the floor plate: a body walks/is pushed off the side, and the shaft reads as a hole in the AI navmesh. Fix by relocating it against a wall/corridor (stair_place edge zones) or enclosing the side with a wall or guard along the full flight and landing. A guarded feature stair is fine; a bare mid-floor one is not.
  STAIR-WARN: STAIRWELL STAIR_LATERAL_OPEN: 'br02_stair_s' N side of the flight is open (largest gap 4.20 m > 0.5 m envelope) -- a stair floating open in the floor plate: a body walks/is pushed off the side, and the shaft reads as a hole in the AI navmesh. Fix by relocating it against a wall/corridor (stair_place edge zones) or enclosing the side with a wall or guard along the full flight and landing. A guarded feature stair is fine; a bare mid-floor one is not.
  pvp_heist profile for brewery_a02:
    attackers: 2   defenders: 1   objective rooms: barrel_vault
    disjoint routes: 3   extraction via: extraction-facing exit (entry rooms)   protected rotation: yes
    flank: entries on faces ['N', 'S', 'W']   breaches: 2   stairs: 2   ladders: 0
  floorplan: 2 story SVG(s) -> build/floorplans/ (brewery_a02.floorB.svg, brewery_a02.floor0.svg)
    [basement]  (187 samples)
      death lane (longest clear sightline): 41.3 m  [long]
      objective room 'barrel_vault': 2 entries
      intent mismatch: room 'cellar_west' authored 'medium' but plays 'long' (32.9 m sightline)
      intent mismatch: room 'barrel_vault' authored 'close' but plays 'long' (35.4 m sightline)
    [ground]  (182 samples)
      death lane (longest clear sightline): 41.8 m  [long]
      weak cover 'None': in LOS of 2/2 attacker spawns
      intent mismatch: room 'north_stock' authored 'medium' but plays 'long' (41.5 m sightline)
  sightlines: 2 overlay SVG(s) -> build/floorplans/
  -> OK

== brewery_a03.json ==
  loader OK: 'brewery_a03', 1 stories, 9 features, 0 assets
  scorecard for brewery_a03 [assault]:
    floors: 1   rooms: 3   markers: 7
    attacker entries: 4   objective rooms: 1   breach points: 2
    vertical links: 1   unreachable rooms: 0
    routes to objective (min): 1   chokepoints: none
    errors: 0   warnings: 0
  poly estimate for brewery_a03:
    ~600 tris across 30 mesh pieces (Environment budget: 50-500 target, 1000 cap per piece)
    biggest piece: ext_S_0 (~84 tris)
  enterability: 5 usable entry(s) (3 door/garage, 4 standing) on walls ['E', 'N', 'S']
  ENTRY-WARN: crouch-only entry on the S wall: 1.4 m tall.
  ENTRY-NOTE: entry swing/vault clearance on both faces is a walk-test fact ù offline can't confirm the space is physically clear.
  navigability (offline proxy) for brewery_a03:
    narrow openings: 0   isolated rooms: 0   (authoritative check = bake a navmesh in Godot)
  ladder systems for brewery_a03:
    ladders: 1   secondary-escape: 0   routes: room-graph   (a ladder is never ordinary egress; this is room-graph intel)
  pvp_heist profile for brewery_a03:
    attackers: 2   defenders: 1   objective rooms: cash_office
    disjoint routes: 2   extraction via: extraction-facing exit (entry rooms)   protected rotation: yes
    flank: entries on faces ['E', 'N', 'S']   breaches: 2   stairs: 0   ladders: 1
  floorplan: 1 story SVG(s) -> build/floorplans/ (brewery_a03.floor0.svg)
    [ground]  (239 samples)
      death lane (longest clear sightline): 41.0 m  [long]
      longest exposed approach (no cover within 2.5 m): 32.5 m
      objective room 'cash_office': 3 entries
      weak cover 'None': in LOS of 1/2 attacker spawns
      intent mismatch: room 'taproom' authored 'medium' but plays 'long' (40.8 m sightline)
      intent mismatch: room 'cash_office' authored 'close' but plays 'medium' (15.0 m sightline)
      intent mismatch: room 'brew_back' authored 'medium' but plays 'long' (27.7 m sightline)
  sightlines: 1 overlay SVG(s) -> build/floorplans/
  -> OK

== casino_a01.json ==
  loader OK: 'casino_a01', 1 stories, 13 features, 0 assets
  scorecard for casino_a01 [assault]:
    floors: 1   rooms: 3   markers: 7
    attacker entries: 6   objective rooms: 1   breach points: 2
    vertical links: 1   unreachable rooms: 0
    routes to objective (min): 1   chokepoints: none
    errors: 0   warnings: 0
  poly estimate for casino_a01:
    ~720 tris across 34 mesh pieces (Environment budget: 50-500 target, 1000 cap per piece)
    biggest piece: ext_S_0 (~84 tris)
  enterability: 6 usable entry(s) (5 door/garage, 6 standing) on walls ['E', 'N', 'S', 'W']
  ENTRY-NOTE: entry swing/vault clearance on both faces is a walk-test fact ù offline can't confirm the space is physically clear.
  navigability (offline proxy) for casino_a01:
    narrow openings: 0   isolated rooms: 0   (authoritative check = bake a navmesh in Godot)
  ladder systems for casino_a01:
    ladders: 1   secondary-escape: 0   routes: room-graph   (a ladder is never ordinary egress; this is room-graph intel)
  pvp_heist profile for casino_a01:
    attackers: 2   defenders: 1   objective rooms: cage
    disjoint routes: 2   extraction via: extraction-facing exit (entry rooms)   protected rotation: yes
    flank: entries on faces ['E', 'N', 'S', 'W']   breaches: 2   stairs: 0   ladders: 1
  floorplan: 1 story SVG(s) -> build/floorplans/ (casino_a01.floor0.svg)
    [ground]  (194 samples)
      death lane (longest clear sightline): 47.2 m  [long]
      longest exposed approach (no cover within 2.5 m): 29.0 m
      objective room 'cage': 4 entries
      intent mismatch: room 'cage' authored 'close' but plays 'medium' (10.1 m sightline)
      intent mismatch: room 'count_corridor' authored 'medium' but plays 'long' (33.8 m sightline)
  sightlines: 1 overlay SVG(s) -> build/floorplans/
  -> OK

== casino_a02.json ==
  loader OK: 'casino_a02', 1 stories, 13 features, 0 assets
  TACTICAL-WARN: stair #0 pitch 50deg is at/over the 45deg walkable limit -- the ramp collider won't be climbable. Lengthen run (>= 6.4m for ~35deg) or add a controller step-up.
  TACTICAL-WARN: stair #1 pitch 50deg is at/over the 45deg walkable limit -- the ramp collider won't be climbable. Lengthen run (>= 6.4m for ~35deg) or add a controller step-up.
  scorecard for casino_a02 [assault]:
    floors: 2   rooms: 4   markers: 7
    attacker entries: 6   objective rooms: 1   breach points: 2
    vertical links: 2   unreachable rooms: 0
    routes to objective (min): 1   chokepoints: none
    errors: 0   warnings: 0
  poly estimate for casino_a02:
    ~1020 tris across 59 mesh pieces (Environment budget: 50-500 target, 1000 cap per piece)
    biggest piece: ext_S_0 (~84 tris)
  enterability: 6 usable entry(s) (5 door/garage, 6 standing) on walls ['E', 'N', 'S', 'W']
  ENTRY-NOTE: entry swing/vault clearance on both faces is a walk-test fact ù offline can't confirm the space is physically clear.
  navigability (offline proxy) for casino_a02:
    narrow openings: 0   isolated rooms: 0   (authoritative check = bake a navmesh in Godot)
  stairwell systems for casino_a02:
    systems: 2   egress-role: 0   classified: 2   routes: room-graph   (authoritative check = walk it; this is room-graph intel)
  STAIR-WARN: STAIRWELL STAIR_LATERAL_OPEN: 'ca02_stair_n' S side of the flight is open (largest gap 3.90 m > 0.5 m envelope) -- a stair floating open in the floor plate: a body walks/is pushed off the side, and the shaft reads as a hole in the AI navmesh. Fix by relocating it against a wall/corridor (stair_place edge zones) or enclosing the side with a wall or guard along the full flight and landing. A guarded feature stair is fine; a bare mid-floor one is not.
  STAIR-WARN: STAIRWELL STAIR_LATERAL_OPEN: 'ca02_stair_n' N side of the flight is open (largest gap 3.90 m > 0.5 m envelope) -- a stair floating open in the floor plate: a body walks/is pushed off the side, and the shaft reads as a hole in the AI navmesh. Fix by relocating it against a wall/corridor (stair_place edge zones) or enclosing the side with a wall or guard along the full flight and landing. A guarded feature stair is fine; a bare mid-floor one is not.
  STAIR-WARN: STAIRWELL STAIR_NOT_ENCLOSED: 'ca02_stair_s' sits inside 'gaming_floor' (role 'public_entry') on story 0, not a stairwell -- it reads as a stair sprouting in the middle of an open room. Enclose it in a dedicated stairwell/corridor room (role in ['connector', 'corridor', 'hall', 'hallway', 'service', 'stairwell']) with a doored approach.
  STAIR-WARN: STAIRWELL STAIR_LATERAL_OPEN: 'ca02_stair_s' S side of the flight is open (largest gap 3.90 m > 0.5 m envelope) -- a stair floating open in the floor plate: a body walks/is pushed off the side, and the shaft reads as a hole in the AI navmesh. Fix by relocating it against a wall/corridor (stair_place edge zones) or enclosing the side with a wall or guard along the full flight and landing. A guarded feature stair is fine; a bare mid-floor one is not.
  STAIR-WARN: STAIRWELL STAIR_LATERAL_OPEN: 'ca02_stair_s' N side of the flight is open (largest gap 3.90 m > 0.5 m envelope) -- a stair floating open in the floor plate: a body walks/is pushed off the side, and the shaft reads as a hole in the AI navmesh. Fix by relocating it against a wall/corridor (stair_place edge zones) or enclosing the side with a wall or guard along the full flight and landing. A guarded feature stair is fine; a bare mid-floor one is not.
  pvp_heist profile for casino_a02:
    attackers: 2   defenders: 1   objective rooms: count_room
    disjoint routes: 3   extraction via: extraction-facing exit (entry rooms)   protected rotation: yes
    flank: entries on faces ['E', 'N', 'S', 'W']   breaches: 2   stairs: 2   ladders: 0
  floorplan: 2 story SVG(s) -> build/floorplans/ (casino_a02.floorB.svg, casino_a02.floor0.svg)
    [basement]  (210 samples)
      death lane (longest clear sightline): 46.0 m  [long]
      objective room 'count_room': 2 entries
      intent mismatch: room 'under_hall' authored 'medium' but plays 'long' (34.2 m sightline)
      intent mismatch: room 'count_room' authored 'close' but plays 'long' (34.2 m sightline)
    [ground]  (214 samples)
      death lane (longest clear sightline): 47.7 m  [long]
      intent mismatch: room 'pit_corridor' authored 'medium' but plays 'long' (45.9 m sightline)
  sightlines: 2 overlay SVG(s) -> build/floorplans/
  -> OK

== casino_a03.json ==
  loader OK: 'casino_a03', 2 stories, 13 features, 0 assets
  TACTICAL-WARN: stair #0 pitch 49deg is at/over the 45deg walkable limit -- the ramp collider won't be climbable. Lengthen run (>= 5.9m for ~35deg) or add a controller step-up.
  scorecard for casino_a03 [assault]:
    floors: 2   rooms: 5   markers: 7
    attacker entries: 6   objective rooms: 1   breach points: 2
    vertical links: 2   unreachable rooms: 0
    routes to objective (min): 1   chokepoints: none
    errors: 0   warnings: 0
  poly estimate for casino_a03:
    ~1056 tris across 54 mesh pieces (Environment budget: 50-500 target, 1000 cap per piece)
    biggest piece: ext_S_0 (~84 tris)
  enterability: 6 usable entry(s) (5 door/garage, 6 standing) on walls ['E', 'N', 'S', 'W']
  ENTRY-NOTE: entry swing/vault clearance on both faces is a walk-test fact ù offline can't confirm the space is physically clear.
  navigability (offline proxy) for casino_a03:
    narrow openings: 0   isolated rooms: 0   (authoritative check = bake a navmesh in Godot)
  stairwell systems for casino_a03:
    systems: 1   egress-role: 0   classified: 1   routes: room-graph   (authoritative check = walk it; this is room-graph intel)
  STAIR-WARN: STAIRWELL STAIR_NOT_ENCLOSED: 'ca03_stair_0' sits inside 'gaming_floor' (role 'public_entry') on story 0, not a stairwell -- it reads as a stair sprouting in the middle of an open room. Enclose it in a dedicated stairwell/corridor room (role in ['connector', 'corridor', 'hall', 'hallway', 'service', 'stairwell']) with a doored approach.
  STAIR-WARN: STAIRWELL STAIR_LATERAL_OPEN: 'ca03_stair_0' W side of the flight is open (largest gap 3.60 m > 0.5 m envelope) -- a stair floating open in the floor plate: a body walks/is pushed off the side, and the shaft reads as a hole in the AI navmesh. Fix by relocating it against a wall/corridor (stair_place edge zones) or enclosing the side with a wall or guard along the full flight and landing. A guarded feature stair is fine; a bare mid-floor one is not.
  STAIR-WARN: STAIRWELL STAIR_LATERAL_OPEN: 'ca03_stair_0' E side of the flight is open (largest gap 3.60 m > 0.5 m envelope) -- a stair floating open in the floor plate: a body walks/is pushed off the side, and the shaft reads as a hole in the AI navmesh. Fix by relocating it against a wall/corridor (stair_place edge zones) or enclosing the side with a wall or guard along the full flight and landing. A guarded feature stair is fine; a bare mid-floor one is not.
  ladder systems for casino_a03:
    ladders: 1   secondary-escape: 0   routes: room-graph   (a ladder is never ordinary egress; this is room-graph intel)
  pvp_heist profile for casino_a03:
    attackers: 2   defenders: 1   objective rooms: high_roller_suite
    disjoint routes: 4   extraction via: extraction-facing exit (entry rooms)   protected rotation: yes
    flank: entries on faces ['E', 'N', 'S', 'W']   breaches: 2   stairs: 1   ladders: 1
  floorplan: 2 story SVG(s) -> build/floorplans/ (casino_a03.floor0.svg, casino_a03.floor1.svg)
    [ground]  (175 samples)
      death lane (longest clear sightline): 44.1 m  [long]
      intent mismatch: room 'gaming_floor' authored 'medium' but plays 'long' (43.2 m sightline)
      intent mismatch: room 'pit_corridor' authored 'medium' but plays 'long' (40.7 m sightline)
    [floor 1]  (168 samples)
      death lane (longest clear sightline): 41.5 m  [long]
      objective room 'high_roller_suite': 3 entries
      intent mismatch: room 'upper_ring' authored 'medium' but plays 'long' (41.5 m sightline)
      intent mismatch: room 'upper_west' authored 'close' but plays 'long' (28.5 m sightline)
      intent mismatch: room 'high_roller_suite' authored 'close' but plays 'medium' (15.0 m sightline)
  sightlines: 2 overlay SVG(s) -> build/floorplans/
  -> OK

== cbp_town_finale_midbalanced_schemafixed.json ==
  loader OK: 'cbp_town_finale_midbalanced', 3 stories, 72 features, 0 assets
  TACTICAL-WARN: ramp #2 slope 18deg exceeds walkable max 18deg (consider stairs or a longer run)
  TACTICAL-WARN: stair #2 pitch 39deg is steep (walkable but uncomfortable); run >= 5.6m gives a gentler ~35deg.
  TACTICAL-WARN: stair #3 pitch 39deg is steep (walkable but uncomfortable); run >= 5.6m gives a gentler ~35deg.
  scorecard for cbp_town_finale_midbalanced [heist]:
    objectives: 10 (8 required)   entries: 10   markers: 61
    loot: 6 spawns, 15 bags, value 500000
    extraction zones: 1   secure/drop zones: 8   unreachable objectives: 0
    routes to objective (min): 1   chokepoints: none
    phases: alarm, escape, loud, stealth
    errors: 0   warnings: 0
  poly estimate for cbp_town_finale_midbalanced:
    ~4608 tris across 260 mesh pieces (Environment budget: 50-500 target, 1000 cap per piece)
    biggest piece: ext_S_0 (~84 tris)
  enterability: 10 usable entry(s) (10 door/garage, 10 standing) on walls ['E', 'N', 'S', 'W']
  ENTRY-NOTE: entry swing/vault clearance on both faces is a walk-test fact ù offline can't confirm the space is physically clear.
  navigability (offline proxy) for cbp_town_finale_midbalanced:
    narrow openings: 13   isolated rooms: 0   (authoritative check = bake a navmesh in Godot)
  NAV-WARN: NAV: 13 opening(s) narrower than ~1.2m may block a 0.4m-radius nav agent: 1.20m door (ext W@0), 1.20m door (ext E@0), 1.10m door (partition #2@0), 1.10m door (partition #2@0), 1.20m door (partition #11@2), 1.20m door (partition #11@2), 1.20m door (partition #12@2), 1.20m door (partition #12@2), 1.20m door (partition #12@2), 1.20m door (partition #13@2), 1.20m door (partition #13@2), 1.20m door (partition #14@2), 1.20m door (partition #14@2). (Widen, or confirm your agent radius is smaller; verify with a real navmesh.)
  stairwell systems for cbp_town_finale_midbalanced:
    systems: 4   egress-role: 0   classified: 4   routes: room-graph   (authoritative check = walk it; this is room-graph intel)
  STAIR-WARN: STAIRWELL STAIR_NOT_ENCLOSED: 'cbp_town_finale_midbalanced_stair_0' sits inside 'third_base_gate_plaza' (role 'public_entry') on story 0, not a stairwell -- it reads as a stair sprouting in the middle of an open room. Enclose it in a dedicated stairwell/corridor room (role in ['connector', 'corridor', 'hall', 'hallway', 'service', 'stairwell']) with a doored approach.
  STAIR-WARN: STAIRWELL STAIR_ACCESS_THROUGH_PROHIBITED_ROOM: 'cbp_town_finale_midbalanced_stair_0' on story 1 is approached through 'west_club_security' (role 'objective_room') -- prohibited for a required stair (Rule 3).
  STAIR-WARN: STAIRWELL STAIR_VOLUME_INVADED: 'cbp_town_finale_midbalanced_stair_0' reserved volume is occupied by volume 'security_console_cluster' -- stair runs, landings, and discharge are reserved space, not leftover space (Rule 10).
  STAIR-WARN: STAIRWELL STAIR_LATERAL_OPEN: 'cbp_town_finale_midbalanced_stair_0' W side of the flight is open (largest gap 6.50 m > 0.5 m envelope) -- a stair floating open in the floor plate: a body walks/is pushed off the side, and the shaft reads as a hole in the AI navmesh. Fix by relocating it against a wall/corridor (stair_place edge zones) or enclosing the side with a wall or guard along the full flight and landing. A guarded feature stair is fine; a bare mid-floor one is not.
  STAIR-WARN: STAIRWELL STAIR_LATERAL_OPEN: 'cbp_town_finale_midbalanced_stair_0' E side of the flight is open (largest gap 5.05 m > 0.5 m envelope) -- a stair floating open in the floor plate: a body walks/is pushed off the side, and the shaft reads as a hole in the AI navmesh. Fix by relocating it against a wall/corridor (stair_place edge zones) or enclosing the side with a wall or guard along the full flight and landing. A guarded feature stair is fine; a bare mid-floor one is not.
  STAIR-WARN: STAIRWELL STAIR_OPENING_UNGUARDED: 'cbp_town_finale_midbalanced_stair_0' N edge of the reserved opening is unguarded (largest gap 4.40 m > 0.5 m envelope) -- a body on the upper floor can walk into the stairwell; guard every floor-opening edge except the stair mouth (Rule 4).
  STAIR-WARN: STAIRWELL STAIR_NOT_ENCLOSED: 'cbp_town_finale_midbalanced_stair_1' sits inside 'first_base_gate_plaza' (role 'public_entry') on story 0, not a stairwell -- it reads as a stair sprouting in the middle of an open room. Enclose it in a dedicated stairwell/corridor room (role in ['connector', 'corridor', 'hall', 'hallway', 'service', 'stairwell']) with a doored approach.
  STAIR-WARN: STAIRWELL STAIR_ACCESS_THROUGH_PROHIBITED_ROOM: 'cbp_town_finale_midbalanced_stair_1' on story 1 is approached through 'east_cash_counting' (role 'objective_room') -- prohibited for a required stair (Rule 3).
  STAIR-WARN: STAIRWELL STAIR_VOLUME_INVADED: 'cbp_town_finale_midbalanced_stair_1' reserved volume is occupied by volume 'cash_counting_tables' -- stair runs, landings, and discharge are reserved space, not leftover space (Rule 10).
  STAIR-WARN: STAIRWELL STAIR_LATERAL_OPEN: 'cbp_town_finale_midbalanced_stair_1' W side of the flight is open (largest gap 4.75 m > 0.5 m envelope) -- a stair floating open in the floor plate: a body walks/is pushed off the side, and the shaft reads as a hole in the AI navmesh. Fix by relocating it against a wall/corridor (stair_place edge zones) or enclosing the side with a wall or guard along the full flight and landing. A guarded feature stair is fine; a bare mid-floor one is not.
  STAIR-WARN: STAIRWELL STAIR_LATERAL_OPEN: 'cbp_town_finale_midbalanced_stair_1' E side of the flight is open (largest gap 6.50 m > 0.5 m envelope) -- a stair floating open in the floor plate: a body walks/is pushed off the side, and the shaft reads as a hole in the AI navmesh. Fix by relocating it against a wall/corridor (stair_place edge zones) or enclosing the side with a wall or guard along the full flight and landing. A guarded feature stair is fine; a bare mid-floor one is not.
  STAIR-WARN: STAIRWELL STAIR_OPENING_UNGUARDED: 'cbp_town_finale_midbalanced_stair_1' N edge of the reserved opening is unguarded (largest gap 4.40 m > 0.5 m envelope) -- a body on the upper floor can walk into the stairwell; guard every floor-opening edge except the stair mouth (Rule 4).
  STAIR-WARN: STAIRWELL STAIR_ACCESS_THROUGH_PROHIBITED_ROOM: 'cbp_town_finale_midbalanced_stair_2' on story 0 is approached through 'left_field_service_ring' (role 'objective_room') -- prohibited for a required stair (Rule 3).
  STAIR-WARN: STAIRWELL STAIR_VOLUME_INVADED: 'cbp_town_finale_midbalanced_stair_2' reserved volume is occupied by volume 'left_field_power_cabinet' -- stair runs, landings, and discharge are reserved space, not leftover space (Rule 10).
  STAIR-WARN: STAIRWELL STAIR_LATERAL_OPEN: 'cbp_town_finale_midbalanced_stair_2' W side of the flight is open (largest gap 2.25 m > 0.5 m envelope) -- a stair floating open in the floor plate: a body walks/is pushed off the side, and the shaft reads as a hole in the AI navmesh. Fix by relocating it against a wall/corridor (stair_place edge zones) or enclosing the side with a wall or guard along the full flight and landing. A guarded feature stair is fine; a bare mid-floor one is not.
  STAIR-WARN: STAIRWELL STAIR_LATERAL_OPEN: 'cbp_town_finale_midbalanced_stair_2' E side of the flight is open (largest gap 5.00 m > 0.5 m envelope) -- a stair floating open in the floor plate: a body walks/is pushed off the side, and the shaft reads as a hole in the AI navmesh. Fix by relocating it against a wall/corridor (stair_place edge zones) or enclosing the side with a wall or guard along the full flight and landing. A guarded feature stair is fine; a bare mid-floor one is not.
  STAIR-WARN: STAIRWELL STAIR_LATERAL_OPEN: 'cbp_town_finale_midbalanced_stair_3' W side of the flight is open (largest gap 5.00 m > 0.5 m envelope) -- a stair floating open in the floor plate: a body walks/is pushed off the side, and the shaft reads as a hole in the AI navmesh. Fix by relocating it against a wall/corridor (stair_place edge zones) or enclosing the side with a wall or guard along the full flight and landing. A guarded feature stair is fine; a bare mid-floor one is not.
  STAIR-WARN: STAIRWELL STAIR_LATERAL_OPEN: 'cbp_town_finale_midbalanced_stair_3' E side of the flight is open (largest gap 5.00 m > 0.5 m envelope) -- a stair floating open in the floor plate: a body walks/is pushed off the side, and the shaft reads as a hole in the AI navmesh. Fix by relocating it against a wall/corridor (stair_place edge zones) or enclosing the side with a wall or guard along the full flight and landing. A guarded feature stair is fine; a bare mid-floor one is not.
  ladder systems for cbp_town_finale_midbalanced:
    ladders: 3   secondary-escape: 0   routes: room-graph   (a ladder is never ordinary egress; this is room-graph intel)
  floorplan: 3 story SVG(s) -> build/floorplans/ (cbp_town_finale_midbalanced.floor0.svg, cbp_town_finale_midbalanced.floor1.svg, cbp_town_finale_midbalanced.floor2.svg)
    [ground]  (222 samples)
      death lane (longest clear sightline): 62.5 m  [long]
      objective room 'left_field_service_ring': 3 entries
      intent mismatch: room 'third_base_gate_plaza' authored 'medium' but plays 'long' (25.5 m sightline)
      intent mismatch: room 'home_plate_gate_plaza' authored 'medium' but plays 'long' (32.1 m sightline)
      intent mismatch: room 'first_base_gate_plaza' authored 'medium' but plays 'long' (25.5 m sightline)
      intent mismatch: room 'third_base_concourse' authored 'medium' but plays 'long' (24.0 m sightline)
      intent mismatch: room 'main_concourse' authored 'medium' but plays 'long' (33.0 m sightline)
      intent mismatch: room 'first_base_concourse' authored 'medium' but plays 'long' (24.0 m sightline)
      intent mismatch: room 'third_base_vomitory' authored 'long' but plays 'medium' (16.5 m sightline)
      intent mismatch: room 'left_field_service_ring' authored 'medium' but plays 'long' (21.5 m sightline)
      intent mismatch: room 'right_field_service_ring' authored 'medium' but plays 'long' (24.0 m sightline)
      intent mismatch: room 'left_field_loading' authored 'medium' but plays 'long' (24.2 m sightline)
      intent mismatch: room 'center_field_loading_dock' authored 'medium' but plays 'long' (33.1 m sightline)
      intent mismatch: room 'right_field_loading' authored 'medium' but plays 'long' (23.7 m sightline)
    [floor 1]  (234 samples)
      death lane (longest clear sightline): 65.5 m  [long]
      objective room 'west_club_security': 2 entries
      objective room 'east_cash_counting': 2 entries
      objective room 'scoreboard_back_of_house': 3 entries
      intent mismatch: room 'west_club_security' authored 'medium' but plays 'long' (24.2 m sightline)
      intent mismatch: room 'club_lobby' authored 'medium' but plays 'long' (34.5 m sightline)
      intent mismatch: room 'east_cash_counting' authored 'medium' but plays 'long' (24.0 m sightline)
      intent mismatch: room 'west_suite_concourse' authored 'medium' but plays 'long' (22.8 m sightline)
      intent mismatch: room 'east_suite_concourse' authored 'medium' but plays 'long' (24.0 m sightline)
      intent mismatch: room 'scoreboard_back_of_house' authored 'medium' but plays 'long' (34.6 m sightline)
    [floor 2]  (236 samples)
      death lane (longest clear sightline): 76.0 m  [long]
      objective room 'broadcast_booth': 3 entries
      objective room 'scoreboard_control_catwalk': 3 entries
      intent mismatch: room 'west_press_booths' authored 'medium' but plays 'long' (30.9 m sightline)
      intent mismatch: room 'broadcast_booth' authored 'medium' but plays 'long' (34.6 m sightline)
      intent mismatch: room 'east_press_booths' authored 'medium' but plays 'long' (27.7 m sightline)
      intent mismatch: room 'west_press_hall' authored 'medium' but plays 'long' (24.0 m sightline)
      intent mismatch: room 'press_service_hall' authored 'medium' but plays 'long' (34.6 m sightline)
      intent mismatch: room 'east_press_hall' authored 'medium' but plays 'long' (30.0 m sightline)
      intent mismatch: room 'scoreboard_control_catwalk' authored 'medium' but plays 'long' (35.7 m sightline)
  sightlines: 3 overlay SVG(s) -> build/floorplans/
  -> OK

== clinic_a01.json ==
  loader OK: 'clinic_a01', 1 stories, 8 features, 0 assets
  scorecard for clinic_a01 [assault]:
    floors: 1   rooms: 3   markers: 7
    attacker entries: 4   objective rooms: 1   breach points: 2
    vertical links: 0   unreachable rooms: 0
    routes to objective (min): 1   chokepoints: none
    errors: 0   warnings: 0
  poly estimate for clinic_a01:
    ~372 tris across 9 mesh pieces (Environment budget: 50-500 target, 1000 cap per piece)
    biggest piece: ext_S_0 (~84 tris)
  enterability: 6 usable entry(s) (3 door/garage, 4 standing) on walls ['E', 'N', 'S']
  ENTRY-WARN: crouch-only entry on the S wall: 1.4 m tall.
  ENTRY-WARN: crouch-only entry on the S wall: 1.4 m tall.
  ENTRY-NOTE: entry swing/vault clearance on both faces is a walk-test fact ù offline can't confirm the space is physically clear.
  navigability (offline proxy) for clinic_a01:
    narrow openings: 0   isolated rooms: 0   (authoritative check = bake a navmesh in Godot)
  pvp_heist profile for clinic_a01:
    attackers: 2   defenders: 1   objective rooms: dispensary
    disjoint routes: 2   extraction via: extraction-facing exit (entry rooms)   protected rotation: yes
    flank: entries on faces ['E', 'N', 'S']   breaches: 2   stairs: 0   ladders: 0
  floorplan: 1 story SVG(s) -> build/floorplans/ (clinic_a01.floor0.svg)
    [ground]  (150 samples)
      death lane (longest clear sightline): 30.9 m  [long]
      longest exposed approach (no cover within 2.5 m): 22.0 m
      objective room 'dispensary': 5 entries
      intent mismatch: room 'waiting_room' authored 'medium' but plays 'long' (29.9 m sightline)
      intent mismatch: room 'exam_wing' authored 'close' but plays 'long' (20.1 m sightline)
      intent mismatch: room 'dispensary' authored 'close' but plays 'medium' (10.8 m sightline)
  sightlines: 1 overlay SVG(s) -> build/floorplans/
  -> OK

== clinic_a02.json ==
  loader OK: 'clinic_a02', 2 stories, 10 features, 0 assets
  TACTICAL-WARN: stair #0 pitch 40deg is steep (walkable but uncomfortable); run >= 4.8m gives a gentler ~35deg.
  scorecard for clinic_a02 [assault]:
    floors: 2   rooms: 5   markers: 7
    attacker entries: 3   objective rooms: 1   breach points: 2
    vertical links: 2   unreachable rooms: 0
    routes to objective (min): 1   chokepoints: none
    errors: 0   warnings: 0
  poly estimate for clinic_a02:
    ~840 tris across 44 mesh pieces (Environment budget: 50-500 target, 1000 cap per piece)
    biggest piece: ext_S_0 (~60 tris)
  enterability: 4 usable entry(s) (2 door/garage, 3 standing) on walls ['N', 'S', 'W']
  ENTRY-WARN: crouch-only entry on the S wall: 1.4 m tall.
  ENTRY-NOTE: entry swing/vault clearance on both faces is a walk-test fact ù offline can't confirm the space is physically clear.
  navigability (offline proxy) for clinic_a02:
    narrow openings: 0   isolated rooms: 0   (authoritative check = bake a navmesh in Godot)
  stairwell systems for clinic_a02:
    systems: 1   egress-role: 0   classified: 1   routes: room-graph   (authoritative check = walk it; this is room-graph intel)
  STAIR-WARN: STAIRWELL STAIR_NOT_ENCLOSED: 'cl02_stair_0' sits inside 'offices' (role 'fortifiable') on story 1, not a stairwell -- it reads as a stair sprouting in the middle of an open room. Enclose it in a dedicated stairwell/corridor room (role in ['connector', 'corridor', 'hall', 'hallway', 'service', 'stairwell']) with a doored approach.
  STAIR-WARN: STAIRWELL STAIR_LATERAL_OPEN: 'cl02_stair_0' W side of the flight is open (largest gap 4.00 m > 0.5 m envelope) -- a stair floating open in the floor plate: a body walks/is pushed off the side, and the shaft reads as a hole in the AI navmesh. Fix by relocating it against a wall/corridor (stair_place edge zones) or enclosing the side with a wall or guard along the full flight and landing. A guarded feature stair is fine; a bare mid-floor one is not.
  STAIR-WARN: STAIRWELL STAIR_LATERAL_OPEN: 'cl02_stair_0' E side of the flight is open (largest gap 4.00 m > 0.5 m envelope) -- a stair floating open in the floor plate: a body walks/is pushed off the side, and the shaft reads as a hole in the AI navmesh. Fix by relocating it against a wall/corridor (stair_place edge zones) or enclosing the side with a wall or guard along the full flight and landing. A guarded feature stair is fine; a bare mid-floor one is not.
  ladder systems for clinic_a02:
    ladders: 1   secondary-escape: 0   routes: room-graph   (a ladder is never ordinary egress; this is room-graph intel)
  pvp_heist profile for clinic_a02:
    attackers: 2   defenders: 1   objective rooms: records_vault
    disjoint routes: 4   extraction via: extraction-facing exit (entry rooms)   protected rotation: yes
    flank: entries on faces ['N', 'S', 'W']   breaches: 2   stairs: 1   ladders: 1
  floorplan: 2 story SVG(s) -> build/floorplans/ (clinic_a02.floor0.svg, clinic_a02.floor1.svg)
    [ground]  (124 samples)
      death lane (longest clear sightline): 28.5 m  [long]
      weak cover 'None': in LOS of 1/2 attacker spawns
      intent mismatch: room 'waiting_room' authored 'medium' but plays 'long' (28.5 m sightline)
      intent mismatch: room 'exam_wing' authored 'close' but plays 'long' (27.7 m sightline)
    [floor 1]  (130 samples)
      death lane (longest clear sightline): 29.3 m  [long]
      objective room 'records_vault': 3 entries
      intent mismatch: room 'upper_hall' authored 'medium' but plays 'long' (28.5 m sightline)
      intent mismatch: room 'offices' authored 'close' but plays 'medium' (16.2 m sightline)
      intent mismatch: room 'records_vault' authored 'close' but plays 'medium' (12.7 m sightline)
  sightlines: 2 overlay SVG(s) -> build/floorplans/
  -> OK

== construction_site_a01.json ==
  loader OK: 'construction_site_a01', 2 stories, 13 features, 0 assets
  TACTICAL-WARN: stair #0 pitch 42deg is steep (walkable but uncomfortable); run >= 5.0m gives a gentler ~35deg.
  scorecard for construction_site_a01 [assault]:
    floors: 2   rooms: 5   markers: 7
    attacker entries: 6   objective rooms: 1   breach points: 6
    vertical links: 1   unreachable rooms: 0
    routes to objective (min): 1   chokepoints: none
    errors: 0   warnings: 0
  poly estimate for construction_site_a01:
    ~816 tris across 32 mesh pieces (Environment budget: 50-500 target, 1000 cap per piece)
    biggest piece: ext_S_0 (~84 tris)
  enterability: 8 usable entry(s) (3 door/garage, 6 standing) on walls ['E', 'N', 'S', 'W']
  ENTRY-WARN: crouch-only entry on the W wall: 1.4 m tall.
  ENTRY-WARN: crouch-only entry on the W wall: 1.4 m tall.
  ENTRY-NOTE: entry swing/vault clearance on both faces is a walk-test fact ù offline can't confirm the space is physically clear.
  navigability (offline proxy) for construction_site_a01:
    narrow openings: 0   isolated rooms: 0   (authoritative check = bake a navmesh in Godot)
  stairwell systems for construction_site_a01:
    systems: 1   egress-role: 0   classified: 1   routes: room-graph   (authoritative check = walk it; this is room-graph intel)
  STAIR-WARN: STAIRWELL STAIR_NOT_ENCLOSED: 'cs01_stair_0' sits inside 'ground_works' (role 'public_entry') on story 0, not a stairwell -- it reads as a stair sprouting in the middle of an open room. Enclose it in a dedicated stairwell/corridor room (role in ['connector', 'corridor', 'hall', 'hallway', 'service', 'stairwell']) with a doored approach.
  STAIR-WARN: STAIRWELL STAIR_LATERAL_OPEN: 'cs01_stair_0' S side of the flight is open (largest gap 4.00 m > 0.5 m envelope) -- a stair floating open in the floor plate: a body walks/is pushed off the side, and the shaft reads as a hole in the AI navmesh. Fix by relocating it against a wall/corridor (stair_place edge zones) or enclosing the side with a wall or guard along the full flight and landing. A guarded feature stair is fine; a bare mid-floor one is not.
  STAIR-WARN: STAIRWELL STAIR_LATERAL_OPEN: 'cs01_stair_0' N side of the flight is open (largest gap 4.00 m > 0.5 m envelope) -- a stair floating open in the floor plate: a body walks/is pushed off the side, and the shaft reads as a hole in the AI navmesh. Fix by relocating it against a wall/corridor (stair_place edge zones) or enclosing the side with a wall or guard along the full flight and landing. A guarded feature stair is fine; a bare mid-floor one is not.
  pvp_heist profile for construction_site_a01:
    attackers: 2   defenders: 1   objective rooms: site_office
    disjoint routes: 3   extraction via: extraction-facing exit (entry rooms)   protected rotation: yes
    flank: entries on faces ['E', 'N', 'S']   breaches: 6   stairs: 1   ladders: 0
  floorplan: 2 story SVG(s) -> build/floorplans/ (construction_site_a01.floor0.svg, construction_site_a01.floor1.svg)
    [ground]  (185 samples)
      death lane (longest clear sightline): 43.6 m  [long]
      longest exposed approach (no cover within 2.5 m): 41.0 m
      objective room 'site_office': 4 entries
      intent mismatch: room 'site_office' authored 'close' but plays 'medium' (10.1 m sightline)
      intent mismatch: room 'material_bay' authored 'medium' but plays 'long' (30.0 m sightline)
    [floor 1]  (187 samples)
      death lane (longest clear sightline): 44.3 m  [long]
  sightlines: 2 overlay SVG(s) -> build/floorplans/
  -> OK

== construction_site_a02.json ==
  loader OK: 'construction_site_a02', 1 stories, 7 features, 0 assets
  TACTICAL-WARN: stair #0 pitch 44deg is steep (walkable but uncomfortable); run >= 5.3m gives a gentler ~35deg.
  TACTICAL-WARN: stair #1 pitch 44deg is steep (walkable but uncomfortable); run >= 5.3m gives a gentler ~35deg.
  scorecard for construction_site_a02 [assault]:
    floors: 2   rooms: 4   markers: 7
    attacker entries: 4   objective rooms: 1   breach points: 4
    vertical links: 2   unreachable rooms: 0
    routes to objective (min): 1   chokepoints: none
    errors: 0   warnings: 0
  poly estimate for construction_site_a02:
    ~756 tris across 45 mesh pieces (Environment budget: 50-500 target, 1000 cap per piece)
    biggest piece: ext_S_0 (~84 tris)
  enterability: 5 usable entry(s) (2 door/garage, 4 standing) on walls ['N', 'S', 'W']
  ENTRY-WARN: crouch-only entry on the S wall: 1.4 m tall.
  ENTRY-NOTE: entry swing/vault clearance on both faces is a walk-test fact ù offline can't confirm the space is physically clear.
  navigability (offline proxy) for construction_site_a02:
    narrow openings: 0   isolated rooms: 0   (authoritative check = bake a navmesh in Godot)
  stairwell systems for construction_site_a02:
    systems: 2   egress-role: 0   classified: 2   routes: room-graph   (authoritative check = walk it; this is room-graph intel)
  STAIR-WARN: STAIRWELL STAIR_LATERAL_OPEN: 'cs02_stair_n' S side of the flight is open (largest gap 4.00 m > 0.5 m envelope) -- a stair floating open in the floor plate: a body walks/is pushed off the side, and the shaft reads as a hole in the AI navmesh. Fix by relocating it against a wall/corridor (stair_place edge zones) or enclosing the side with a wall or guard along the full flight and landing. A guarded feature stair is fine; a bare mid-floor one is not.
  STAIR-WARN: STAIRWELL STAIR_LATERAL_OPEN: 'cs02_stair_n' N side of the flight is open (largest gap 4.00 m > 0.5 m envelope) -- a stair floating open in the floor plate: a body walks/is pushed off the side, and the shaft reads as a hole in the AI navmesh. Fix by relocating it against a wall/corridor (stair_place edge zones) or enclosing the side with a wall or guard along the full flight and landing. A guarded feature stair is fine; a bare mid-floor one is not.
  STAIR-WARN: STAIRWELL STAIR_NOT_ENCLOSED: 'cs02_stair_s' sits inside 'ground_pour' (role 'public_entry') on story 0, not a stairwell -- it reads as a stair sprouting in the middle of an open room. Enclose it in a dedicated stairwell/corridor room (role in ['connector', 'corridor', 'hall', 'hallway', 'service', 'stairwell']) with a doored approach.
  STAIR-WARN: STAIRWELL STAIR_LATERAL_OPEN: 'cs02_stair_s' S side of the flight is open (largest gap 4.00 m > 0.5 m envelope) -- a stair floating open in the floor plate: a body walks/is pushed off the side, and the shaft reads as a hole in the AI navmesh. Fix by relocating it against a wall/corridor (stair_place edge zones) or enclosing the side with a wall or guard along the full flight and landing. A guarded feature stair is fine; a bare mid-floor one is not.
  STAIR-WARN: STAIRWELL STAIR_LATERAL_OPEN: 'cs02_stair_s' N side of the flight is open (largest gap 4.00 m > 0.5 m envelope) -- a stair floating open in the floor plate: a body walks/is pushed off the side, and the shaft reads as a hole in the AI navmesh. Fix by relocating it against a wall/corridor (stair_place edge zones) or enclosing the side with a wall or guard along the full flight and landing. A guarded feature stair is fine; a bare mid-floor one is not.
  pvp_heist profile for construction_site_a02:
    attackers: 2   defenders: 1   objective rooms: equipment_cage
    disjoint routes: 3   extraction via: extraction-facing exit (entry rooms)   protected rotation: yes
    flank: entries on faces ['N', 'S', 'W']   breaches: 4   stairs: 2   ladders: 0
  floorplan: 2 story SVG(s) -> build/floorplans/ (construction_site_a02.floorB.svg, construction_site_a02.floor0.svg)
    [basement]  (165 samples)
      death lane (longest clear sightline): 38.9 m  [long]
      objective room 'equipment_cage': 2 entries
      intent mismatch: room 'foundation_w' authored 'medium' but plays 'long' (32.4 m sightline)
      intent mismatch: room 'equipment_cage' authored 'close' but plays 'long' (30.4 m sightline)
    [ground]  (238 samples)
      death lane (longest clear sightline): 41.7 m  [long]
      weak cover 'None': in LOS of 1/2 attacker spawns
      intent mismatch: room 'laydown_yard' authored 'medium' but plays 'long' (37.1 m sightline)
  sightlines: 2 overlay SVG(s) -> build/floorplans/
  -> OK

== construction_site_a03.json ==
  loader OK: 'construction_site_a03', 2 stories, 10 features, 0 assets
  TACTICAL-WARN: stair #0 pitch 42deg is steep (walkable but uncomfortable); run >= 5.0m gives a gentler ~35deg.
  scorecard for construction_site_a03 [assault]:
    floors: 2   rooms: 5   markers: 7
    attacker entries: 5   objective rooms: 1   breach points: 4
    vertical links: 1   unreachable rooms: 0
    routes to objective (min): 1   chokepoints: none
    errors: 0   warnings: 0
  poly estimate for construction_site_a03:
    ~708 tris across 29 mesh pieces (Environment budget: 50-500 target, 1000 cap per piece)
    biggest piece: partition_0_0 (~84 tris)
  enterability: 6 usable entry(s) (3 door/garage, 5 standing) on walls ['E', 'N', 'S']
  ENTRY-WARN: crouch-only entry on the S wall: 1.4 m tall.
  ENTRY-NOTE: entry swing/vault clearance on both faces is a walk-test fact ù offline can't confirm the space is physically clear.
  navigability (offline proxy) for construction_site_a03:
    narrow openings: 0   isolated rooms: 0   (authoritative check = bake a navmesh in Godot)
  stairwell systems for construction_site_a03:
    systems: 1   egress-role: 0   classified: 1   routes: room-graph   (authoritative check = walk it; this is room-graph intel)
  STAIR-WARN: STAIRWELL STAIR_NOT_ENCLOSED: 'cs03_stair_0' sits inside 'south_works' (role 'public_entry') on story 0, not a stairwell -- it reads as a stair sprouting in the middle of an open room. Enclose it in a dedicated stairwell/corridor room (role in ['connector', 'corridor', 'hall', 'hallway', 'service', 'stairwell']) with a doored approach.
  STAIR-WARN: STAIRWELL STAIR_LATERAL_OPEN: 'cs03_stair_0' S side of the flight is open (largest gap 4.00 m > 0.5 m envelope) -- a stair floating open in the floor plate: a body walks/is pushed off the side, and the shaft reads as a hole in the AI navmesh. Fix by relocating it against a wall/corridor (stair_place edge zones) or enclosing the side with a wall or guard along the full flight and landing. A guarded feature stair is fine; a bare mid-floor one is not.
  STAIR-WARN: STAIRWELL STAIR_LATERAL_OPEN: 'cs03_stair_0' N side of the flight is open (largest gap 4.00 m > 0.5 m envelope) -- a stair floating open in the floor plate: a body walks/is pushed off the side, and the shaft reads as a hole in the AI navmesh. Fix by relocating it against a wall/corridor (stair_place edge zones) or enclosing the side with a wall or guard along the full flight and landing. A guarded feature stair is fine; a bare mid-floor one is not.
  pvp_heist profile for construction_site_a03:
    attackers: 2   defenders: 1   objective rooms: plan_room
    disjoint routes: 3   extraction via: extraction-facing exit (entry rooms)   protected rotation: yes
    flank: entries on faces ['E', 'N', 'S']   breaches: 4   stairs: 1   ladders: 0
  floorplan: 2 story SVG(s) -> build/floorplans/ (construction_site_a03.floor0.svg, construction_site_a03.floor1.svg)
    [ground]  (191 samples)
      death lane (longest clear sightline): 48.3 m  [long]
      weak cover 'None': in LOS of 1/2 attacker spawns
    [floor 1]  (194 samples)
      death lane (longest clear sightline): 47.0 m  [long]
      objective room 'plan_room': 3 entries
      intent mismatch: room 'upper_west' authored 'close' but plays 'long' (31.3 m sightline)
      intent mismatch: room 'plan_room' authored 'close' but plays 'medium' (13.8 m sightline)
  sightlines: 2 overlay SVG(s) -> build/floorplans/
  -> OK

== corner_deli_heist_01.json ==
  loader OK: 'corner_deli_heist_01', 2 stories, 30 features, 0 assets
  scorecard for corner_deli_heist_01 [heist]:
    objectives: 3 (2 required)   entries: 7   markers: 16
    loot: 4 spawns, 7 bags, value 14700
    extraction zones: 1   secure/drop zones: 2   unreachable objectives: 0
    routes to objective (min): 1   chokepoints: none
    phases: loud, stealth
    errors: 0   warnings: 0
  poly estimate for corner_deli_heist_01:
    ~1968 tris across 100 mesh pieces (Environment budget: 50-500 target, 1000 cap per piece)
    biggest piece: ext_S_0 (~84 tris)
  enterability: 9 usable entry(s) (4 door/garage, 6 standing) on walls ['E', 'N', 'S', 'W']
  ENTRY-WARN: crouch-only entry on the S wall: 1.4 m tall.
  ENTRY-WARN: crouch-only entry on the E wall: 1.4 m tall.
  ENTRY-WARN: crouch-only entry on the E wall: 1.4 m tall.
  ENTRY-NOTE: entry swing/vault clearance on both faces is a walk-test fact ù offline can't confirm the space is physically clear.
  navigability (offline proxy) for corner_deli_heist_01:
    narrow openings: 12   isolated rooms: 0   (authoritative check = bake a navmesh in Godot)
  NAV-WARN: NAV: 12 opening(s) narrower than ~1.2m may block a 0.4m-radius nav agent: 1.20m door (ext S@0), 1.10m door (ext N@0), 1.00m door (ext W@0), 1.10m door (partition #0@-1), 1.10m door (partition #1@-1), 1.10m door (partition #2@0), 1.10m door (partition #3@0), 1.10m door (partition #4@1), 1.00m door (partition #6@-1), 1.10m door (partition #6@-1), 1.00m door (partition #6@-1), 1.00m door (partition #7@-1). (Widen, or confirm your agent radius is smaller; verify with a real navmesh.)
  stairwell systems for corner_deli_heist_01:
    systems: 1   egress-role: 1   classified: 1   routes: room-graph   (authoritative check = walk it; this is room-graph intel)
  STAIR-WARN: STAIRWELL BASEMENT_CONTINUATION_NOT_INTERRUPTED: egress stair 'main_stack' runs through grade into the basement in one shaft; offline review can't see a barrier -- make sure the grade landing interrupts descent (Rule 8).
  STAIR-WARN: STAIRWELL STAIR_DOOR_OPENS_ONTO_TREAD: a door in partition @story -1 sits over 'main_stack' mid-run at (-13.6, 7.5) -- doors belong on landings, never treads (Rule 4).
  ladder systems for corner_deli_heist_01:
    ladders: 1   secondary-escape: 0   routes: room-graph   (a ladder is never ordinary egress; this is room-graph intel)
  floorplan: 3 story SVG(s) -> build/floorplans/ (corner_deli_heist_01.floorB.svg, corner_deli_heist_01.floor0.svg, corner_deli_heist_01.floor1.svg)
    [basement]  (161 samples)
      death lane (longest clear sightline): 37.0 m  [long]
      objective room 'basement_vault': 2 entries
      intent mismatch: room 'basement_corridor' authored 'medium' but plays 'long' (20.4 m sightline)
      intent mismatch: room 'cold_storage_w' authored 'close' but plays 'medium' (9.1 m sightline)
      intent mismatch: room 'cold_storage_e' authored 'close' but plays 'medium' (16.2 m sightline)
      intent mismatch: room 'basement_vault' authored 'close' but plays 'medium' (18.8 m sightline)
    [ground]  (223 samples)
      death lane (longest clear sightline): 36.7 m  [long]
      longest exposed approach (no cover within 2.5 m): 17.0 m
      objective room 'deli_counter': 2 entries
      intent mismatch: room 'deli_counter' authored 'close' but plays 'medium' (10.8 m sightline)
      intent mismatch: room 'market_aisles' authored 'medium' but plays 'long' (21.3 m sightline)
      intent mismatch: room 'kitchen' authored 'close' but plays 'long' (20.1 m sightline)
      intent mismatch: room 'stairwell' authored 'close' but plays 'medium' (9.5 m sightline)
    [floor 1]  (238 samples)
      death lane (longest clear sightline): 37.0 m  [long]
      objective room 'manager_office': 2 entries
      objective room 'server_room': 3 entries
      intent mismatch: room 'manager_office' authored 'medium' but plays 'long' (21.2 m sightline)
      intent mismatch: room 'apartment_hideout' authored 'close' but plays 'long' (23.7 m sightline)
      intent mismatch: room 'server_room' authored 'medium' but plays 'long' (20.4 m sightline)
  sightlines: 3 overlay SVG(s) -> build/floorplans/
  -> OK

== country_club_a01.json ==
  loader OK: 'country_club_a01', 1 stories, 7 features, 0 assets
  TACTICAL-WARN: stair #0 pitch 44deg is steep (walkable but uncomfortable); run >= 5.3m gives a gentler ~35deg.
  TACTICAL-WARN: stair #1 pitch 44deg is steep (walkable but uncomfortable); run >= 5.3m gives a gentler ~35deg.
  scorecard for country_club_a01 [assault]:
    floors: 2   rooms: 4   markers: 7
    attacker entries: 4   objective rooms: 1   breach points: 2
    vertical links: 2   unreachable rooms: 0
    routes to objective (min): 1   chokepoints: none
    errors: 0   warnings: 0
  poly estimate for country_club_a01:
    ~804 tris across 45 mesh pieces (Environment budget: 50-500 target, 1000 cap per piece)
    biggest piece: ext_S_0 (~84 tris)
  enterability: 7 usable entry(s) (3 door/garage, 4 standing) on walls ['E', 'N', 'S']
  ENTRY-WARN: crouch-only entry on the S wall: 1.4 m tall.
  ENTRY-WARN: crouch-only entry on the S wall: 1.4 m tall.
  ENTRY-WARN: crouch-only entry on the N wall: 1.4 m tall.
  ENTRY-NOTE: entry swing/vault clearance on both faces is a walk-test fact ù offline can't confirm the space is physically clear.
  navigability (offline proxy) for country_club_a01:
    narrow openings: 0   isolated rooms: 0   (authoritative check = bake a navmesh in Godot)
  stairwell systems for country_club_a01:
    systems: 2   egress-role: 0   classified: 2   routes: room-graph   (authoritative check = walk it; this is room-graph intel)
  STAIR-WARN: STAIRWELL STAIR_LATERAL_OPEN: 'cc01_stair_n' S side of the flight is open (largest gap 4.00 m > 0.5 m envelope) -- a stair floating open in the floor plate: a body walks/is pushed off the side, and the shaft reads as a hole in the AI navmesh. Fix by relocating it against a wall/corridor (stair_place edge zones) or enclosing the side with a wall or guard along the full flight and landing. A guarded feature stair is fine; a bare mid-floor one is not.
  STAIR-WARN: STAIRWELL STAIR_LATERAL_OPEN: 'cc01_stair_n' N side of the flight is open (largest gap 4.00 m > 0.5 m envelope) -- a stair floating open in the floor plate: a body walks/is pushed off the side, and the shaft reads as a hole in the AI navmesh. Fix by relocating it against a wall/corridor (stair_place edge zones) or enclosing the side with a wall or guard along the full flight and landing. A guarded feature stair is fine; a bare mid-floor one is not.
  STAIR-WARN: STAIRWELL STAIR_NOT_ENCLOSED: 'cc01_stair_s' sits inside 'grand_lounge' (role 'public_entry') on story 0, not a stairwell -- it reads as a stair sprouting in the middle of an open room. Enclose it in a dedicated stairwell/corridor room (role in ['connector', 'corridor', 'hall', 'hallway', 'service', 'stairwell']) with a doored approach.
  STAIR-WARN: STAIRWELL STAIR_LATERAL_OPEN: 'cc01_stair_s' S side of the flight is open (largest gap 4.00 m > 0.5 m envelope) -- a stair floating open in the floor plate: a body walks/is pushed off the side, and the shaft reads as a hole in the AI navmesh. Fix by relocating it against a wall/corridor (stair_place edge zones) or enclosing the side with a wall or guard along the full flight and landing. A guarded feature stair is fine; a bare mid-floor one is not.
  STAIR-WARN: STAIRWELL STAIR_LATERAL_OPEN: 'cc01_stair_s' N side of the flight is open (largest gap 4.00 m > 0.5 m envelope) -- a stair floating open in the floor plate: a body walks/is pushed off the side, and the shaft reads as a hole in the AI navmesh. Fix by relocating it against a wall/corridor (stair_place edge zones) or enclosing the side with a wall or guard along the full flight and landing. A guarded feature stair is fine; a bare mid-floor one is not.
  pvp_heist profile for country_club_a01:
    attackers: 2   defenders: 1   objective rooms: wine_cellar
    disjoint routes: 3   extraction via: extraction-facing exit (entry rooms)   protected rotation: yes
    flank: entries on faces ['E', 'N', 'S']   breaches: 2   stairs: 2   ladders: 0
  floorplan: 2 story SVG(s) -> build/floorplans/ (country_club_a01.floorB.svg, country_club_a01.floor0.svg)
    [basement]  (165 samples)
      death lane (longest clear sightline): 39.8 m  [long]
      objective room 'wine_cellar': 2 entries
      intent mismatch: room 'cellar_hall' authored 'medium' but plays 'long' (32.4 m sightline)
      intent mismatch: room 'wine_cellar' authored 'close' but plays 'long' (30.4 m sightline)
    [ground]  (162 samples)
      death lane (longest clear sightline): 42.5 m  [long]
      intent mismatch: room 'dining_wing' authored 'medium' but plays 'long' (39.7 m sightline)
  sightlines: 2 overlay SVG(s) -> build/floorplans/
  -> OK

== country_club_a02.json ==
  loader OK: 'country_club_a02', 2 stories, 8 features, 0 assets
  TACTICAL-WARN: stair #0 pitch 44deg is steep (walkable but uncomfortable); run >= 5.3m gives a gentler ~35deg.
  scorecard for country_club_a02 [assault]:
    floors: 2   rooms: 5   markers: 7
    attacker entries: 4   objective rooms: 1   breach points: 2
    vertical links: 1   unreachable rooms: 0
    routes to objective (min): 1   chokepoints: none
    errors: 0   warnings: 0
  poly estimate for country_club_a02:
    ~648 tris across 28 mesh pieces (Environment budget: 50-500 target, 1000 cap per piece)
    biggest piece: ext_S_0 (~60 tris)
  enterability: 5 usable entry(s) (3 door/garage, 4 standing) on walls ['N', 'S', 'W']
  ENTRY-WARN: crouch-only entry on the S wall: 1.4 m tall.
  ENTRY-NOTE: entry swing/vault clearance on both faces is a walk-test fact ù offline can't confirm the space is physically clear.
  navigability (offline proxy) for country_club_a02:
    narrow openings: 0   isolated rooms: 0   (authoritative check = bake a navmesh in Godot)
  stairwell systems for country_club_a02:
    systems: 1   egress-role: 0   classified: 1   routes: room-graph   (authoritative check = walk it; this is room-graph intel)
  STAIR-WARN: STAIRWELL STAIR_NOT_ENCLOSED: 'cc02_stair_0' sits inside 'lounge' (role 'public_entry') on story 0, not a stairwell -- it reads as a stair sprouting in the middle of an open room. Enclose it in a dedicated stairwell/corridor room (role in ['connector', 'corridor', 'hall', 'hallway', 'service', 'stairwell']) with a doored approach.
  STAIR-WARN: STAIRWELL STAIR_LATERAL_OPEN: 'cc02_stair_0' W side of the flight is open (largest gap 4.00 m > 0.5 m envelope) -- a stair floating open in the floor plate: a body walks/is pushed off the side, and the shaft reads as a hole in the AI navmesh. Fix by relocating it against a wall/corridor (stair_place edge zones) or enclosing the side with a wall or guard along the full flight and landing. A guarded feature stair is fine; a bare mid-floor one is not.
  STAIR-WARN: STAIRWELL STAIR_LATERAL_OPEN: 'cc02_stair_0' E side of the flight is open (largest gap 4.00 m > 0.5 m envelope) -- a stair floating open in the floor plate: a body walks/is pushed off the side, and the shaft reads as a hole in the AI navmesh. Fix by relocating it against a wall/corridor (stair_place edge zones) or enclosing the side with a wall or guard along the full flight and landing. A guarded feature stair is fine; a bare mid-floor one is not.
  pvp_heist profile for country_club_a02:
    attackers: 2   defenders: 1   objective rooms: trophy_room
    disjoint routes: 4   extraction via: extraction-facing exit (entry rooms)   protected rotation: yes
    flank: entries on faces ['N', 'S', 'W']   breaches: 2   stairs: 1   ladders: 0
  floorplan: 2 story SVG(s) -> build/floorplans/ (country_club_a02.floor0.svg, country_club_a02.floor1.svg)
    [ground]  (213 samples)
      death lane (longest clear sightline): 40.2 m  [long]
      weak cover 'None': in LOS of 1/2 attacker spawns
      intent mismatch: room 'pro_shop_wing' authored 'medium' but plays 'long' (37.1 m sightline)
    [floor 1]  (225 samples)
      death lane (longest clear sightline): 37.9 m  [long]
      objective room 'trophy_room': 3 entries
      intent mismatch: room 'upper_hall' authored 'medium' but plays 'long' (37.9 m sightline)
      intent mismatch: room 'board_wing' authored 'close' but plays 'long' (24.8 m sightline)
      intent mismatch: room 'trophy_room' authored 'close' but plays 'medium' (15.0 m sightline)
  sightlines: 2 overlay SVG(s) -> build/floorplans/
  -> OK

== courthouse_a01.json ==
  loader OK: 'courthouse_a01', 2 stories, 10 features, 0 assets
  TACTICAL-WARN: stair #0 pitch 50deg is at/over the 45deg walkable limit -- the ramp collider won't be climbable. Lengthen run (>= 7.0m for ~35deg) or add a controller step-up.
  TACTICAL-WARN: stair #1 pitch 50deg is at/over the 45deg walkable limit -- the ramp collider won't be climbable. Lengthen run (>= 7.0m for ~35deg) or add a controller step-up.
  TACTICAL-WARN: stair #2 pitch 50deg is at/over the 45deg walkable limit -- the ramp collider won't be climbable. Lengthen run (>= 7.0m for ~35deg) or add a controller step-up.
  scorecard for courthouse_a01 [assault]:
    floors: 3   rooms: 6   markers: 7
    attacker entries: 4   objective rooms: 1   breach points: 2
    vertical links: 3   unreachable rooms: 0
    routes to objective (min): 1   chokepoints: none
    errors: 0   warnings: 0
  poly estimate for courthouse_a01:
    ~1356 tris across 85 mesh pieces (Environment budget: 50-500 target, 1000 cap per piece)
    biggest piece: ext_S_0 (~84 tris)
  enterability: 4 usable entry(s) (3 door/garage, 4 standing) on walls ['E', 'S', 'W']
  ENTRY-NOTE: entry swing/vault clearance on both faces is a walk-test fact ù offline can't confirm the space is physically clear.
  navigability (offline proxy) for courthouse_a01:
    narrow openings: 0   isolated rooms: 0   (authoritative check = bake a navmesh in Godot)
  stairwell systems for courthouse_a01:
    systems: 3   egress-role: 0   classified: 3   routes: room-graph   (authoritative check = walk it; this is room-graph intel)
  STAIR-WARN: STAIRWELL STAIR_NOT_ENCLOSED: 'ch01_stair_b1' sits inside 'rotunda' (role 'public_entry') on story 0, not a stairwell -- it reads as a stair sprouting in the middle of an open room. Enclose it in a dedicated stairwell/corridor room (role in ['connector', 'corridor', 'hall', 'hallway', 'service', 'stairwell']) with a doored approach.
  STAIR-WARN: STAIRWELL STAIR_LATERAL_OPEN: 'ch01_stair_b1' S side of the flight is open (largest gap 4.20 m > 0.5 m envelope) -- a stair floating open in the floor plate: a body walks/is pushed off the side, and the shaft reads as a hole in the AI navmesh. Fix by relocating it against a wall/corridor (stair_place edge zones) or enclosing the side with a wall or guard along the full flight and landing. A guarded feature stair is fine; a bare mid-floor one is not.
  STAIR-WARN: STAIRWELL STAIR_LATERAL_OPEN: 'ch01_stair_b1' N side of the flight is open (largest gap 4.20 m > 0.5 m envelope) -- a stair floating open in the floor plate: a body walks/is pushed off the side, and the shaft reads as a hole in the AI navmesh. Fix by relocating it against a wall/corridor (stair_place edge zones) or enclosing the side with a wall or guard along the full flight and landing. A guarded feature stair is fine; a bare mid-floor one is not.
  STAIR-WARN: STAIRWELL STAIR_LATERAL_OPEN: 'ch01_stair_b2' S side of the flight is open (largest gap 4.20 m > 0.5 m envelope) -- a stair floating open in the floor plate: a body walks/is pushed off the side, and the shaft reads as a hole in the AI navmesh. Fix by relocating it against a wall/corridor (stair_place edge zones) or enclosing the side with a wall or guard along the full flight and landing. A guarded feature stair is fine; a bare mid-floor one is not.
  STAIR-WARN: STAIRWELL STAIR_LATERAL_OPEN: 'ch01_stair_b2' N side of the flight is open (largest gap 4.20 m > 0.5 m envelope) -- a stair floating open in the floor plate: a body walks/is pushed off the side, and the shaft reads as a hole in the AI navmesh. Fix by relocating it against a wall/corridor (stair_place edge zones) or enclosing the side with a wall or guard along the full flight and landing. A guarded feature stair is fine; a bare mid-floor one is not.
  STAIR-WARN: STAIRWELL STAIR_NOT_ENCLOSED: 'ch01_stair_up' sits inside 'rotunda' (role 'public_entry') on story 0, not a stairwell -- it reads as a stair sprouting in the middle of an open room. Enclose it in a dedicated stairwell/corridor room (role in ['connector', 'corridor', 'hall', 'hallway', 'service', 'stairwell']) with a doored approach.
  STAIR-WARN: STAIRWELL STAIR_LATERAL_OPEN: 'ch01_stair_up' S side of the flight is open (largest gap 4.20 m > 0.5 m envelope) -- a stair floating open in the floor plate: a body walks/is pushed off the side, and the shaft reads as a hole in the AI navmesh. Fix by relocating it against a wall/corridor (stair_place edge zones) or enclosing the side with a wall or guard along the full flight and landing. A guarded feature stair is fine; a bare mid-floor one is not.
  STAIR-WARN: STAIRWELL STAIR_LATERAL_OPEN: 'ch01_stair_up' N side of the flight is open (largest gap 4.20 m > 0.5 m envelope) -- a stair floating open in the floor plate: a body walks/is pushed off the side, and the shaft reads as a hole in the AI navmesh. Fix by relocating it against a wall/corridor (stair_place edge zones) or enclosing the side with a wall or guard along the full flight and landing. A guarded feature stair is fine; a bare mid-floor one is not.
  pvp_heist profile for courthouse_a01:
    attackers: 2   defenders: 1   objective rooms: evidence_vault
    disjoint routes: 3   extraction via: extraction-facing exit (entry rooms)   protected rotation: yes
    flank: entries on faces ['E', 'S', 'W']   breaches: 2   stairs: 3   ladders: 0
  floorplan: 3 story SVG(s) -> build/floorplans/ (courthouse_a01.floorB.svg, courthouse_a01.floor0.svg, courthouse_a01.floor1.svg)
    [basement]  (238 samples)
      death lane (longest clear sightline): 48.0 m  [long]
      objective room 'evidence_vault': 2 entries
      intent mismatch: room 'evidence_hall' authored 'medium' but plays 'long' (40.8 m sightline)
      intent mismatch: room 'evidence_vault' authored 'close' but plays 'long' (36.9 m sightline)
    [ground]  (238 samples)
      death lane (longest clear sightline): 52.2 m  [long]
      weak cover 'None': in LOS of 1/2 attacker spawns
      intent mismatch: room 'court_wing' authored 'medium' but plays 'long' (45.9 m sightline)
    [floor 1]  (228 samples)
      death lane (longest clear sightline): 47.1 m  [long]
      intent mismatch: room 'upper_court' authored 'medium' but plays 'long' (47.0 m sightline)
      intent mismatch: room 'chambers' authored 'close' but plays 'long' (47.0 m sightline)
  sightlines: 3 overlay SVG(s) -> build/floorplans/
  -> OK

== courthouse_a02.json ==
  loader OK: 'courthouse_a02', 2 stories, 9 features, 0 assets
  TACTICAL-WARN: stair #0 pitch 50deg is at/over the 45deg walkable limit -- the ramp collider won't be climbable. Lengthen run (>= 7.0m for ~35deg) or add a controller step-up.
  scorecard for courthouse_a02 [assault]:
    floors: 2   rooms: 5   markers: 7
    attacker entries: 4   objective rooms: 1   breach points: 2
    vertical links: 2   unreachable rooms: 0
    routes to objective (min): 1   chokepoints: none
    errors: 0   warnings: 0
  poly estimate for courthouse_a02:
    ~984 tris across 56 mesh pieces (Environment budget: 50-500 target, 1000 cap per piece)
    biggest piece: ext_S_0 (~60 tris)
  enterability: 4 usable entry(s) (3 door/garage, 4 standing) on walls ['E', 'N', 'S']
  ENTRY-NOTE: entry swing/vault clearance on both faces is a walk-test fact ù offline can't confirm the space is physically clear.
  navigability (offline proxy) for courthouse_a02:
    narrow openings: 0   isolated rooms: 0   (authoritative check = bake a navmesh in Godot)
  stairwell systems for courthouse_a02:
    systems: 1   egress-role: 0   classified: 1   routes: room-graph   (authoritative check = walk it; this is room-graph intel)
  STAIR-WARN: STAIRWELL STAIR_NOT_ENCLOSED: 'ch02_stair_0' sits inside 'lobby' (role 'public_entry') on story 0, not a stairwell -- it reads as a stair sprouting in the middle of an open room. Enclose it in a dedicated stairwell/corridor room (role in ['connector', 'corridor', 'hall', 'hallway', 'service', 'stairwell']) with a doored approach.
  STAIR-WARN: STAIRWELL STAIR_LATERAL_OPEN: 'ch02_stair_0' S side of the flight is open (largest gap 4.20 m > 0.5 m envelope) -- a stair floating open in the floor plate: a body walks/is pushed off the side, and the shaft reads as a hole in the AI navmesh. Fix by relocating it against a wall/corridor (stair_place edge zones) or enclosing the side with a wall or guard along the full flight and landing. A guarded feature stair is fine; a bare mid-floor one is not.
  STAIR-WARN: STAIRWELL STAIR_LATERAL_OPEN: 'ch02_stair_0' N side of the flight is open (largest gap 4.20 m > 0.5 m envelope) -- a stair floating open in the floor plate: a body walks/is pushed off the side, and the shaft reads as a hole in the AI navmesh. Fix by relocating it against a wall/corridor (stair_place edge zones) or enclosing the side with a wall or guard along the full flight and landing. A guarded feature stair is fine; a bare mid-floor one is not.
  ladder systems for courthouse_a02:
    ladders: 1   secondary-escape: 0   routes: room-graph   (a ladder is never ordinary egress; this is room-graph intel)
  LADDER-WARN: LADDER: 'ch02_ladder_0' hatch ladder originates in 'clerk_wing' (role 'fortifiable') -- prefer a service, mechanical, or back-of-house room (spec s8.1).
  pvp_heist profile for courthouse_a02:
    attackers: 2   defenders: 1   objective rooms: records_room
    disjoint routes: 4   extraction via: extraction-facing exit (entry rooms)   protected rotation: yes
    flank: entries on faces ['E', 'N', 'S']   breaches: 2   stairs: 1   ladders: 1
  floorplan: 2 story SVG(s) -> build/floorplans/ (courthouse_a02.floor0.svg, courthouse_a02.floor1.svg)
    [ground]  (196 samples)
      death lane (longest clear sightline): 44.5 m  [long]
      intent mismatch: room 'courtrooms' authored 'medium' but plays 'long' (40.7 m sightline)
    [floor 1]  (206 samples)
      death lane (longest clear sightline): 43.4 m  [long]
      objective room 'records_room': 3 entries
      intent mismatch: room 'upper_hall' authored 'medium' but plays 'long' (42.7 m sightline)
      intent mismatch: room 'clerk_wing' authored 'close' but plays 'long' (29.6 m sightline)
      intent mismatch: room 'records_room' authored 'close' but plays 'medium' (19.2 m sightline)
  sightlines: 2 overlay SVG(s) -> build/floorplans/
  -> OK

== courthouse_a03.json ==
  loader OK: 'courthouse_a03', 1 stories, 8 features, 0 assets
  scorecard for courthouse_a03 [assault]:
    floors: 1   rooms: 3   markers: 7
    attacker entries: 4   objective rooms: 1   breach points: 2
    vertical links: 1   unreachable rooms: 0
    routes to objective (min): 1   chokepoints: none
    errors: 0   warnings: 0
  poly estimate for courthouse_a03:
    ~600 tris across 30 mesh pieces (Environment budget: 50-500 target, 1000 cap per piece)
    biggest piece: ext_S_0 (~84 tris)
  enterability: 4 usable entry(s) (3 door/garage, 4 standing) on walls ['N', 'S', 'W']
  ENTRY-NOTE: entry swing/vault clearance on both faces is a walk-test fact ù offline can't confirm the space is physically clear.
  navigability (offline proxy) for courthouse_a03:
    narrow openings: 0   isolated rooms: 0   (authoritative check = bake a navmesh in Godot)
  ladder systems for courthouse_a03:
    ladders: 1   secondary-escape: 0   routes: room-graph   (a ladder is never ordinary egress; this is room-graph intel)
  pvp_heist profile for courthouse_a03:
    attackers: 2   defenders: 1   objective rooms: judges_chambers
    disjoint routes: 2   extraction via: extraction-facing exit (entry rooms)   protected rotation: yes
    flank: entries on faces ['N', 'S', 'W']   breaches: 2   stairs: 0   ladders: 1
  floorplan: 1 story SVG(s) -> build/floorplans/ (courthouse_a03.floor0.svg)
    [ground]  (203 samples)
      death lane (longest clear sightline): 44.1 m  [long]
      longest exposed approach (no cover within 2.5 m): 43.0 m
      objective room 'judges_chambers': 4 entries
      weak cover 'None': in LOS of 1/2 attacker spawns
      intent mismatch: room 'main_courtroom' authored 'medium' but plays 'long' (29.9 m sightline)
      intent mismatch: room 'judges_chambers' authored 'close' but plays 'medium' (15.0 m sightline)
  sightlines: 1 overlay SVG(s) -> build/floorplans/
  -> OK

== cr_deli.json ==
  loader OK: 'cr_deli', 2 stories, 31 features, 0 assets
  scorecard for cr_deli [heist]:
    objectives: 3 (2 required)   entries: 7   markers: 31
    loot: 4 spawns, 7 bags, value 14700
    extraction zones: 1   secure/drop zones: 2   unreachable objectives: 0
    routes to objective (min): 1   chokepoints: none
    phases: loud, stealth
    errors: 0   warnings: 0
  poly estimate for cr_deli:
    ~2040 tris across 114 mesh pieces (Environment budget: 50-500 target, 1000 cap per piece)
    biggest piece: ext_S_0 (~84 tris)
  enterability: 9 usable entry(s) (4 door/garage, 6 standing) on walls ['E', 'N', 'S', 'W']
  ENTRY-WARN: crouch-only entry on the S wall: 1.4 m tall.
  ENTRY-WARN: crouch-only entry on the E wall: 1.4 m tall.
  ENTRY-WARN: crouch-only entry on the E wall: 1.4 m tall.
  ENTRY-NOTE: entry swing/vault clearance on both faces is a walk-test fact ù offline can't confirm the space is physically clear.
  navigability (offline proxy) for cr_deli:
    narrow openings: 7   isolated rooms: 0   (authoritative check = bake a navmesh in Godot)
  NAV-WARN: NAV: 7 opening(s) narrower than ~1.2m may block a 0.4m-radius nav agent: 1.20m door (ext S@0), 1.10m door (ext N@0), 1.10m door (partition #0@0), 1.10m door (partition #1@0), 1.10m door (partition #2@1), 1.10m door (partition #4@-1), 1.10m door (partition #5@-1). (Widen, or confirm your agent radius is smaller; verify with a real navmesh.)
  stairwell systems for cr_deli:
    systems: 1   egress-role: 0   classified: 1   routes: room-graph   (authoritative check = walk it; this is room-graph intel)
  STAIR-WARN: STAIRWELL STAIR_NOT_ENCLOSED: 'cr_deli_stair_0' sits inside 'cold_storage' (role 'loot_room') on story -1, not a stairwell -- it reads as a stair sprouting in the middle of an open room. Enclose it in a dedicated stairwell/corridor room (role in ['connector', 'corridor', 'hall', 'hallway', 'service', 'stairwell']) with a doored approach.
  STAIR-WARN: STAIRWELL STAIR_LATERAL_OPEN: 'cr_deli_stair_0' W side of the flight is open (largest gap 5.50 m > 0.5 m envelope) -- a stair floating open in the floor plate: a body walks/is pushed off the side, and the shaft reads as a hole in the AI navmesh. Fix by relocating it against a wall/corridor (stair_place edge zones) or enclosing the side with a wall or guard along the full flight and landing. A guarded feature stair is fine; a bare mid-floor one is not.
  STAIR-WARN: STAIRWELL STAIR_LATERAL_OPEN: 'cr_deli_stair_0' E side of the flight is open (largest gap 5.50 m > 0.5 m envelope) -- a stair floating open in the floor plate: a body walks/is pushed off the side, and the shaft reads as a hole in the AI navmesh. Fix by relocating it against a wall/corridor (stair_place edge zones) or enclosing the side with a wall or guard along the full flight and landing. A guarded feature stair is fine; a bare mid-floor one is not.
  ladder systems for cr_deli:
    ladders: 2   secondary-escape: 0   routes: room-graph   (a ladder is never ordinary egress; this is room-graph intel)
  LADDER-WARN: LADDER: 'cr_deli_ladder_0' is an interior roof-hatch ladder with no access_control -- roof access is normally locked (locked_hatch / staff_room; Rule 13).
  floorplan: 3 story SVG(s) -> build/floorplans/ (cr_deli.floorB.svg, cr_deli.floor0.svg, cr_deli.floor1.svg)
    [basement]  (238 samples)
      death lane (longest clear sightline): 37.5 m  [long]
      objective room 'basement_vault': 2 entries
      intent mismatch: room 'basement_corridor' authored 'medium' but plays 'long' (21.6 m sightline)
      intent mismatch: room 'cold_storage' authored 'close' but plays 'long' (21.6 m sightline)
      intent mismatch: room 'basement_vault' authored 'close' but plays 'medium' (19.6 m sightline)
      intent mismatch: room 'utility_room' authored 'medium' but plays 'long' (20.4 m sightline)
    [ground]  (223 samples)
      death lane (longest clear sightline): 36.7 m  [long]
      longest exposed approach (no cover within 2.5 m): 14.0 m
      objective room 'deli_counter': 2 entries
      intent mismatch: room 'deli_counter' authored 'close' but plays 'medium' (10.8 m sightline)
      intent mismatch: room 'market_aisles' authored 'medium' but plays 'long' (21.3 m sightline)
      intent mismatch: room 'kitchen' authored 'close' but plays 'long' (20.1 m sightline)
      intent mismatch: room 'stairwell' authored 'close' but plays 'medium' (9.5 m sightline)
    [floor 1]  (238 samples)
      death lane (longest clear sightline): 37.0 m  [long]
      objective room 'manager_office': 2 entries
      objective room 'server_room': 3 entries
      intent mismatch: room 'manager_office' authored 'medium' but plays 'long' (21.2 m sightline)
      intent mismatch: room 'apartment_hideout' authored 'close' but plays 'long' (23.7 m sightline)
      intent mismatch: room 'server_room' authored 'medium' but plays 'long' (20.4 m sightline)
  sightlines: 3 overlay SVG(s) -> build/floorplans/
  -> OK

== cr_garage.json ==
  loader OK: 'cr_garage', 2 stories, 37 features, 0 assets
  scorecard for cr_garage [heist]:
    objectives: 1 (1 required)   entries: 7   markers: 12
    loot: 1 spawns, 2 bags, value 6000
    extraction zones: 1   secure/drop zones: 0   unreachable objectives: 0
    routes to objective (min): 1   chokepoints: none
    phases: ù
    errors: 0   warnings: 0
  poly estimate for cr_garage:
    ~1092 tris across 57 mesh pieces (Environment budget: 50-500 target, 1000 cap per piece)
    biggest piece: ext_S_0 (~84 tris)
  enterability: 7 usable entry(s) (6 door/garage, 7 standing) on walls ['E', 'N', 'S', 'W']
  ENTRY-NOTE: entry swing/vault clearance on both faces is a walk-test fact ù offline can't confirm the space is physically clear.
  navigability (offline proxy) for cr_garage:
    narrow openings: 5   isolated rooms: 0   (authoritative check = bake a navmesh in Godot)
  NAV-WARN: NAV: 5 opening(s) narrower than ~1.2m may block a 0.4m-radius nav agent: 1.10m door (ext S@0), 1.10m door (ext N@0), 1.10m door (ext W@0), 1.10m door (ext E@0), 1.20m door (partition #1@0). (Widen, or confirm your agent radius is smaller; verify with a real navmesh.)
  stairwell systems for cr_garage:
    systems: 1   egress-role: 1   classified: 1   routes: room-graph   (authoritative check = walk it; this is room-graph intel)
  STAIR-WARN: STAIRWELL STAIR_LATERAL_OPEN: 'cr_garage_stair_0' S side of the flight is open (largest gap 3.75 m > 0.5 m envelope) -- a stair floating open in the floor plate: a body walks/is pushed off the side, and the shaft reads as a hole in the AI navmesh. Fix by relocating it against a wall/corridor (stair_place edge zones) or enclosing the side with a wall or guard along the full flight and landing. A guarded feature stair is fine; a bare mid-floor one is not.
  STAIR-WARN: STAIRWELL STAIR_LATERAL_OPEN: 'cr_garage_stair_0' N side of the flight is open (largest gap 4.00 m > 0.5 m envelope) -- a stair floating open in the floor plate: a body walks/is pushed off the side, and the shaft reads as a hole in the AI navmesh. Fix by relocating it against a wall/corridor (stair_place edge zones) or enclosing the side with a wall or guard along the full flight and landing. A guarded feature stair is fine; a bare mid-floor one is not.
  floorplan: 2 story SVG(s) -> build/floorplans/ (cr_garage.floor0.svg, cr_garage.floor1.svg)
    [ground]  (225 samples)
      death lane (longest clear sightline): 44.2 m  [long]
      longest exposed approach (no cover within 2.5 m): 21.0 m
      objective room 'attendant_booth': 2 entries
      weak cover 'AUTO_BOOTH_DESK': in LOS of 1/2 attacker spawns
    [floor 1]  (225 samples)
      death lane (longest clear sightline): 42.9 m  [long]
  sightlines: 2 overlay SVG(s) -> build/floorplans/
  -> OK

== cr_gas.json ==
  loader OK: 'cr_gas', 1 stories, 32 features, 0 assets
  scorecard for cr_gas [heist]:
    objectives: 2 (2 required)   entries: 7   markers: 17
    loot: 3 spawns, 4 bags, value 13500
    extraction zones: 1   secure/drop zones: 0   unreachable objectives: 0
    routes to objective (min): 1   chokepoints: none
    phases: ù
    errors: 0   warnings: 0
  poly estimate for cr_gas:
    ~720 tris across 34 mesh pieces (Environment budget: 50-500 target, 1000 cap per piece)
    biggest piece: ext_S_0 (~108 tris)
  enterability: 10 usable entry(s) (6 door/garage, 9 standing) on walls ['E', 'N', 'S', 'W']
  ENTRY-WARN: crouch-only entry on the W wall: 1.4 m tall.
  ENTRY-NOTE: entry swing/vault clearance on both faces is a walk-test fact ù offline can't confirm the space is physically clear.
  navigability (offline proxy) for cr_gas:
    narrow openings: 5   isolated rooms: 0   (authoritative check = bake a navmesh in Godot)
  NAV-WARN: NAV: 5 opening(s) narrower than ~1.2m may block a 0.4m-radius nav agent: 1.20m door (ext N@0), 1.10m door (ext W@0), 1.10m door (ext E@0), 1.10m door (partition #0@0), 1.20m door (partition #1@0). (Widen, or confirm your agent radius is smaller; verify with a real navmesh.)
  floorplan: 1 story SVG(s) -> build/floorplans/ (cr_gas.floor0.svg)
    [ground]  (235 samples)
      death lane (longest clear sightline): 35.3 m  [long]
      longest exposed approach (no cover within 2.5 m): 22.5 m
      objective room 'back_office': 4 entries
      intent mismatch: room 'forecourt' authored 'medium' but plays 'long' (29.5 m sightline)
      intent mismatch: room 'stockroom' authored 'close' but plays 'medium' (12.0 m sightline)
      intent mismatch: room 'back_office' authored 'close' but plays 'medium' (10.8 m sightline)
  sightlines: 1 overlay SVG(s) -> build/floorplans/
  -> OK

== cr_pawn.json ==
  loader OK: 'cr_pawn', 2 stories, 17 features, 0 assets
  scorecard for cr_pawn [heist]:
    objectives: 1 (1 required)   entries: 5   markers: 8
    loot: 1 spawns, 2 bags, value 5000
    extraction zones: 1   secure/drop zones: 0   unreachable objectives: 0
    routes to objective (min): 1   chokepoints: none
    phases: ù
    errors: 0   warnings: 0
  poly estimate for cr_pawn:
    ~1080 tris across 64 mesh pieces (Environment budget: 50-500 target, 1000 cap per piece)
    biggest piece: ext_S_0 (~60 tris)
  enterability: 6 usable entry(s) (3 door/garage, 4 standing) on walls ['E', 'N', 'S', 'W']
  ENTRY-WARN: crouch-only entry on the S wall: 1.4 m tall.
  ENTRY-WARN: crouch-only entry on the W wall: 1.4 m tall.
  ENTRY-NOTE: entry swing/vault clearance on both faces is a walk-test fact ù offline can't confirm the space is physically clear.
  navigability (offline proxy) for cr_pawn:
    narrow openings: 6   isolated rooms: 0   (authoritative check = bake a navmesh in Godot)
  NAV-WARN: NAV: 6 opening(s) narrower than ~1.2m may block a 0.4m-radius nav agent: 1.10m door (ext N@0), 1.10m breach (ext N@0), 1.10m door (ext E@0), 1.20m breach (ext N@1), 1.10m door (partition #0@0), 1.10m door (partition #1@1). (Widen, or confirm your agent radius is smaller; verify with a real navmesh.)
  stairwell systems for cr_pawn:
    systems: 1   egress-role: 0   classified: 1   routes: room-graph   (authoritative check = walk it; this is room-graph intel)
  STAIR-WARN: STAIRWELL STAIR_ACCESS_THROUGH_PROHIBITED_ROOM: 'cr_pawn_stair_0' on story 0 is approached through 'safe_room' (role 'objective_room') -- prohibited for a required stair (Rule 3).
  STAIR-WARN: STAIRWELL STAIR_NOT_ENCLOSED: 'cr_pawn_stair_0' sits inside 'upper_storage' (role 'fortifiable') on story 1, not a stairwell -- it reads as a stair sprouting in the middle of an open room. Enclose it in a dedicated stairwell/corridor room (role in ['connector', 'corridor', 'hall', 'hallway', 'service', 'stairwell']) with a doored approach.
  STAIR-WARN: STAIRWELL STAIR_LATERAL_OPEN: 'cr_pawn_stair_0' S side of the flight is open (largest gap 4.80 m > 0.5 m envelope) -- a stair floating open in the floor plate: a body walks/is pushed off the side, and the shaft reads as a hole in the AI navmesh. Fix by relocating it against a wall/corridor (stair_place edge zones) or enclosing the side with a wall or guard along the full flight and landing. A guarded feature stair is fine; a bare mid-floor one is not.
  ladder systems for cr_pawn:
    ladders: 2   secondary-escape: 0   routes: room-graph   (a ladder is never ordinary egress; this is room-graph intel)
  LADDER-WARN: LADDER: 'cr_pawn_ladder_0' hatch ladder originates in 'upper_storage' (role 'fortifiable') -- prefer a service, mechanical, or back-of-house room (spec s8.1).
  LADDER-WARN: LADDER: 'cr_pawn_ladder_0' is an interior roof-hatch ladder with no access_control -- roof access is normally locked (locked_hatch / staff_room; Rule 13).
  floorplan: 2 story SVG(s) -> build/floorplans/ (cr_pawn.floor0.svg, cr_pawn.floor1.svg)
    [ground]  (99 samples)
      death lane (longest clear sightline): 17.1 m  [medium]
      objective room 'safe_room': 5 entries
      intent mismatch: room 'shop_floor' authored 'close' but plays 'medium' (16.8 m sightline)
      intent mismatch: room 'safe_room' authored 'close' but plays 'medium' (15.3 m sightline)
    [floor 1]  (110 samples)
      death lane (longest clear sightline): 19.8 m  [medium]
      intent mismatch: room 'apartment' authored 'close' but plays 'medium' (16.2 m sightline)
      intent mismatch: room 'upper_storage' authored 'close' but plays 'medium' (16.2 m sightline)
  sightlines: 2 overlay SVG(s) -> build/floorplans/
  -> OK

== credit_union_a01.json ==
  loader OK: 'credit_union_a01', 1 stories, 9 features, 0 assets
  TACTICAL-WARN: stair #0 pitch 40deg is steep (walkable but uncomfortable); run >= 4.8m gives a gentler ~35deg.
  TACTICAL-WARN: stair #1 pitch 40deg is steep (walkable but uncomfortable); run >= 4.8m gives a gentler ~35deg.
  scorecard for credit_union_a01 [assault]:
    floors: 2   rooms: 4   markers: 7
    attacker entries: 3   objective rooms: 1   breach points: 2
    vertical links: 2   unreachable rooms: 0
    routes to objective (min): 1   chokepoints: none
    errors: 0   warnings: 0
  poly estimate for credit_union_a01:
    ~732 tris across 43 mesh pieces (Environment budget: 50-500 target, 1000 cap per piece)
    biggest piece: ext_S_0 (~60 tris)
  enterability: 4 usable entry(s) (2 door/garage, 3 standing) on walls ['N', 'S', 'W']
  ENTRY-WARN: crouch-only entry on the S wall: 1.4 m tall.
  ENTRY-NOTE: entry swing/vault clearance on both faces is a walk-test fact ù offline can't confirm the space is physically clear.
  navigability (offline proxy) for credit_union_a01:
    narrow openings: 0   isolated rooms: 0   (authoritative check = bake a navmesh in Godot)
  stairwell systems for credit_union_a01:
    systems: 2   egress-role: 0   classified: 2   routes: room-graph   (authoritative check = walk it; this is room-graph intel)
  STAIR-WARN: STAIRWELL STAIR_ACCESS_THROUGH_PROHIBITED_ROOM: 'cu01_stair_w' on story -1 is approached through 'vault_room' (role 'objective_room') -- prohibited for a required stair (Rule 3).
  STAIR-WARN: STAIRWELL STAIR_NOT_ENCLOSED: 'cu01_stair_w' sits inside 'back_office' (role 'fortifiable') on story 0, not a stairwell -- it reads as a stair sprouting in the middle of an open room. Enclose it in a dedicated stairwell/corridor room (role in ['connector', 'corridor', 'hall', 'hallway', 'service', 'stairwell']) with a doored approach.
  STAIR-WARN: STAIRWELL STAIR_LATERAL_OPEN: 'cu01_stair_w' W side of the flight is open (largest gap 4.00 m > 0.5 m envelope) -- a stair floating open in the floor plate: a body walks/is pushed off the side, and the shaft reads as a hole in the AI navmesh. Fix by relocating it against a wall/corridor (stair_place edge zones) or enclosing the side with a wall or guard along the full flight and landing. A guarded feature stair is fine; a bare mid-floor one is not.
  STAIR-WARN: STAIRWELL STAIR_LATERAL_OPEN: 'cu01_stair_w' E side of the flight is open (largest gap 4.00 m > 0.5 m envelope) -- a stair floating open in the floor plate: a body walks/is pushed off the side, and the shaft reads as a hole in the AI navmesh. Fix by relocating it against a wall/corridor (stair_place edge zones) or enclosing the side with a wall or guard along the full flight and landing. A guarded feature stair is fine; a bare mid-floor one is not.
  STAIR-WARN: STAIRWELL STAIR_NOT_ENCLOSED: 'cu01_stair_e' sits inside 'lobby' (role 'public_entry') on story 0, not a stairwell -- it reads as a stair sprouting in the middle of an open room. Enclose it in a dedicated stairwell/corridor room (role in ['connector', 'corridor', 'hall', 'hallway', 'service', 'stairwell']) with a doored approach.
  STAIR-WARN: STAIRWELL STAIR_LATERAL_OPEN: 'cu01_stair_e' S side of the flight is open (largest gap 4.00 m > 0.5 m envelope) -- a stair floating open in the floor plate: a body walks/is pushed off the side, and the shaft reads as a hole in the AI navmesh. Fix by relocating it against a wall/corridor (stair_place edge zones) or enclosing the side with a wall or guard along the full flight and landing. A guarded feature stair is fine; a bare mid-floor one is not.
  STAIR-WARN: STAIRWELL STAIR_LATERAL_OPEN: 'cu01_stair_e' N side of the flight is open (largest gap 4.00 m > 0.5 m envelope) -- a stair floating open in the floor plate: a body walks/is pushed off the side, and the shaft reads as a hole in the AI navmesh. Fix by relocating it against a wall/corridor (stair_place edge zones) or enclosing the side with a wall or guard along the full flight and landing. A guarded feature stair is fine; a bare mid-floor one is not.
  pvp_heist profile for credit_union_a01:
    attackers: 2   defenders: 1   objective rooms: vault_room
    disjoint routes: 3   extraction via: extraction-facing exit (entry rooms)   protected rotation: yes
    flank: entries on faces ['N', 'S', 'W']   breaches: 2   stairs: 2   ladders: 0
  floorplan: 2 story SVG(s) -> build/floorplans/ (credit_union_a01.floorB.svg, credit_union_a01.floor0.svg)
    [basement]  (204 samples)
      death lane (longest clear sightline): 26.0 m  [long]
      objective room 'vault_room': 2 entries
      intent mismatch: room 'vault_ante' authored 'medium' but plays 'long' (25.6 m sightline)
      intent mismatch: room 'vault_room' authored 'close' but plays 'long' (24.7 m sightline)
    [ground]  (204 samples)
      death lane (longest clear sightline): 27.1 m  [long]
      weak cover 'None': in LOS of 1/2 attacker spawns
      intent mismatch: room 'back_office' authored 'close' but plays 'long' (24.7 m sightline)
  sightlines: 2 overlay SVG(s) -> build/floorplans/
  -> OK

== credit_union_a02.json ==
  loader OK: 'credit_union_a02', 2 stories, 10 features, 0 assets
  TACTICAL-WARN: stair #0 pitch 40deg is steep (walkable but uncomfortable); run >= 4.8m gives a gentler ~35deg.
  scorecard for credit_union_a02 [assault]:
    floors: 2   rooms: 5   markers: 8
    attacker entries: 4   objective rooms: 1   breach points: 2
    vertical links: 2   unreachable rooms: 0
    routes to objective (min): 1   chokepoints: none
    errors: 0   warnings: 0
  poly estimate for credit_union_a02:
    ~888 tris across 44 mesh pieces (Environment budget: 50-500 target, 1000 cap per piece)
    biggest piece: ext_S_0 (~84 tris)
  enterability: 6 usable entry(s) (3 door/garage, 4 standing) on walls ['E', 'N', 'S']
  ENTRY-WARN: crouch-only entry on the S wall: 1.4 m tall.
  ENTRY-WARN: crouch-only entry on the S wall: 1.4 m tall.
  ENTRY-NOTE: entry swing/vault clearance on both faces is a walk-test fact ù offline can't confirm the space is physically clear.
  navigability (offline proxy) for credit_union_a02:
    narrow openings: 0   isolated rooms: 0   (authoritative check = bake a navmesh in Godot)
  stairwell systems for credit_union_a02:
    systems: 1   egress-role: 0   classified: 1   routes: room-graph   (authoritative check = walk it; this is room-graph intel)
  STAIR-WARN: STAIRWELL STAIR_LATERAL_OPEN: 'cu02_stair_0' W side of the flight is open (largest gap 4.00 m > 0.5 m envelope) -- a stair floating open in the floor plate: a body walks/is pushed off the side, and the shaft reads as a hole in the AI navmesh. Fix by relocating it against a wall/corridor (stair_place edge zones) or enclosing the side with a wall or guard along the full flight and landing. A guarded feature stair is fine; a bare mid-floor one is not.
  STAIR-WARN: STAIRWELL STAIR_LATERAL_OPEN: 'cu02_stair_0' E side of the flight is open (largest gap 4.00 m > 0.5 m envelope) -- a stair floating open in the floor plate: a body walks/is pushed off the side, and the shaft reads as a hole in the AI navmesh. Fix by relocating it against a wall/corridor (stair_place edge zones) or enclosing the side with a wall or guard along the full flight and landing. A guarded feature stair is fine; a bare mid-floor one is not.
  ladder systems for credit_union_a02:
    ladders: 1   secondary-escape: 0   routes: room-graph   (a ladder is never ordinary egress; this is room-graph intel)
  pvp_heist profile for credit_union_a02:
    attackers: 3   defenders: 1   objective rooms: records_secure
    disjoint routes: 4   extraction via: extraction-facing exit (entry rooms)   protected rotation: yes
    flank: entries on faces ['E', 'N', 'S']   breaches: 2   stairs: 1   ladders: 1
  floorplan: 3 story SVG(s) -> build/floorplans/ (credit_union_a02.floor0.svg, credit_union_a02.floor1.svg, credit_union_a02.floor2.svg)
    [ground]  (133 samples)
      death lane (longest clear sightline): 29.5 m  [long]
      intent mismatch: room 'offices' authored 'medium' but plays 'long' (27.2 m sightline)
    [floor 1]  (133 samples)
      death lane (longest clear sightline): 29.3 m  [long]
      objective room 'records_secure': 3 entries
      intent mismatch: room 'mezz' authored 'medium' but plays 'long' (28.5 m sightline)
      intent mismatch: room 'records_secure' authored 'close' but plays 'medium' (12.9 m sightline)
    [floor 2]  (0 samples)
      death lane (longest clear sightline): 0.0 m  [close]
  sightlines: 3 overlay SVG(s) -> build/floorplans/
  -> OK

== credit_union_a03.json ==
  loader OK: 'credit_union_a03', 1 stories, 8 features, 0 assets
  TACTICAL-WARN: stair #0 pitch 40deg is steep (walkable but uncomfortable); run >= 4.8m gives a gentler ~35deg.
  TACTICAL-WARN: stair #1 pitch 40deg is steep (walkable but uncomfortable); run >= 4.8m gives a gentler ~35deg.
  scorecard for credit_union_a03 [assault]:
    floors: 2   rooms: 4   markers: 7
    attacker entries: 4   objective rooms: 1   breach points: 2
    vertical links: 2   unreachable rooms: 0
    routes to objective (min): 1   chokepoints: none
    errors: 0   warnings: 0
  poly estimate for credit_union_a03:
    ~720 tris across 42 mesh pieces (Environment budget: 50-500 target, 1000 cap per piece)
    biggest piece: ext_S_0 (~60 tris)
  enterability: 5 usable entry(s) (3 door/garage, 4 standing) on walls ['E', 'N', 'S', 'W']
  ENTRY-WARN: crouch-only entry on the S wall: 1.4 m tall.
  ENTRY-NOTE: entry swing/vault clearance on both faces is a walk-test fact ù offline can't confirm the space is physically clear.
  navigability (offline proxy) for credit_union_a03:
    narrow openings: 0   isolated rooms: 0   (authoritative check = bake a navmesh in Godot)
  stairwell systems for credit_union_a03:
    systems: 2   egress-role: 0   classified: 2   routes: room-graph   (authoritative check = walk it; this is room-graph intel)
  STAIR-WARN: STAIRWELL STAIR_NOT_ENCLOSED: 'cu03_stair_w' sits inside 'lobby' (role 'public_entry') on story 0, not a stairwell -- it reads as a stair sprouting in the middle of an open room. Enclose it in a dedicated stairwell/corridor room (role in ['connector', 'corridor', 'hall', 'hallway', 'service', 'stairwell']) with a doored approach.
  STAIR-WARN: STAIRWELL STAIR_LATERAL_OPEN: 'cu03_stair_w' W side of the flight is open (largest gap 4.00 m > 0.5 m envelope) -- a stair floating open in the floor plate: a body walks/is pushed off the side, and the shaft reads as a hole in the AI navmesh. Fix by relocating it against a wall/corridor (stair_place edge zones) or enclosing the side with a wall or guard along the full flight and landing. A guarded feature stair is fine; a bare mid-floor one is not.
  STAIR-WARN: STAIRWELL STAIR_LATERAL_OPEN: 'cu03_stair_w' E side of the flight is open (largest gap 4.00 m > 0.5 m envelope) -- a stair floating open in the floor plate: a body walks/is pushed off the side, and the shaft reads as a hole in the AI navmesh. Fix by relocating it against a wall/corridor (stair_place edge zones) or enclosing the side with a wall or guard along the full flight and landing. A guarded feature stair is fine; a bare mid-floor one is not.
  STAIR-WARN: STAIRWELL STAIR_NOT_ENCLOSED: 'cu03_stair_n' sits inside 'teller_line' (role 'fortifiable') on story 0, not a stairwell -- it reads as a stair sprouting in the middle of an open room. Enclose it in a dedicated stairwell/corridor room (role in ['connector', 'corridor', 'hall', 'hallway', 'service', 'stairwell']) with a doored approach.
  STAIR-WARN: STAIRWELL STAIR_LATERAL_OPEN: 'cu03_stair_n' S side of the flight is open (largest gap 4.00 m > 0.5 m envelope) -- a stair floating open in the floor plate: a body walks/is pushed off the side, and the shaft reads as a hole in the AI navmesh. Fix by relocating it against a wall/corridor (stair_place edge zones) or enclosing the side with a wall or guard along the full flight and landing. A guarded feature stair is fine; a bare mid-floor one is not.
  STAIR-WARN: STAIRWELL STAIR_LATERAL_OPEN: 'cu03_stair_n' N side of the flight is open (largest gap 4.00 m > 0.5 m envelope) -- a stair floating open in the floor plate: a body walks/is pushed off the side, and the shaft reads as a hole in the AI navmesh. Fix by relocating it against a wall/corridor (stair_place edge zones) or enclosing the side with a wall or guard along the full flight and landing. A guarded feature stair is fine; a bare mid-floor one is not.
  pvp_heist profile for credit_union_a03:
    attackers: 2   defenders: 1   objective rooms: vault_room
    disjoint routes: 3   extraction via: extraction-facing exit (entry rooms)   protected rotation: yes
    flank: entries on faces ['E', 'N', 'S', 'W']   breaches: 2   stairs: 2   ladders: 0
  floorplan: 2 story SVG(s) -> build/floorplans/ (credit_union_a03.floorB.svg, credit_union_a03.floor0.svg)
    [basement]  (204 samples)
      death lane (longest clear sightline): 28.7 m  [long]
      objective room 'vault_room': 2 entries
      intent mismatch: room 'vault_room' authored 'close' but plays 'long' (21.3 m sightline)
    [ground]  (204 samples)
      death lane (longest clear sightline): 26.6 m  [long]
      weak cover 'None': in LOS of 1/2 attacker spawns
      intent mismatch: room 'lobby' authored 'medium' but plays 'long' (25.6 m sightline)
      intent mismatch: room 'teller_line' authored 'close' but plays 'long' (24.7 m sightline)
  sightlines: 2 overlay SVG(s) -> build/floorplans/
  -> OK

== deli_a01.json ==
  loader OK: 'deli_a01', 2 stories, 35 features, 0 assets
  TACTICAL-WARN: stair #0 pitch 40deg is steep (walkable but uncomfortable); run >= 4.6m gives a gentler ~35deg.
  TACTICAL-WARN: stair #1 pitch 40deg is steep (walkable but uncomfortable); run >= 4.6m gives a gentler ~35deg.
  scorecard for deli_a01 [assault]:
    floors: 3   rooms: 14   markers: 11
    attacker entries: 6   objective rooms: 2   breach points: 9
    vertical links: 5   unreachable rooms: 0
    routes to objective (min): 1   chokepoints: none
    errors: 0   warnings: 0
  poly estimate for deli_a01:
    ~1980 tris across 109 mesh pieces (Environment budget: 50-500 target, 1000 cap per piece)
    biggest piece: ext_S_0 (~84 tris)
  enterability: 8 usable entry(s) (2 door/garage, 5 standing) on walls ['E', 'N', 'S', 'W']
  ENTRY-WARN: crouch-only entry on the S wall: 1.4 m tall.
  ENTRY-WARN: crouch-only entry on the E wall: 1.4 m tall.
  ENTRY-WARN: crouch-only entry on the E wall: 1.4 m tall.
  ENTRY-NOTE: entry swing/vault clearance on both faces is a walk-test fact ù offline can't confirm the space is physically clear.
  navigability (offline proxy) for deli_a01:
    narrow openings: 1   isolated rooms: 0   (authoritative check = bake a navmesh in Godot)
  NAV-WARN: NAV: 1 opening(s) narrower than ~1.2m may block a 0.4m-radius nav agent: 1.10m door (partition #1@0). (Widen, or confirm your agent radius is smaller; verify with a real navmesh.)
  stairwell systems for deli_a01:
    systems: 2   egress-role: 0   classified: 2   routes: room-graph   (authoritative check = walk it; this is room-graph intel)
  STAIR-WARN: STAIRWELL STAIR_NOT_ENCLOSED: 'deli_stair_down' sits inside 'cold_storage' (role 'loot_room') on story -1, not a stairwell -- it reads as a stair sprouting in the middle of an open room. Enclose it in a dedicated stairwell/corridor room (role in ['connector', 'corridor', 'hall', 'hallway', 'service', 'stairwell']) with a doored approach.
  STAIR-WARN: STAIRWELL STAIR_LATERAL_OPEN: 'deli_stair_down' W side of the flight is open (largest gap 3.47 m > 0.5 m envelope) -- a stair floating open in the floor plate: a body walks/is pushed off the side, and the shaft reads as a hole in the AI navmesh. Fix by relocating it against a wall/corridor (stair_place edge zones) or enclosing the side with a wall or guard along the full flight and landing. A guarded feature stair is fine; a bare mid-floor one is not.
  STAIR-WARN: STAIRWELL STAIR_LATERAL_OPEN: 'deli_stair_down' E side of the flight is open (largest gap 4.00 m > 0.5 m envelope) -- a stair floating open in the floor plate: a body walks/is pushed off the side, and the shaft reads as a hole in the AI navmesh. Fix by relocating it against a wall/corridor (stair_place edge zones) or enclosing the side with a wall or guard along the full flight and landing. A guarded feature stair is fine; a bare mid-floor one is not.
  STAIR-WARN: STAIRWELL STAIR_LATERAL_OPEN: 'deli_stair_up' W side of the flight is open (largest gap 4.00 m > 0.5 m envelope) -- a stair floating open in the floor plate: a body walks/is pushed off the side, and the shaft reads as a hole in the AI navmesh. Fix by relocating it against a wall/corridor (stair_place edge zones) or enclosing the side with a wall or guard along the full flight and landing. A guarded feature stair is fine; a bare mid-floor one is not.
  STAIR-WARN: STAIRWELL STAIR_LATERAL_OPEN: 'deli_stair_up' E side of the flight is open (largest gap 4.00 m > 0.5 m envelope) -- a stair floating open in the floor plate: a body walks/is pushed off the side, and the shaft reads as a hole in the AI navmesh. Fix by relocating it against a wall/corridor (stair_place edge zones) or enclosing the side with a wall or guard along the full flight and landing. A guarded feature stair is fine; a bare mid-floor one is not.
  ladder systems for deli_a01:
    ladders: 2   secondary-escape: 0   routes: room-graph   (a ladder is never ordinary egress; this is room-graph intel)
  LADDER-WARN: LADDER: 'night_deli_ladder_0' is an interior roof-hatch ladder with no access_control -- roof access is normally locked (locked_hatch / staff_room; Rule 13).
  pvp_heist profile for deli_a01:
    attackers: 2   defenders: 1   objective rooms: basement_vault
    disjoint routes: 5   extraction via: extraction-facing exit (entry rooms)   protected rotation: yes
    flank: entries on faces ['N', 'S', 'W']   breaches: 9   stairs: 2   ladders: 2
  floorplan: 3 story SVG(s) -> build/floorplans/ (deli_a01.floorB.svg, deli_a01.floor0.svg, deli_a01.floor1.svg)
    [basement]  (238 samples)
      death lane (longest clear sightline): 37.5 m  [long]
      objective room 'basement_vault': 2 entries
      intent mismatch: room 'basement_corridor' authored 'medium' but plays 'long' (21.6 m sightline)
      intent mismatch: room 'cold_storage' authored 'close' but plays 'long' (21.6 m sightline)
      intent mismatch: room 'basement_vault' authored 'close' but plays 'medium' (19.6 m sightline)
      intent mismatch: room 'utility_room' authored 'medium' but plays 'long' (20.4 m sightline)
    [ground]  (223 samples)
      death lane (longest clear sightline): 36.7 m  [long]
      objective room 'deli_counter': 2 entries
      intent mismatch: room 'deli_counter' authored 'close' but plays 'medium' (10.8 m sightline)
      intent mismatch: room 'market_aisles' authored 'medium' but plays 'long' (21.3 m sightline)
      intent mismatch: room 'kitchen' authored 'close' but plays 'long' (20.1 m sightline)
      intent mismatch: room 'stairwell' authored 'close' but plays 'medium' (9.5 m sightline)
    [floor 1]  (238 samples)
      death lane (longest clear sightline): 37.0 m  [long]
      intent mismatch: room 'manager_office' authored 'medium' but plays 'long' (21.2 m sightline)
      intent mismatch: room 'apartment_hideout' authored 'close' but plays 'long' (23.7 m sightline)
      intent mismatch: room 'server_room' authored 'medium' but plays 'long' (20.4 m sightline)
  sightlines: 3 overlay SVG(s) -> build/floorplans/
  -> OK

== deli_a02.json ==
  loader OK: 'deli_a02', 2 stories, 35 features, 0 assets
  TACTICAL-WARN: stair #0 pitch 40deg is steep (walkable but uncomfortable); run >= 4.6m gives a gentler ~35deg.
  TACTICAL-WARN: stair #1 pitch 40deg is steep (walkable but uncomfortable); run >= 4.6m gives a gentler ~35deg.
  scorecard for deli_a02 [assault]:
    floors: 3   rooms: 14   markers: 11
    attacker entries: 7   objective rooms: 3   breach points: 8
    vertical links: 5   unreachable rooms: 0
    routes to objective (min): 1   chokepoints: none
    errors: 0   warnings: 0
  poly estimate for deli_a02:
    ~1980 tris across 109 mesh pieces (Environment budget: 50-500 target, 1000 cap per piece)
    biggest piece: ext_S_0 (~84 tris)
  enterability: 9 usable entry(s) (4 door/garage, 6 standing) on walls ['E', 'N', 'S', 'W']
  ENTRY-WARN: crouch-only entry on the S wall: 1.4 m tall.
  ENTRY-WARN: crouch-only entry on the E wall: 1.4 m tall.
  ENTRY-WARN: crouch-only entry on the E wall: 1.4 m tall.
  ENTRY-NOTE: entry swing/vault clearance on both faces is a walk-test fact ù offline can't confirm the space is physically clear.
  navigability (offline proxy) for deli_a02:
    narrow openings: 1   isolated rooms: 0   (authoritative check = bake a navmesh in Godot)
  NAV-WARN: NAV: 1 opening(s) narrower than ~1.2m may block a 0.4m-radius nav agent: 1.10m door (partition #1@0). (Widen, or confirm your agent radius is smaller; verify with a real navmesh.)
  stairwell systems for deli_a02:
    systems: 2   egress-role: 0   classified: 2   routes: room-graph   (authoritative check = walk it; this is room-graph intel)
  STAIR-WARN: STAIRWELL STAIR_NOT_ENCLOSED: 'deli_stair_down' sits inside 'cold_storage' (role 'loot_room') on story -1, not a stairwell -- it reads as a stair sprouting in the middle of an open room. Enclose it in a dedicated stairwell/corridor room (role in ['connector', 'corridor', 'hall', 'hallway', 'service', 'stairwell']) with a doored approach.
  STAIR-WARN: STAIRWELL STAIR_LATERAL_OPEN: 'deli_stair_down' W side of the flight is open (largest gap 3.47 m > 0.5 m envelope) -- a stair floating open in the floor plate: a body walks/is pushed off the side, and the shaft reads as a hole in the AI navmesh. Fix by relocating it against a wall/corridor (stair_place edge zones) or enclosing the side with a wall or guard along the full flight and landing. A guarded feature stair is fine; a bare mid-floor one is not.
  STAIR-WARN: STAIRWELL STAIR_LATERAL_OPEN: 'deli_stair_down' E side of the flight is open (largest gap 4.00 m > 0.5 m envelope) -- a stair floating open in the floor plate: a body walks/is pushed off the side, and the shaft reads as a hole in the AI navmesh. Fix by relocating it against a wall/corridor (stair_place edge zones) or enclosing the side with a wall or guard along the full flight and landing. A guarded feature stair is fine; a bare mid-floor one is not.
  STAIR-WARN: STAIRWELL STAIR_LATERAL_OPEN: 'deli_stair_up' W side of the flight is open (largest gap 4.00 m > 0.5 m envelope) -- a stair floating open in the floor plate: a body walks/is pushed off the side, and the shaft reads as a hole in the AI navmesh. Fix by relocating it against a wall/corridor (stair_place edge zones) or enclosing the side with a wall or guard along the full flight and landing. A guarded feature stair is fine; a bare mid-floor one is not.
  STAIR-WARN: STAIRWELL STAIR_LATERAL_OPEN: 'deli_stair_up' E side of the flight is open (largest gap 4.00 m > 0.5 m envelope) -- a stair floating open in the floor plate: a body walks/is pushed off the side, and the shaft reads as a hole in the AI navmesh. Fix by relocating it against a wall/corridor (stair_place edge zones) or enclosing the side with a wall or guard along the full flight and landing. A guarded feature stair is fine; a bare mid-floor one is not.
  ladder systems for deli_a02:
    ladders: 2   secondary-escape: 0   routes: room-graph   (a ladder is never ordinary egress; this is room-graph intel)
  LADDER-WARN: LADDER: 'night_deli_ladder_0' is an interior roof-hatch ladder with no access_control -- roof access is normally locked (locked_hatch / staff_room; Rule 13).
  pvp_heist profile for deli_a02:
    attackers: 2   defenders: 1   objective rooms: server_room
    disjoint routes: 5   extraction via: extraction-facing exit (entry rooms)   protected rotation: yes
    flank: entries on faces ['N', 'S', 'W']   breaches: 8   stairs: 2   ladders: 2
  floorplan: 3 story SVG(s) -> build/floorplans/ (deli_a02.floorB.svg, deli_a02.floor0.svg, deli_a02.floor1.svg)
    [basement]  (238 samples)
      death lane (longest clear sightline): 37.5 m  [long]
      objective room 'basement_vault': 2 entries
      intent mismatch: room 'basement_corridor' authored 'medium' but plays 'long' (21.6 m sightline)
      intent mismatch: room 'cold_storage' authored 'close' but plays 'long' (21.6 m sightline)
      intent mismatch: room 'basement_vault' authored 'close' but plays 'medium' (19.6 m sightline)
      intent mismatch: room 'utility_room' authored 'medium' but plays 'long' (20.4 m sightline)
    [ground]  (223 samples)
      death lane (longest clear sightline): 36.7 m  [long]
      objective room 'deli_counter': 2 entries
      intent mismatch: room 'deli_counter' authored 'close' but plays 'medium' (10.8 m sightline)
      intent mismatch: room 'market_aisles' authored 'medium' but plays 'long' (21.3 m sightline)
      intent mismatch: room 'kitchen' authored 'close' but plays 'long' (20.1 m sightline)
      intent mismatch: room 'stairwell' authored 'close' but plays 'medium' (9.5 m sightline)
    [floor 1]  (238 samples)
      death lane (longest clear sightline): 37.0 m  [long]
      objective room 'server_room': 3 entries
      intent mismatch: room 'manager_office' authored 'medium' but plays 'long' (21.2 m sightline)
      intent mismatch: room 'apartment_hideout' authored 'close' but plays 'long' (23.7 m sightline)
      intent mismatch: room 'server_room' authored 'medium' but plays 'long' (20.4 m sightline)
  sightlines: 3 overlay SVG(s) -> build/floorplans/
  -> OK

== deli_a03.json ==
  loader OK: 'deli_a03', 2 stories, 35 features, 0 assets
  TACTICAL-WARN: stair #0 pitch 40deg is steep (walkable but uncomfortable); run >= 4.6m gives a gentler ~35deg.
  TACTICAL-WARN: stair #1 pitch 40deg is steep (walkable but uncomfortable); run >= 4.6m gives a gentler ~35deg.
  scorecard for deli_a03 [assault]:
    floors: 3   rooms: 14   markers: 11
    attacker entries: 4   objective rooms: 3   breach points: 7
    vertical links: 5   unreachable rooms: 0
    routes to objective (min): 1   chokepoints: none
    errors: 0   warnings: 0
  poly estimate for deli_a03:
    ~1932 tris across 109 mesh pieces (Environment budget: 50-500 target, 1000 cap per piece)
    biggest piece: ext_S_0 (~84 tris)
  enterability: 7 usable entry(s) (2 door/garage, 3 standing) on walls ['E', 'N', 'S', 'W']
  ENTRY-WARN: crouch-only entry on the S wall: 1.4 m tall.
  ENTRY-WARN: crouch-only entry on the W wall: 1.4 m tall.
  ENTRY-WARN: crouch-only entry on the E wall: 1.4 m tall.
  ENTRY-WARN: crouch-only entry on the E wall: 1.4 m tall.
  ENTRY-NOTE: entry swing/vault clearance on both faces is a walk-test fact ù offline can't confirm the space is physically clear.
  navigability (offline proxy) for deli_a03:
    narrow openings: 1   isolated rooms: 0   (authoritative check = bake a navmesh in Godot)
  NAV-WARN: NAV: 1 opening(s) narrower than ~1.2m may block a 0.4m-radius nav agent: 1.10m door (partition #1@0). (Widen, or confirm your agent radius is smaller; verify with a real navmesh.)
  stairwell systems for deli_a03:
    systems: 2   egress-role: 0   classified: 2   routes: room-graph   (authoritative check = walk it; this is room-graph intel)
  STAIR-WARN: STAIRWELL STAIR_NOT_ENCLOSED: 'deli_stair_down' sits inside 'cold_storage' (role 'loot_room') on story -1, not a stairwell -- it reads as a stair sprouting in the middle of an open room. Enclose it in a dedicated stairwell/corridor room (role in ['connector', 'corridor', 'hall', 'hallway', 'service', 'stairwell']) with a doored approach.
  STAIR-WARN: STAIRWELL STAIR_LATERAL_OPEN: 'deli_stair_down' W side of the flight is open (largest gap 3.47 m > 0.5 m envelope) -- a stair floating open in the floor plate: a body walks/is pushed off the side, and the shaft reads as a hole in the AI navmesh. Fix by relocating it against a wall/corridor (stair_place edge zones) or enclosing the side with a wall or guard along the full flight and landing. A guarded feature stair is fine; a bare mid-floor one is not.
  STAIR-WARN: STAIRWELL STAIR_LATERAL_OPEN: 'deli_stair_down' E side of the flight is open (largest gap 4.00 m > 0.5 m envelope) -- a stair floating open in the floor plate: a body walks/is pushed off the side, and the shaft reads as a hole in the AI navmesh. Fix by relocating it against a wall/corridor (stair_place edge zones) or enclosing the side with a wall or guard along the full flight and landing. A guarded feature stair is fine; a bare mid-floor one is not.
  STAIR-WARN: STAIRWELL STAIR_LATERAL_OPEN: 'deli_stair_up' W side of the flight is open (largest gap 4.00 m > 0.5 m envelope) -- a stair floating open in the floor plate: a body walks/is pushed off the side, and the shaft reads as a hole in the AI navmesh. Fix by relocating it against a wall/corridor (stair_place edge zones) or enclosing the side with a wall or guard along the full flight and landing. A guarded feature stair is fine; a bare mid-floor one is not.
  STAIR-WARN: STAIRWELL STAIR_LATERAL_OPEN: 'deli_stair_up' E side of the flight is open (largest gap 4.00 m > 0.5 m envelope) -- a stair floating open in the floor plate: a body walks/is pushed off the side, and the shaft reads as a hole in the AI navmesh. Fix by relocating it against a wall/corridor (stair_place edge zones) or enclosing the side with a wall or guard along the full flight and landing. A guarded feature stair is fine; a bare mid-floor one is not.
  ladder systems for deli_a03:
    ladders: 2   secondary-escape: 0   routes: room-graph   (a ladder is never ordinary egress; this is room-graph intel)
  LADDER-WARN: LADDER: 'night_deli_ladder_0' is an interior roof-hatch ladder with no access_control -- roof access is normally locked (locked_hatch / staff_room; Rule 13).
  pvp_heist profile for deli_a03:
    attackers: 2   defenders: 1   objective rooms: apartment_hideout
    disjoint routes: 4   extraction via: extraction-facing exit (entry rooms)   protected rotation: yes
    flank: entries on faces ['N', 'S']   breaches: 7   stairs: 2   ladders: 2
  floorplan: 3 story SVG(s) -> build/floorplans/ (deli_a03.floorB.svg, deli_a03.floor0.svg, deli_a03.floor1.svg)
    [basement]  (238 samples)
      death lane (longest clear sightline): 37.5 m  [long]
      objective room 'basement_vault': 2 entries
      intent mismatch: room 'basement_corridor' authored 'medium' but plays 'long' (21.6 m sightline)
      intent mismatch: room 'cold_storage' authored 'close' but plays 'long' (21.6 m sightline)
      intent mismatch: room 'basement_vault' authored 'close' but plays 'medium' (19.6 m sightline)
      intent mismatch: room 'utility_room' authored 'medium' but plays 'long' (20.4 m sightline)
    [ground]  (223 samples)
      death lane (longest clear sightline): 36.7 m  [long]
      objective room 'deli_counter': 1 entries  <- FUNNEL (single entry)
      weak cover 'PALLET_STACK': in LOS of 1/2 attacker spawns
      intent mismatch: room 'deli_counter' authored 'close' but plays 'medium' (10.8 m sightline)
      intent mismatch: room 'market_aisles' authored 'medium' but plays 'long' (21.3 m sightline)
      intent mismatch: room 'kitchen' authored 'close' but plays 'long' (20.1 m sightline)
      intent mismatch: room 'stairwell' authored 'close' but plays 'medium' (9.5 m sightline)
    [floor 1]  (238 samples)
      death lane (longest clear sightline): 37.0 m  [long]
      objective room 'apartment_hideout': 2 entries
      intent mismatch: room 'manager_office' authored 'medium' but plays 'long' (21.2 m sightline)
      intent mismatch: room 'apartment_hideout' authored 'close' but plays 'long' (23.7 m sightline)
      intent mismatch: room 'server_room' authored 'medium' but plays 'long' (20.4 m sightline)
  sightlines: 3 overlay SVG(s) -> build/floorplans/
  -> OK

== depot_a01.json ==
  loader OK: 'depot_a01', 1 stories, 10 features, 0 assets
  scorecard for depot_a01 [assault]:
    floors: 1   rooms: 3   markers: 7
    attacker entries: 5   objective rooms: 1   breach points: 2
    vertical links: 1   unreachable rooms: 0
    routes to objective (min): 1   chokepoints: none
    errors: 0   warnings: 0
  poly estimate for depot_a01:
    ~672 tris across 34 mesh pieces (Environment budget: 50-500 target, 1000 cap per piece)
    biggest piece: ext_E_0 (~60 tris)
  enterability: 5 usable entry(s) (4 door/garage, 5 standing) on walls ['E', 'S', 'W']
  ENTRY-NOTE: entry swing/vault clearance on both faces is a walk-test fact ù offline can't confirm the space is physically clear.
  navigability (offline proxy) for depot_a01:
    narrow openings: 0   isolated rooms: 0   (authoritative check = bake a navmesh in Godot)
  ladder systems for depot_a01:
    ladders: 1   secondary-escape: 0   routes: room-graph   (a ladder is never ordinary egress; this is room-graph intel)
  pvp_heist profile for depot_a01:
    attackers: 2   defenders: 1   objective rooms: dispatch_office
    disjoint routes: 2   extraction via: extraction-facing exit (entry rooms)   protected rotation: yes
    flank: entries on faces ['E', 'S', 'W']   breaches: 2   stairs: 0   ladders: 1
  floorplan: 1 story SVG(s) -> build/floorplans/ (depot_a01.floor0.svg)
    [ground]  (175 samples)
      death lane (longest clear sightline): 46.0 m  [long]
      longest exposed approach (no cover within 2.5 m): 45.5 m
      objective room 'dispatch_office': 3 entries
      weak cover 'None': in LOS of 1/2 attacker spawns
      intent mismatch: room 'dispatch_office' authored 'close' but plays 'medium' (12.4 m sightline)
      intent mismatch: room 'parcel_hall' authored 'medium' but plays 'long' (31.8 m sightline)
  sightlines: 1 overlay SVG(s) -> build/floorplans/
  -> OK

== depot_a02.json ==
  loader OK: 'depot_a02', 1 stories, 8 features, 0 assets
  TACTICAL-WARN: stair #0 pitch 51deg is at/over the 45deg walkable limit -- the ramp collider won't be climbable. Lengthen run (>= 7.0m for ~35deg) or add a controller step-up.
  TACTICAL-WARN: stair #1 pitch 51deg is at/over the 45deg walkable limit -- the ramp collider won't be climbable. Lengthen run (>= 7.0m for ~35deg) or add a controller step-up.
  scorecard for depot_a02 [assault]:
    floors: 2   rooms: 4   markers: 7
    attacker entries: 4   objective rooms: 1   breach points: 2
    vertical links: 3   unreachable rooms: 0
    routes to objective (min): 1   chokepoints: none
    errors: 0   warnings: 0
  poly estimate for depot_a02:
    ~1164 tris across 79 mesh pieces (Environment budget: 50-500 target, 1000 cap per piece)
    biggest piece: ext_S_0 (~60 tris)
  enterability: 4 usable entry(s) (3 door/garage, 4 standing) on walls ['N', 'S', 'W']
  ENTRY-NOTE: entry swing/vault clearance on both faces is a walk-test fact ù offline can't confirm the space is physically clear.
  navigability (offline proxy) for depot_a02:
    narrow openings: 0   isolated rooms: 0   (authoritative check = bake a navmesh in Godot)
  stairwell systems for depot_a02:
    systems: 2   egress-role: 0   classified: 2   routes: room-graph   (authoritative check = walk it; this is room-graph intel)
  STAIR-WARN: STAIRWELL STAIR_LATERAL_OPEN: 'dp02_stair_n' W side of the flight is open (largest gap 4.00 m > 0.5 m envelope) -- a stair floating open in the floor plate: a body walks/is pushed off the side, and the shaft reads as a hole in the AI navmesh. Fix by relocating it against a wall/corridor (stair_place edge zones) or enclosing the side with a wall or guard along the full flight and landing. A guarded feature stair is fine; a bare mid-floor one is not.
  STAIR-WARN: STAIRWELL STAIR_LATERAL_OPEN: 'dp02_stair_n' E side of the flight is open (largest gap 4.00 m > 0.5 m envelope) -- a stair floating open in the floor plate: a body walks/is pushed off the side, and the shaft reads as a hole in the AI navmesh. Fix by relocating it against a wall/corridor (stair_place edge zones) or enclosing the side with a wall or guard along the full flight and landing. A guarded feature stair is fine; a bare mid-floor one is not.
  STAIR-WARN: STAIRWELL STAIR_NOT_ENCLOSED: 'dp02_stair_s' sits inside 'floor' (role 'public_entry') on story 0, not a stairwell -- it reads as a stair sprouting in the middle of an open room. Enclose it in a dedicated stairwell/corridor room (role in ['connector', 'corridor', 'hall', 'hallway', 'service', 'stairwell']) with a doored approach.
  STAIR-WARN: STAIRWELL STAIR_LATERAL_OPEN: 'dp02_stair_s' S side of the flight is open (largest gap 4.00 m > 0.5 m envelope) -- a stair floating open in the floor plate: a body walks/is pushed off the side, and the shaft reads as a hole in the AI navmesh. Fix by relocating it against a wall/corridor (stair_place edge zones) or enclosing the side with a wall or guard along the full flight and landing. A guarded feature stair is fine; a bare mid-floor one is not.
  STAIR-WARN: STAIRWELL STAIR_LATERAL_OPEN: 'dp02_stair_s' N side of the flight is open (largest gap 4.00 m > 0.5 m envelope) -- a stair floating open in the floor plate: a body walks/is pushed off the side, and the shaft reads as a hole in the AI navmesh. Fix by relocating it against a wall/corridor (stair_place edge zones) or enclosing the side with a wall or guard along the full flight and landing. A guarded feature stair is fine; a bare mid-floor one is not.
  ladder systems for depot_a02:
    ladders: 1   secondary-escape: 0   routes: room-graph   (a ladder is never ordinary egress; this is room-graph intel)
  pvp_heist profile for depot_a02:
    attackers: 2   defenders: 1   objective rooms: bonded_cage
    disjoint routes: 3   extraction via: extraction-facing exit (entry rooms)   protected rotation: yes
    flank: entries on faces ['N', 'S', 'W']   breaches: 2   stairs: 2   ladders: 1
  floorplan: 2 story SVG(s) -> build/floorplans/ (depot_a02.floorB.svg, depot_a02.floor0.svg)
    [basement]  (224 samples)
      death lane (longest clear sightline): 40.9 m  [long]
      objective room 'bonded_cage': 2 entries
      intent mismatch: room 'bond_hall' authored 'medium' but plays 'long' (28.7 m sightline)
      intent mismatch: room 'bonded_cage' authored 'close' but plays 'long' (28.7 m sightline)
    [ground]  (224 samples)
      death lane (longest clear sightline): 43.4 m  [long]
      weak cover 'None': in LOS of 1/2 attacker spawns
      intent mismatch: room 'north_hall' authored 'medium' but plays 'long' (40.7 m sightline)
  sightlines: 2 overlay SVG(s) -> build/floorplans/
  -> OK

== final_stand.json ==
  loader OK: 'final_stand', 3 stories, 36 features, 0 assets
  TACTICAL-WARN: stair #0 pitch 44deg is steep (walkable but uncomfortable); run >= 5.3m gives a gentler ~35deg.
  TACTICAL-WARN: stair #1 pitch 44deg is steep (walkable but uncomfortable); run >= 5.3m gives a gentler ~35deg.
  scorecard for final_stand [assault]:
    floors: 3   rooms: 13   markers: 13
    attacker entries: 7   objective rooms: 1   breach points: 2
    vertical links: 2   unreachable rooms: 0
    routes to objective (min): 4   chokepoints: none
    errors: 0   warnings: 0
  poly estimate for final_stand:
    ~2532 tris across 117 mesh pieces (Environment budget: 50-500 target, 1000 cap per piece)
    biggest piece: ext_S_0 (~108 tris)
  enterability: 10 usable entry(s) (5 door/garage, 7 standing) on walls ['E', 'N', 'S', 'W']
  ENTRY-WARN: crouch-only entry on the S wall: 1.4 m tall.
  ENTRY-WARN: crouch-only entry on the S wall: 1.4 m tall.
  ENTRY-WARN: crouch-only entry on the W wall: 1.4 m tall.
  ENTRY-NOTE: entry swing/vault clearance on both faces is a walk-test fact ù offline can't confirm the space is physically clear.
  navigability (offline proxy) for final_stand:
    narrow openings: 18   isolated rooms: 0   (authoritative check = bake a navmesh in Godot)
  NAV-WARN: NAV: 18 opening(s) narrower than ~1.2m may block a 0.4m-radius nav agent: 1.20m door (ext N@0), 1.10m door (ext W@0), 1.10m door (ext E@0), 1.20m door (partition #0@0), 1.20m door (partition #0@0), 1.20m door (partition #1@0), 1.20m door (partition #1@0), 1.20m door (partition #1@0), 1.20m door (partition #2@0), 1.20m door (partition #3@0), 1.20m door (partition #4@1), 1.20m door (partition #4@1), 1.20m door (partition #5@1), 1.20m door (partition #6@1), 1.20m door (partition #7@2), 1.20m door (partition #7@2), 1.20m door (partition #8@2), 1.20m door (partition #9@2). (Widen, or confirm your agent radius is smaller; verify with a real navmesh.)
  stairwell systems for final_stand:
    systems: 2   egress-role: 0   classified: 2   routes: room-graph   (authoritative check = walk it; this is room-graph intel)
  STAIR-WARN: STAIRWELL STAIR_ACCESS_THROUGH_PROHIBITED_ROOM: 'final_stand_stair_0' on story 2 is approached through 'boss_suite' (role 'objective_room') -- prohibited for a required stair (Rule 3).
  STAIR-WARN: STAIRWELL STAIR_VOLUME_INVADED: 'final_stand_stair_0' reserved volume is occupied by volume 'boss_desk', volume 'north_statue', objective marker 'final_boss', cover_high marker '?' -- stair runs, landings, and discharge are reserved space, not leftover space (Rule 10).
  STAIR-WARN: STAIRWELL STAIR_HEADROOM_BLOCKED: 'final_stand_stair_0' has 0.15 m of headroom under volume 'boss_desk' at (-0.8, 9.3) where the walking surface is z=7.40 -- the contract ratifies 2 m (agent_contract.json clearances.min_headroom_m). A body tops out into it.
  STAIR-WARN: STAIRWELL STAIR_LATERAL_OPEN: 'final_stand_stair_0' W side of the flight is open (largest gap 3.20 m > 0.5 m envelope) -- a stair floating open in the floor plate: a body walks/is pushed off the side, and the shaft reads as a hole in the AI navmesh. Fix by relocating it against a wall/corridor (stair_place edge zones) or enclosing the side with a wall or guard along the full flight and landing. A guarded feature stair is fine; a bare mid-floor one is not.
  STAIR-WARN: STAIRWELL STAIR_LATERAL_OPEN: 'final_stand_stair_0' E side of the flight is open (largest gap 3.20 m > 0.5 m envelope) -- a stair floating open in the floor plate: a body walks/is pushed off the side, and the shaft reads as a hole in the AI navmesh. Fix by relocating it against a wall/corridor (stair_place edge zones) or enclosing the side with a wall or guard along the full flight and landing. A guarded feature stair is fine; a bare mid-floor one is not.
  STAIR-WARN: STAIRWELL STAIR_OPENING_UNGUARDED: 'final_stand_stair_0' N edge of the reserved opening is unguarded (largest gap 0.60 m > 0.5 m envelope) -- a body on the upper floor can walk into the stairwell; guard every floor-opening edge except the stair mouth (Rule 4).
  STAIR-WARN: STAIRWELL STAIR_NOT_ENCLOSED: 'final_stand_stair_1' sits inside 'garage' (role 'fortifiable') on story 0, not a stairwell -- it reads as a stair sprouting in the middle of an open room. Enclose it in a dedicated stairwell/corridor room (role in ['connector', 'corridor', 'hall', 'hallway', 'service', 'stairwell']) with a doored approach.
  STAIR-WARN: STAIRWELL STAIR_VOLUME_INVADED: 'final_stand_stair_1' reserved volume is occupied by volume 'garage_cover' -- stair runs, landings, and discharge are reserved space, not leftover space (Rule 10).
  STAIR-WARN: STAIRWELL STAIR_LATERAL_OPEN: 'final_stand_stair_1' W side of the flight is open (largest gap 1.00 m > 0.5 m envelope) -- a stair floating open in the floor plate: a body walks/is pushed off the side, and the shaft reads as a hole in the AI navmesh. Fix by relocating it against a wall/corridor (stair_place edge zones) or enclosing the side with a wall or guard along the full flight and landing. A guarded feature stair is fine; a bare mid-floor one is not.
  STAIR-WARN: STAIRWELL STAIR_LATERAL_OPEN: 'final_stand_stair_1' E side of the flight is open (largest gap 1.00 m > 0.5 m envelope) -- a stair floating open in the floor plate: a body walks/is pushed off the side, and the shaft reads as a hole in the AI navmesh. Fix by relocating it against a wall/corridor (stair_place edge zones) or enclosing the side with a wall or guard along the full flight and landing. A guarded feature stair is fine; a bare mid-floor one is not.
  STAIR-WARN: STAIRWELL STAIR_OPENING_UNGUARDED: 'final_stand_stair_1' N edge of the reserved opening is unguarded (largest gap 3.20 m > 0.5 m envelope) -- a body on the upper floor can walk into the stairwell; guard every floor-opening edge except the stair mouth (Rule 4).
  floorplan: 3 story SVG(s) -> build/floorplans/ (final_stand.floor0.svg, final_stand.floor1.svg, final_stand.floor2.svg)
    [ground]  (187 samples)
      death lane (longest clear sightline): 41.5 m  [long]
      weak cover 'None': in LOS of 1/3 attacker spawns
      intent mismatch: room 'garage' authored 'close' but plays 'medium' (12.1 m sightline)
      intent mismatch: room 'stair_core' authored 'close' but plays 'medium' (15.7 m sightline)
      intent mismatch: room 'east_security' authored 'close' but plays 'medium' (12.0 m sightline)
    [floor 1]  (187 samples)
      death lane (longest clear sightline): 44.3 m  [long]
      intent mismatch: room 'south_gallery' authored 'medium' but plays 'long' (42.7 m sightline)
      intent mismatch: room 'west_office' authored 'close' but plays 'medium' (17.0 m sightline)
      intent mismatch: room 'east_lounge' authored 'close' but plays 'medium' (17.0 m sightline)
    [floor 2]  (186 samples)
      death lane (longest clear sightline): 46.1 m  [long]
      objective room 'boss_suite': 2 entries
      intent mismatch: room 'south_balcony' authored 'medium' but plays 'long' (42.7 m sightline)
      intent mismatch: room 'boss_antechamber' authored 'close' but plays 'medium' (15.0 m sightline)
      intent mismatch: room 'boss_suite' authored 'close' but plays 'medium' (17.1 m sightline)
      intent mismatch: room 'trophy_room' authored 'close' but plays 'medium' (15.0 m sightline)
  sightlines: 3 overlay SVG(s) -> build/floorplans/
  -> OK

== foundry_heist_vertical.json ==
  loader OK: 'foundry_heist_vertical', 3 stories, 40 features, 0 assets
  scorecard for foundry_heist_vertical [heist]:
    objectives: 5 (3 required)   entries: 8   markers: 23
    loot: 5 spawns, 12 bags, value 285000
    extraction zones: 1   secure/drop zones: 3   unreachable objectives: 0
    routes to objective (min): 1   chokepoints: none
    phases: alarm, escape, loud, stealth
    errors: 0   warnings: 0
  poly estimate for foundry_heist_vertical:
    ~3072 tris across 174 mesh pieces (Environment budget: 50-500 target, 1000 cap per piece)
    biggest piece: ext_S_0 (~84 tris)
  enterability: 9 usable entry(s) (6 door/garage, 8 standing) on walls ['E', 'N', 'S', 'W']
  ENTRY-WARN: crouch-only entry on the S wall: 1.4 m tall.
  ENTRY-NOTE: entry swing/vault clearance on both faces is a walk-test fact ù offline can't confirm the space is physically clear.
  navigability (offline proxy) for foundry_heist_vertical:
    narrow openings: 24   isolated rooms: 0   (authoritative check = bake a navmesh in Godot)
  NAV-WARN: NAV: 24 opening(s) narrower than ~1.2m may block a 0.4m-radius nav agent: 1.20m door (ext S@0), 1.20m door (ext W@0), 1.20m door (ext E@0), 1.20m door (ext N@0), 1.20m door (partition #0@-1), 1.20m door (partition #0@-1), 1.20m door (partition #1@-1), 1.20m door (partition #1@-1), 1.20m door (partition #2@0), 1.20m door (partition #2@0), 1.20m door (partition #3@0), 1.20m door (partition #3@0), 1.20m door (partition #4@0), 1.20m door (partition #4@0), 1.20m door (partition #4@0), 1.20m door (partition #5@1), 1.20m door (partition #5@1), 1.20m door (partition #5@1), 1.20m door (partition #6@1), 1.20m door (partition #7@1), 1.20m door (partition #8@2), 1.20m door (partition #8@2), 1.20m door (partition #9@2), 1.20m door (partition #9@2). (Widen, or confirm your agent radius is smaller; verify with a real navmesh.)
  stairwell systems for foundry_heist_vertical:
    systems: 2   egress-role: 0   classified: 2   routes: room-graph   (authoritative check = walk it; this is room-graph intel)
  STAIR-WARN: STAIRWELL STAIR_VOLUME_INVADED: 'foundry_heist_vertical_stair_0' reserved volume is occupied by volume 'bridge_server_rack' -- stair runs, landings, and discharge are reserved space, not leftover space (Rule 10).
  STAIR-WARN: STAIRWELL STAIR_LATERAL_OPEN: 'foundry_heist_vertical_stair_0' W side of the flight is open (largest gap 5.00 m > 0.5 m envelope) -- a stair floating open in the floor plate: a body walks/is pushed off the side, and the shaft reads as a hole in the AI navmesh. Fix by relocating it against a wall/corridor (stair_place edge zones) or enclosing the side with a wall or guard along the full flight and landing. A guarded feature stair is fine; a bare mid-floor one is not.
  STAIR-WARN: STAIRWELL STAIR_LATERAL_OPEN: 'foundry_heist_vertical_stair_0' E side of the flight is open (largest gap 5.00 m > 0.5 m envelope) -- a stair floating open in the floor plate: a body walks/is pushed off the side, and the shaft reads as a hole in the AI navmesh. Fix by relocating it against a wall/corridor (stair_place edge zones) or enclosing the side with a wall or guard along the full flight and landing. A guarded feature stair is fine; a bare mid-floor one is not.
  STAIR-WARN: STAIRWELL STAIR_OPENING_UNGUARDED: 'foundry_heist_vertical_stair_0' N edge of the reserved opening is unguarded (largest gap 0.80 m > 0.5 m envelope) -- a body on the upper floor can walk into the stairwell; guard every floor-opening edge except the stair mouth (Rule 4).
  STAIR-WARN: STAIRWELL STAIR_DOOR_OPENS_ONTO_TREAD: a door in partition @story 2 sits over 'foundry_heist_vertical_stair_0' mid-run at (0.0, 8.0) -- doors belong on landings, never treads (Rule 4).
  STAIR-WARN: STAIRWELL STAIR_NOT_ENCLOSED: 'foundry_heist_vertical_stair_1' sits inside 'lobby' (role 'public_entry') on story 0, not a stairwell -- it reads as a stair sprouting in the middle of an open room. Enclose it in a dedicated stairwell/corridor room (role in ['connector', 'corridor', 'hall', 'hallway', 'service', 'stairwell']) with a doored approach.
  STAIR-WARN: STAIRWELL STAIR_VOLUME_INVADED: 'foundry_heist_vertical_stair_1' reserved volume is occupied by volume 'roof_ac_block_a' -- stair runs, landings, and discharge are reserved space, not leftover space (Rule 10).
  STAIR-WARN: STAIRWELL STAIR_HEADROOM_BLOCKED: 'foundry_heist_vertical_stair_1' has 0.19 m of headroom under volume 'roof_ac_block_a' at (-15.0, -9.1) where the walking surface is z=6.61 -- the contract ratifies 2 m (agent_contract.json clearances.min_headroom_m). A body tops out into it.
  STAIR-WARN: STAIRWELL STAIR_LATERAL_OPEN: 'foundry_heist_vertical_stair_1' W side of the flight is open (largest gap 3.25 m > 0.5 m envelope) -- a stair floating open in the floor plate: a body walks/is pushed off the side, and the shaft reads as a hole in the AI navmesh. Fix by relocating it against a wall/corridor (stair_place edge zones) or enclosing the side with a wall or guard along the full flight and landing. A guarded feature stair is fine; a bare mid-floor one is not.
  STAIR-WARN: STAIRWELL STAIR_LATERAL_OPEN: 'foundry_heist_vertical_stair_1' E side of the flight is open (largest gap 3.25 m > 0.5 m envelope) -- a stair floating open in the floor plate: a body walks/is pushed off the side, and the shaft reads as a hole in the AI navmesh. Fix by relocating it against a wall/corridor (stair_place edge zones) or enclosing the side with a wall or guard along the full flight and landing. A guarded feature stair is fine; a bare mid-floor one is not.
  ladder systems for foundry_heist_vertical:
    ladders: 3   secondary-escape: 0   routes: room-graph   (a ladder is never ordinary egress; this is room-graph intel)
  floorplan: 4 story SVG(s) -> build/floorplans/ (foundry_heist_vertical.floorB.svg, foundry_heist_vertical.floor0.svg, foundry_heist_vertical.floor1.svg, foundry_heist_vertical.floor2.svg)
    [basement]  (182 samples)
      death lane (longest clear sightline): 40.8 m  [long]
      objective room 'vault_cage': 3 entries
      intent mismatch: room 'sewer_entry' authored 'medium' but plays 'long' (32.2 m sightline)
      intent mismatch: room 'vault_approach' authored 'medium' but plays 'long' (29.5 m sightline)
      intent mismatch: room 'vault_cage' authored 'close' but plays 'long' (29.1 m sightline)
    [ground]  (190 samples)
      death lane (longest clear sightline): 36.5 m  [long]
      intent mismatch: room 'lobby' authored 'close' but plays 'medium' (16.8 m sightline)
      intent mismatch: room 'loading_dock' authored 'long' but plays 'medium' (15.4 m sightline)
      intent mismatch: room 'west_maintenance' authored 'medium' but plays 'long' (20.4 m sightline)
      intent mismatch: room 'central_floor' authored 'medium' but plays 'long' (20.1 m sightline)
    [floor 1]  (188 samples)
      death lane (longest clear sightline): 41.5 m  [long]
      objective room 'control_room': 2 entries
      objective room 'archive_room': 3 entries
      intent mismatch: room 'control_room' authored 'medium' but plays 'long' (21.2 m sightline)
      intent mismatch: room 'archive_room' authored 'medium' but plays 'long' (21.6 m sightline)
    [floor 2]  (187 samples)
      death lane (longest clear sightline): 41.8 m  [long]
      objective room 'comms_room': 2 entries
      intent mismatch: room 'comms_room' authored 'medium' but plays 'long' (22.1 m sightline)
      intent mismatch: room 'skylight_room' authored 'medium' but plays 'long' (22.9 m sightline)
  sightlines: 4 overlay SVG(s) -> build/floorplans/
  -> OK

== freight_terminal_a01.json ==
  loader OK: 'freight_terminal_a01', 1 stories, 11 features, 0 assets
  scorecard for freight_terminal_a01 [assault]:
    floors: 1   rooms: 3   markers: 7
    attacker entries: 8   objective rooms: 1   breach points: 2
    vertical links: 1   unreachable rooms: 0
    routes to objective (min): 1   chokepoints: none
    errors: 0   warnings: 0
  poly estimate for freight_terminal_a01:
    ~732 tris across 37 mesh pieces (Environment budget: 50-500 target, 1000 cap per piece)
    biggest piece: ext_S_0 (~84 tris)
  enterability: 8 usable entry(s) (7 door/garage, 8 standing) on walls ['E', 'N', 'S', 'W']
  ENTRY-NOTE: entry swing/vault clearance on both faces is a walk-test fact ù offline can't confirm the space is physically clear.
  navigability (offline proxy) for freight_terminal_a01:
    narrow openings: 0   isolated rooms: 0   (authoritative check = bake a navmesh in Godot)
  ladder systems for freight_terminal_a01:
    ladders: 1   secondary-escape: 0   routes: room-graph   (a ladder is never ordinary egress; this is room-graph intel)
  pvp_heist profile for freight_terminal_a01:
    attackers: 2   defenders: 1   objective rooms: bonded_cage
    disjoint routes: 2   extraction via: extraction-facing exit (entry rooms)   protected rotation: yes
    flank: entries on faces ['E', 'N', 'S', 'W']   breaches: 2   stairs: 0   ladders: 1
  floorplan: 1 story SVG(s) -> build/floorplans/ (freight_terminal_a01.floor0.svg)
    [ground]  (185 samples)
      death lane (longest clear sightline): 55.6 m  [long]
      longest exposed approach (no cover within 2.5 m): 37.5 m
      objective room 'bonded_cage': 3 entries
      weak cover 'None': in LOS of 1/2 attacker spawns
      intent mismatch: room 'west_hall' authored 'medium' but plays 'long' (20.1 m sightline)
      intent mismatch: room 'bonded_cage' authored 'close' but plays 'medium' (9.5 m sightline)
  sightlines: 1 overlay SVG(s) -> build/floorplans/
  -> OK

== freight_terminal_a02.json ==
  loader OK: 'freight_terminal_a02', 2 stories, 9 features, 0 assets
  TACTICAL-WARN: stair #0 pitch 49deg is at/over the 45deg walkable limit -- the ramp collider won't be climbable. Lengthen run (>= 7.7m for ~35deg) or add a controller step-up.
  scorecard for freight_terminal_a02 [assault]:
    floors: 2   rooms: 5   markers: 7
    attacker entries: 5   objective rooms: 1   breach points: 2
    vertical links: 2   unreachable rooms: 0
    routes to objective (min): 1   chokepoints: none
    errors: 0   warnings: 0
  poly estimate for freight_terminal_a02:
    ~1044 tris across 61 mesh pieces (Environment budget: 50-500 target, 1000 cap per piece)
    biggest piece: ext_N_0 (~60 tris)
  enterability: 5 usable entry(s) (4 door/garage, 5 standing) on walls ['E', 'N', 'S']
  ENTRY-NOTE: entry swing/vault clearance on both faces is a walk-test fact ù offline can't confirm the space is physically clear.
  navigability (offline proxy) for freight_terminal_a02:
    narrow openings: 0   isolated rooms: 0   (authoritative check = bake a navmesh in Godot)
  stairwell systems for freight_terminal_a02:
    systems: 1   egress-role: 0   classified: 1   routes: room-graph   (authoritative check = walk it; this is room-graph intel)
  STAIR-WARN: STAIRWELL STAIR_NOT_ENCLOSED: 'ft02_stair_0' sits inside 'dock_floor' (role 'open_floor') on story 0, not a stairwell -- it reads as a stair sprouting in the middle of an open room. Enclose it in a dedicated stairwell/corridor room (role in ['connector', 'corridor', 'hall', 'hallway', 'service', 'stairwell']) with a doored approach.
  STAIR-WARN: STAIRWELL STAIR_LATERAL_OPEN: 'ft02_stair_0' W side of the flight is open (largest gap 4.70 m > 0.5 m envelope) -- a stair floating open in the floor plate: a body walks/is pushed off the side, and the shaft reads as a hole in the AI navmesh. Fix by relocating it against a wall/corridor (stair_place edge zones) or enclosing the side with a wall or guard along the full flight and landing. A guarded feature stair is fine; a bare mid-floor one is not.
  STAIR-WARN: STAIRWELL STAIR_LATERAL_OPEN: 'ft02_stair_0' E side of the flight is open (largest gap 4.70 m > 0.5 m envelope) -- a stair floating open in the floor plate: a body walks/is pushed off the side, and the shaft reads as a hole in the AI navmesh. Fix by relocating it against a wall/corridor (stair_place edge zones) or enclosing the side with a wall or guard along the full flight and landing. A guarded feature stair is fine; a bare mid-floor one is not.
  ladder systems for freight_terminal_a02:
    ladders: 1   secondary-escape: 0   routes: room-graph   (a ladder is never ordinary egress; this is room-graph intel)
  pvp_heist profile for freight_terminal_a02:
    attackers: 2   defenders: 1   objective rooms: gantry_control
    disjoint routes: 3   extraction via: extraction-facing exit (entry rooms)   protected rotation: yes
    flank: entries on faces ['E', 'N', 'S']   breaches: 2   stairs: 1   ladders: 1
  floorplan: 2 story SVG(s) -> build/floorplans/ (freight_terminal_a02.floor0.svg, freight_terminal_a02.floor1.svg)
    [ground]  (220 samples)
      death lane (longest clear sightline): 50.6 m  [long]
    [floor 1]  (220 samples)
      death lane (longest clear sightline): 49.5 m  [long]
      objective room 'gantry_control': 3 entries
      intent mismatch: room 'mezz_south' authored 'medium' but plays 'long' (49.5 m sightline)
      intent mismatch: room 'mezz_hall' authored 'medium' but plays 'long' (36.5 m sightline)
      intent mismatch: room 'gantry_control' authored 'close' but plays 'medium' (17.0 m sightline)
  sightlines: 2 overlay SVG(s) -> build/floorplans/
  -> OK

== freight_terminal_a03.json ==
  loader OK: 'freight_terminal_a03', 1 stories, 7 features, 0 assets
  TACTICAL-WARN: stair #0 pitch 50deg is at/over the 45deg walkable limit -- the ramp collider won't be climbable. Lengthen run (>= 7.0m for ~35deg) or add a controller step-up.
  TACTICAL-WARN: stair #1 pitch 50deg is at/over the 45deg walkable limit -- the ramp collider won't be climbable. Lengthen run (>= 7.0m for ~35deg) or add a controller step-up.
  scorecard for freight_terminal_a03 [assault]:
    floors: 2   rooms: 4   markers: 7
    attacker entries: 5   objective rooms: 1   breach points: 2
    vertical links: 2   unreachable rooms: 0
    routes to objective (min): 1   chokepoints: none
    errors: 0   warnings: 0
  poly estimate for freight_terminal_a03:
    ~924 tris across 57 mesh pieces (Environment budget: 50-500 target, 1000 cap per piece)
    biggest piece: ext_W_0 (~60 tris)
  enterability: 5 usable entry(s) (4 door/garage, 5 standing) on walls ['N', 'S', 'W']
  ENTRY-NOTE: entry swing/vault clearance on both faces is a walk-test fact ù offline can't confirm the space is physically clear.
  navigability (offline proxy) for freight_terminal_a03:
    narrow openings: 0   isolated rooms: 0   (authoritative check = bake a navmesh in Godot)
  stairwell systems for freight_terminal_a03:
    systems: 2   egress-role: 0   classified: 2   routes: room-graph   (authoritative check = walk it; this is room-graph intel)
  STAIR-WARN: STAIRWELL STAIR_LATERAL_OPEN: 'ft03_stair_n' S side of the flight is open (largest gap 4.20 m > 0.5 m envelope) -- a stair floating open in the floor plate: a body walks/is pushed off the side, and the shaft reads as a hole in the AI navmesh. Fix by relocating it against a wall/corridor (stair_place edge zones) or enclosing the side with a wall or guard along the full flight and landing. A guarded feature stair is fine; a bare mid-floor one is not.
  STAIR-WARN: STAIRWELL STAIR_LATERAL_OPEN: 'ft03_stair_n' N side of the flight is open (largest gap 4.20 m > 0.5 m envelope) -- a stair floating open in the floor plate: a body walks/is pushed off the side, and the shaft reads as a hole in the AI navmesh. Fix by relocating it against a wall/corridor (stair_place edge zones) or enclosing the side with a wall or guard along the full flight and landing. A guarded feature stair is fine; a bare mid-floor one is not.
  STAIR-WARN: STAIRWELL STAIR_NOT_ENCLOSED: 'ft03_stair_s' sits inside 'lanes' (role 'public_entry') on story 0, not a stairwell -- it reads as a stair sprouting in the middle of an open room. Enclose it in a dedicated stairwell/corridor room (role in ['connector', 'corridor', 'hall', 'hallway', 'service', 'stairwell']) with a doored approach.
  STAIR-WARN: STAIRWELL STAIR_LATERAL_OPEN: 'ft03_stair_s' S side of the flight is open (largest gap 4.20 m > 0.5 m envelope) -- a stair floating open in the floor plate: a body walks/is pushed off the side, and the shaft reads as a hole in the AI navmesh. Fix by relocating it against a wall/corridor (stair_place edge zones) or enclosing the side with a wall or guard along the full flight and landing. A guarded feature stair is fine; a bare mid-floor one is not.
  STAIR-WARN: STAIRWELL STAIR_LATERAL_OPEN: 'ft03_stair_s' N side of the flight is open (largest gap 4.20 m > 0.5 m envelope) -- a stair floating open in the floor plate: a body walks/is pushed off the side, and the shaft reads as a hole in the AI navmesh. Fix by relocating it against a wall/corridor (stair_place edge zones) or enclosing the side with a wall or guard along the full flight and landing. A guarded feature stair is fine; a bare mid-floor one is not.
  pvp_heist profile for freight_terminal_a03:
    attackers: 2   defenders: 1   objective rooms: bond_vault
    disjoint routes: 3   extraction via: extraction-facing exit (entry rooms)   protected rotation: yes
    flank: entries on faces ['N', 'S', 'W']   breaches: 2   stairs: 2   ladders: 0
  floorplan: 2 story SVG(s) -> build/floorplans/ (freight_terminal_a03.floorB.svg, freight_terminal_a03.floor0.svg)
    [basement]  (214 samples)
      death lane (longest clear sightline): 48.5 m  [long]
      objective room 'bond_vault': 2 entries
      intent mismatch: room 'bond_approach' authored 'medium' but plays 'long' (37.3 m sightline)
      intent mismatch: room 'bond_vault' authored 'close' but plays 'long' (34.5 m sightline)
    [ground]  (214 samples)
      death lane (longest clear sightline): 51.0 m  [long]
      intent mismatch: room 'sort_hall' authored 'medium' but plays 'long' (46.7 m sightline)
  sightlines: 2 overlay SVG(s) -> build/floorplans/
  -> OK

== fuel_stop_heist.json ==
  loader OK: 'fuel_stop_heist', 1 stories, 38 features, 0 assets
  scorecard for fuel_stop_heist [heist]:
    objectives: 3 (2 required)   entries: 2   markers: 19
    loot: 3 spawns, 6 bags, value 10500
    extraction zones: 1   secure/drop zones: 1   unreachable objectives: 0
    routes to objective (min): 1   chokepoints: back_hall
    phases: approach
    errors: 0   warnings: 0
  poly estimate for fuel_stop_heist:
    ~828 tris across 39 mesh pieces (Environment budget: 50-500 target, 1000 cap per piece)
    biggest piece: ext_S_0 (~108 tris)
  enterability: 2 usable entry(s) (2 door/garage, 2 standing) on walls ['S']
  ENTRY-NOTE: entry swing/vault clearance on both faces is a walk-test fact ù offline can't confirm the space is physically clear.
  navigability (offline proxy) for fuel_stop_heist:
    narrow openings: 5   isolated rooms: 0   (authoritative check = bake a navmesh in Godot)
  NAV-WARN: NAV: 5 opening(s) narrower than ~1.2m may block a 0.4m-radius nav agent: 1.20m door (partition #1@0), 1.20m door (partition #1@0), 1.10m door (partition #2@0), 1.10m door (partition #3@0), 1.20m door (partition #4@0). (Widen, or confirm your agent radius is smaller; verify with a real navmesh.)
  floorplan: 1 story SVG(s) -> build/floorplans/ (fuel_stop_heist.floor0.svg)
    [ground]  (148 samples)
      death lane (longest clear sightline): 27.1 m  [long]
      longest exposed approach (no cover within 2.5 m): 17.0 m
      objective room 'sales_floor': 5 entries
      objective room 'manager_office': 1 entries  <- FUNNEL (single entry)
      intent mismatch: room 'food_service' authored 'close' but plays 'medium' (11.7 m sightline)
      intent mismatch: room 'stockroom' authored 'long' but plays 'medium' (12.0 m sightline)
      intent mismatch: room 'walk_in_cooler' authored 'close' but plays 'medium' (9.0 m sightline)
  sightlines: 1 overlay SVG(s) -> build/floorplans/
  -> OK

== funeral_home_a01.json ==
  loader OK: 'funeral_home_a01', 1 stories, 9 features, 0 assets
  TACTICAL-WARN: stair #0 pitch 40deg is steep (walkable but uncomfortable); run >= 4.8m gives a gentler ~35deg.
  TACTICAL-WARN: stair #1 pitch 40deg is steep (walkable but uncomfortable); run >= 4.8m gives a gentler ~35deg.
  scorecard for funeral_home_a01 [assault]:
    floors: 2   rooms: 4   markers: 7
    attacker entries: 4   objective rooms: 1   breach points: 2
    vertical links: 2   unreachable rooms: 0
    routes to objective (min): 1   chokepoints: none
    errors: 0   warnings: 0
  poly estimate for funeral_home_a01:
    ~756 tris across 43 mesh pieces (Environment budget: 50-500 target, 1000 cap per piece)
    biggest piece: ext_S_0 (~84 tris)
  enterability: 6 usable entry(s) (3 door/garage, 4 standing) on walls ['E', 'N', 'S']
  ENTRY-WARN: crouch-only entry on the S wall: 1.4 m tall.
  ENTRY-WARN: crouch-only entry on the S wall: 1.4 m tall.
  ENTRY-NOTE: entry swing/vault clearance on both faces is a walk-test fact ù offline can't confirm the space is physically clear.
  navigability (offline proxy) for funeral_home_a01:
    narrow openings: 0   isolated rooms: 0   (authoritative check = bake a navmesh in Godot)
  stairwell systems for funeral_home_a01:
    systems: 2   egress-role: 0   classified: 2   routes: room-graph   (authoritative check = walk it; this is room-graph intel)
  STAIR-WARN: STAIRWELL STAIR_LATERAL_OPEN: 'fh01_stair_n' S side of the flight is open (largest gap 4.00 m > 0.5 m envelope) -- a stair floating open in the floor plate: a body walks/is pushed off the side, and the shaft reads as a hole in the AI navmesh. Fix by relocating it against a wall/corridor (stair_place edge zones) or enclosing the side with a wall or guard along the full flight and landing. A guarded feature stair is fine; a bare mid-floor one is not.
  STAIR-WARN: STAIRWELL STAIR_LATERAL_OPEN: 'fh01_stair_n' N side of the flight is open (largest gap 4.00 m > 0.5 m envelope) -- a stair floating open in the floor plate: a body walks/is pushed off the side, and the shaft reads as a hole in the AI navmesh. Fix by relocating it against a wall/corridor (stair_place edge zones) or enclosing the side with a wall or guard along the full flight and landing. A guarded feature stair is fine; a bare mid-floor one is not.
  STAIR-WARN: STAIRWELL STAIR_NOT_ENCLOSED: 'fh01_stair_s' sits inside 'chapel' (role 'public_entry') on story 0, not a stairwell -- it reads as a stair sprouting in the middle of an open room. Enclose it in a dedicated stairwell/corridor room (role in ['connector', 'corridor', 'hall', 'hallway', 'service', 'stairwell']) with a doored approach.
  STAIR-WARN: STAIRWELL STAIR_LATERAL_OPEN: 'fh01_stair_s' S side of the flight is open (largest gap 4.00 m > 0.5 m envelope) -- a stair floating open in the floor plate: a body walks/is pushed off the side, and the shaft reads as a hole in the AI navmesh. Fix by relocating it against a wall/corridor (stair_place edge zones) or enclosing the side with a wall or guard along the full flight and landing. A guarded feature stair is fine; a bare mid-floor one is not.
  STAIR-WARN: STAIRWELL STAIR_LATERAL_OPEN: 'fh01_stair_s' N side of the flight is open (largest gap 4.00 m > 0.5 m envelope) -- a stair floating open in the floor plate: a body walks/is pushed off the side, and the shaft reads as a hole in the AI navmesh. Fix by relocating it against a wall/corridor (stair_place edge zones) or enclosing the side with a wall or guard along the full flight and landing. A guarded feature stair is fine; a bare mid-floor one is not.
  pvp_heist profile for funeral_home_a01:
    attackers: 2   defenders: 1   objective rooms: prep_room
    disjoint routes: 3   extraction via: extraction-facing exit (entry rooms)   protected rotation: yes
    flank: entries on faces ['E', 'N', 'S']   breaches: 2   stairs: 2   ladders: 0
  floorplan: 2 story SVG(s) -> build/floorplans/ (funeral_home_a01.floorB.svg, funeral_home_a01.floor0.svg)
    [basement]  (168 samples)
      death lane (longest clear sightline): 31.3 m  [long]
      objective room 'prep_room': 2 entries
      intent mismatch: room 'cellar_hall' authored 'medium' but plays 'long' (25.0 m sightline)
      intent mismatch: room 'prep_room' authored 'close' but plays 'long' (25.8 m sightline)
    [ground]  (168 samples)
      death lane (longest clear sightline): 32.5 m  [long]
      intent mismatch: room 'chapel' authored 'medium' but plays 'long' (32.3 m sightline)
      intent mismatch: room 'viewing_wing' authored 'close' but plays 'long' (30.6 m sightline)
  sightlines: 2 overlay SVG(s) -> build/floorplans/
  -> OK

== funeral_home_a02.json ==
  loader OK: 'funeral_home_a02', 2 stories, 8 features, 0 assets
  TACTICAL-WARN: stair #0 pitch 40deg is steep (walkable but uncomfortable); run >= 4.8m gives a gentler ~35deg.
  scorecard for funeral_home_a02 [assault]:
    floors: 2   rooms: 5   markers: 7
    attacker entries: 3   objective rooms: 1   breach points: 2
    vertical links: 1   unreachable rooms: 0
    routes to objective (min): 1   chokepoints: none
    errors: 0   warnings: 0
  poly estimate for funeral_home_a02:
    ~600 tris across 26 mesh pieces (Environment budget: 50-500 target, 1000 cap per piece)
    biggest piece: ext_S_0 (~60 tris)
  enterability: 4 usable entry(s) (2 door/garage, 3 standing) on walls ['N', 'S', 'W']
  ENTRY-WARN: crouch-only entry on the S wall: 1.4 m tall.
  ENTRY-NOTE: entry swing/vault clearance on both faces is a walk-test fact ù offline can't confirm the space is physically clear.
  navigability (offline proxy) for funeral_home_a02:
    narrow openings: 0   isolated rooms: 0   (authoritative check = bake a navmesh in Godot)
  stairwell systems for funeral_home_a02:
    systems: 1   egress-role: 0   classified: 1   routes: room-graph   (authoritative check = walk it; this is room-graph intel)
  STAIR-WARN: STAIRWELL STAIR_NOT_ENCLOSED: 'fh02_stair_0' sits inside 'parlor' (role 'public_entry') on story 0, not a stairwell -- it reads as a stair sprouting in the middle of an open room. Enclose it in a dedicated stairwell/corridor room (role in ['connector', 'corridor', 'hall', 'hallway', 'service', 'stairwell']) with a doored approach.
  STAIR-WARN: STAIRWELL STAIR_LATERAL_OPEN: 'fh02_stair_0' W side of the flight is open (largest gap 4.00 m > 0.5 m envelope) -- a stair floating open in the floor plate: a body walks/is pushed off the side, and the shaft reads as a hole in the AI navmesh. Fix by relocating it against a wall/corridor (stair_place edge zones) or enclosing the side with a wall or guard along the full flight and landing. A guarded feature stair is fine; a bare mid-floor one is not.
  STAIR-WARN: STAIRWELL STAIR_LATERAL_OPEN: 'fh02_stair_0' E side of the flight is open (largest gap 4.00 m > 0.5 m envelope) -- a stair floating open in the floor plate: a body walks/is pushed off the side, and the shaft reads as a hole in the AI navmesh. Fix by relocating it against a wall/corridor (stair_place edge zones) or enclosing the side with a wall or guard along the full flight and landing. A guarded feature stair is fine; a bare mid-floor one is not.
  pvp_heist profile for funeral_home_a02:
    attackers: 2   defenders: 1   objective rooms: records_office
    disjoint routes: 4   extraction via: extraction-facing exit (entry rooms)   protected rotation: yes
    flank: entries on faces ['N', 'S', 'W']   breaches: 2   stairs: 1   ladders: 0
  floorplan: 2 story SVG(s) -> build/floorplans/ (funeral_home_a02.floor0.svg, funeral_home_a02.floor1.svg)
    [ground]  (150 samples)
      death lane (longest clear sightline): 31.5 m  [long]
      weak cover 'None': in LOS of 1/2 attacker spawns
      intent mismatch: room 'parlor' authored 'medium' but plays 'long' (29.9 m sightline)
      intent mismatch: room 'viewing_rooms' authored 'close' but plays 'long' (29.5 m sightline)
    [floor 1]  (140 samples)
      death lane (longest clear sightline): 31.1 m  [long]
      objective room 'records_office': 3 entries
      intent mismatch: room 'upper_hall' authored 'medium' but plays 'long' (29.5 m sightline)
      intent mismatch: room 'family_wing' authored 'close' but plays 'medium' (18.1 m sightline)
      intent mismatch: room 'records_office' authored 'close' but plays 'medium' (12.9 m sightline)
  sightlines: 2 overlay SVG(s) -> build/floorplans/
  -> OK

== funeral_home_a03.json ==
  loader OK: 'funeral_home_a03', 1 stories, 8 features, 0 assets
  TACTICAL-WARN: stair #0 pitch 40deg is steep (walkable but uncomfortable); run >= 4.8m gives a gentler ~35deg.
  TACTICAL-WARN: stair #1 pitch 40deg is steep (walkable but uncomfortable); run >= 4.8m gives a gentler ~35deg.
  scorecard for funeral_home_a03 [assault]:
    floors: 2   rooms: 4   markers: 7
    attacker entries: 4   objective rooms: 1   breach points: 2
    vertical links: 2   unreachable rooms: 0
    routes to objective (min): 1   chokepoints: none
    errors: 0   warnings: 0
  poly estimate for funeral_home_a03:
    ~744 tris across 42 mesh pieces (Environment budget: 50-500 target, 1000 cap per piece)
    biggest piece: ext_S_0 (~60 tris)
  enterability: 5 usable entry(s) (3 door/garage, 4 standing) on walls ['E', 'S', 'W']
  ENTRY-WARN: crouch-only entry on the S wall: 1.4 m tall.
  ENTRY-NOTE: entry swing/vault clearance on both faces is a walk-test fact ù offline can't confirm the space is physically clear.
  navigability (offline proxy) for funeral_home_a03:
    narrow openings: 0   isolated rooms: 0   (authoritative check = bake a navmesh in Godot)
  stairwell systems for funeral_home_a03:
    systems: 2   egress-role: 0   classified: 2   routes: room-graph   (authoritative check = walk it; this is room-graph intel)
  STAIR-WARN: STAIRWELL STAIR_LATERAL_OPEN: 'fh03_stair_n' S side of the flight is open (largest gap 4.00 m > 0.5 m envelope) -- a stair floating open in the floor plate: a body walks/is pushed off the side, and the shaft reads as a hole in the AI navmesh. Fix by relocating it against a wall/corridor (stair_place edge zones) or enclosing the side with a wall or guard along the full flight and landing. A guarded feature stair is fine; a bare mid-floor one is not.
  STAIR-WARN: STAIRWELL STAIR_LATERAL_OPEN: 'fh03_stair_n' N side of the flight is open (largest gap 4.00 m > 0.5 m envelope) -- a stair floating open in the floor plate: a body walks/is pushed off the side, and the shaft reads as a hole in the AI navmesh. Fix by relocating it against a wall/corridor (stair_place edge zones) or enclosing the side with a wall or guard along the full flight and landing. A guarded feature stair is fine; a bare mid-floor one is not.
  STAIR-WARN: STAIRWELL STAIR_NOT_ENCLOSED: 'fh03_stair_s' sits inside 'reception' (role 'public_entry') on story 0, not a stairwell -- it reads as a stair sprouting in the middle of an open room. Enclose it in a dedicated stairwell/corridor room (role in ['connector', 'corridor', 'hall', 'hallway', 'service', 'stairwell']) with a doored approach.
  STAIR-WARN: STAIRWELL STAIR_LATERAL_OPEN: 'fh03_stair_s' S side of the flight is open (largest gap 4.00 m > 0.5 m envelope) -- a stair floating open in the floor plate: a body walks/is pushed off the side, and the shaft reads as a hole in the AI navmesh. Fix by relocating it against a wall/corridor (stair_place edge zones) or enclosing the side with a wall or guard along the full flight and landing. A guarded feature stair is fine; a bare mid-floor one is not.
  STAIR-WARN: STAIRWELL STAIR_LATERAL_OPEN: 'fh03_stair_s' N side of the flight is open (largest gap 4.00 m > 0.5 m envelope) -- a stair floating open in the floor plate: a body walks/is pushed off the side, and the shaft reads as a hole in the AI navmesh. Fix by relocating it against a wall/corridor (stair_place edge zones) or enclosing the side with a wall or guard along the full flight and landing. A guarded feature stair is fine; a bare mid-floor one is not.
  pvp_heist profile for funeral_home_a03:
    attackers: 2   defenders: 1   objective rooms: columbarium_vault
    disjoint routes: 3   extraction via: extraction-facing exit (entry rooms)   protected rotation: yes
    flank: entries on faces ['E', 'S', 'W']   breaches: 2   stairs: 2   ladders: 0
  floorplan: 2 story SVG(s) -> build/floorplans/ (funeral_home_a03.floorB.svg, funeral_home_a03.floor0.svg)
    [basement]  (184 samples)
      death lane (longest clear sightline): 34.6 m  [long]
      objective room 'columbarium_vault': 2 entries
      intent mismatch: room 'lower_hall' authored 'medium' but plays 'long' (27.7 m sightline)
      intent mismatch: room 'columbarium_vault' authored 'close' but plays 'long' (25.0 m sightline)
    [ground]  (184 samples)
      death lane (longest clear sightline): 35.3 m  [long]
      intent mismatch: room 'reception' authored 'medium' but plays 'long' (35.1 m sightline)
      intent mismatch: room 'crematory_wing' authored 'close' but plays 'long' (33.5 m sightline)
  sightlines: 2 overlay SVG(s) -> build/floorplans/
  -> OK

== gas_station.json ==
  loader OK: 'gas_station', 1 stories, 32 features, 0 assets
  scorecard for gas_station [heist]:
    objectives: 2 (2 required)   entries: 7   markers: 11
    loot: 3 spawns, 4 bags, value 13500
    extraction zones: 1   secure/drop zones: 0   unreachable objectives: 0
    routes to objective (min): 1   chokepoints: none
    phases: ù
    errors: 0   warnings: 0
  poly estimate for gas_station:
    ~720 tris across 34 mesh pieces (Environment budget: 50-500 target, 1000 cap per piece)
    biggest piece: ext_S_0 (~108 tris)
  enterability: 10 usable entry(s) (6 door/garage, 9 standing) on walls ['E', 'N', 'S', 'W']
  ENTRY-WARN: crouch-only entry on the W wall: 1.4 m tall.
  ENTRY-NOTE: entry swing/vault clearance on both faces is a walk-test fact ù offline can't confirm the space is physically clear.
  navigability (offline proxy) for gas_station:
    narrow openings: 5   isolated rooms: 0   (authoritative check = bake a navmesh in Godot)
  NAV-WARN: NAV: 5 opening(s) narrower than ~1.2m may block a 0.4m-radius nav agent: 1.00m door (ext N@0), 1.10m door (ext W@0), 1.10m door (ext E@0), 1.10m door (partition #0@0), 1.00m door (partition #1@0). (Widen, or confirm your agent radius is smaller; verify with a real navmesh.)
  floorplan: 1 story SVG(s) -> build/floorplans/ (gas_station.floor0.svg)
    [ground]  (149 samples)
      death lane (longest clear sightline): 30.1 m  [long]
      longest exposed approach (no cover within 2.5 m): 39.0 m
      objective room 'back_office': 4 entries
      intent mismatch: room 'stockroom' authored 'close' but plays 'medium' (12.0 m sightline)
      intent mismatch: room 'back_office' authored 'close' but plays 'medium' (10.8 m sightline)
  sightlines: 1 overlay SVG(s) -> build/floorplans/
  -> OK

== gas_station_a01.json ==
  loader OK: 'gas_station_a01', 1 stories, 32 features, 0 assets
  scorecard for gas_station_a01 [assault]:
    floors: 1   rooms: 3   markers: 7
    attacker entries: 7   objective rooms: 1   breach points: 1
    vertical links: 0   unreachable rooms: 0
    routes to objective (min): 1   chokepoints: none
    errors: 0   warnings: 0
  poly estimate for gas_station_a01:
    ~720 tris across 34 mesh pieces (Environment budget: 50-500 target, 1000 cap per piece)
    biggest piece: ext_S_0 (~108 tris)
  enterability: 10 usable entry(s) (6 door/garage, 9 standing) on walls ['E', 'N', 'S', 'W']
  ENTRY-WARN: crouch-only entry on the W wall: 1.4 m tall.
  ENTRY-NOTE: entry swing/vault clearance on both faces is a walk-test fact ù offline can't confirm the space is physically clear.
  navigability (offline proxy) for gas_station_a01:
    narrow openings: 0   isolated rooms: 0   (authoritative check = bake a navmesh in Godot)
  pvp_heist profile for gas_station_a01:
    attackers: 2   defenders: 1   objective rooms: back_office
    disjoint routes: 2   extraction via: extraction-facing exit (entry rooms)   protected rotation: yes
    flank: entries on faces ['E', 'N', 'S', 'W']   breaches: 1   stairs: 0   ladders: 0
  floorplan: 1 story SVG(s) -> build/floorplans/ (gas_station_a01.floor0.svg)
    [ground]  (149 samples)
      death lane (longest clear sightline): 30.1 m  [long]
      longest exposed approach (no cover within 2.5 m): 12.5 m
      objective room 'back_office': 4 entries
      intent mismatch: room 'stockroom' authored 'close' but plays 'medium' (12.0 m sightline)
      intent mismatch: room 'back_office' authored 'close' but plays 'medium' (10.8 m sightline)
  sightlines: 1 overlay SVG(s) -> build/floorplans/
  -> OK

== gas_station_a02.json ==
  loader OK: 'gas_station_a02', 1 stories, 38 features, 0 assets
  scorecard for gas_station_a02 [assault]:
    floors: 1   rooms: 6   markers: 7
    attacker entries: 4   objective rooms: 2   breach points: 2
    vertical links: 0   unreachable rooms: 0
    routes to objective (min): 1   chokepoints: none
    errors: 0   warnings: 0
  poly estimate for gas_station_a02:
    ~900 tris across 39 mesh pieces (Environment budget: 50-500 target, 1000 cap per piece)
    biggest piece: ext_S_0 (~108 tris)
  enterability: 4 usable entry(s) (3 door/garage, 4 standing) on walls ['N', 'S']
  ENTRY-NOTE: entry swing/vault clearance on both faces is a walk-test fact ù offline can't confirm the space is physically clear.
  navigability (offline proxy) for gas_station_a02:
    narrow openings: 0   isolated rooms: 0   (authoritative check = bake a navmesh in Godot)
  pvp_heist profile for gas_station_a02:
    attackers: 2   defenders: 1   objective rooms: manager_office
    disjoint routes: 2   extraction via: extraction-facing exit (entry rooms)   protected rotation: yes
    flank: entries on faces ['N', 'S']   breaches: 2   stairs: 0   ladders: 0
  floorplan: 1 story SVG(s) -> build/floorplans/ (gas_station_a02.floor0.svg)
    [ground]  (148 samples)
      death lane (longest clear sightline): 27.1 m  [long]
      longest exposed approach (no cover within 2.5 m): 21.0 m
      objective room 'sales_floor': 5 entries
      objective room 'manager_office': 2 entries
      intent mismatch: room 'food_service' authored 'close' but plays 'medium' (11.7 m sightline)
      intent mismatch: room 'stockroom' authored 'long' but plays 'medium' (12.0 m sightline)
      intent mismatch: room 'walk_in_cooler' authored 'close' but plays 'medium' (9.0 m sightline)
  sightlines: 1 overlay SVG(s) -> build/floorplans/
  -> OK

== gas_station_a03.json ==
  loader OK: 'gas_station_a03', 1 stories, 12 features, 0 assets
  scorecard for gas_station_a03 [assault]:
    floors: 1   rooms: 4   markers: 7
    attacker entries: 5   objective rooms: 1   breach points: 3
    vertical links: 0   unreachable rooms: 0
    routes to objective (min): 1   chokepoints: none
    errors: 0   warnings: 0
  poly estimate for gas_station_a03:
    ~468 tris across 13 mesh pieces (Environment budget: 50-500 target, 1000 cap per piece)
    biggest piece: ext_S_0 (~84 tris)
  enterability: 8 usable entry(s) (3 door/garage, 5 standing) on walls ['E', 'N', 'S', 'W']
  ENTRY-WARN: crouch-only entry on the S wall: 1.4 m tall.
  ENTRY-WARN: crouch-only entry on the S wall: 1.4 m tall.
  ENTRY-WARN: crouch-only entry on the W wall: 1.4 m tall.
  ENTRY-NOTE: entry swing/vault clearance on both faces is a walk-test fact ù offline can't confirm the space is physically clear.
  navigability (offline proxy) for gas_station_a03:
    narrow openings: 1   isolated rooms: 0   (authoritative check = bake a navmesh in Godot)
  NAV-WARN: NAV: 1 opening(s) narrower than ~1.2m may block a 0.4m-radius nav agent: 1.20m breach (partition #1@0). (Widen, or confirm your agent radius is smaller; verify with a real navmesh.)
  pvp_heist profile for gas_station_a03:
    attackers: 2   defenders: 1   objective rooms: walkin_cooler
    disjoint routes: 2   extraction via: extraction-facing exit (entry rooms)   protected rotation: yes
    flank: entries on faces ['E', 'N', 'S', 'W']   breaches: 3   stairs: 0   ladders: 0
  floorplan: 1 story SVG(s) -> build/floorplans/ (gas_station_a03.floor0.svg)
    [ground]  (159 samples)
      death lane (longest clear sightline): 21.8 m  [long]
      longest exposed approach (no cover within 2.5 m): 17.0 m
      objective room 'walkin_cooler': 5 entries
      intent mismatch: room 'back_hall' authored 'medium' but plays 'close' (5.4 m sightline)
  sightlines: 1 overlay SVG(s) -> build/floorplans/
  -> OK

== gas_street.json ==
  loader OK: 'gas_street', 1 stories, 32 features, 0 assets
  scorecard for gas_street [heist]:
    objectives: 2 (2 required)   entries: 7   markers: 17
    loot: 3 spawns, 4 bags, value 13500
    extraction zones: 1   secure/drop zones: 0   unreachable objectives: 0
    routes to objective (min): 1   chokepoints: none
    phases: ù
    errors: 0   warnings: 0
  poly estimate for gas_street:
    ~720 tris across 34 mesh pieces (Environment budget: 50-500 target, 1000 cap per piece)
    biggest piece: ext_S_0 (~108 tris)
  enterability: 10 usable entry(s) (6 door/garage, 9 standing) on walls ['E', 'N', 'S', 'W']
  ENTRY-WARN: crouch-only entry on the W wall: 1.4 m tall.
  ENTRY-NOTE: entry swing/vault clearance on both faces is a walk-test fact ù offline can't confirm the space is physically clear.
  navigability (offline proxy) for gas_street:
    narrow openings: 5   isolated rooms: 0   (authoritative check = bake a navmesh in Godot)
  NAV-WARN: NAV: 5 opening(s) narrower than ~1.2m may block a 0.4m-radius nav agent: 1.20m door (ext N@0), 1.10m door (ext W@0), 1.10m door (ext E@0), 1.10m door (partition #0@0), 1.20m door (partition #1@0). (Widen, or confirm your agent radius is smaller; verify with a real navmesh.)
  floorplan: 1 story SVG(s) -> build/floorplans/ (gas_street.floor0.svg)
    [ground]  (235 samples)
      death lane (longest clear sightline): 35.3 m  [long]
      longest exposed approach (no cover within 2.5 m): 22.5 m
      objective room 'back_office': 4 entries
      intent mismatch: room 'forecourt' authored 'medium' but plays 'long' (29.5 m sightline)
      intent mismatch: room 'stockroom' authored 'close' but plays 'medium' (12.0 m sightline)
      intent mismatch: room 'back_office' authored 'close' but plays 'medium' (10.8 m sightline)
  sightlines: 1 overlay SVG(s) -> build/floorplans/
  -> OK

== gs_auto_shop.json ==
  loader OK: 'gs_auto_shop', 2 stories, 17 features, 0 assets
  TACTICAL-WARN: no objective marked required; extraction would be valid immediately
  scorecard for gs_auto_shop [heist]:
    objectives: 1 (0 required)   entries: 6   markers: 9
    loot: 1 spawns, 3 bags, value 6000
    extraction zones: 1   secure/drop zones: 0   unreachable objectives: 0
    routes to objective (min): 1   chokepoints: none
    phases: ù
    errors: 0   warnings: 1
  poly estimate for gs_auto_shop:
    ~996 tris across 53 mesh pieces (Environment budget: 50-500 target, 1000 cap per piece)
    biggest piece: ext_S_0 (~60 tris)
  enterability: 6 usable entry(s) (4 door/garage, 5 standing) on walls ['E', 'N', 'S', 'W']
  ENTRY-WARN: crouch-only entry on the W wall: 1.4 m tall.
  ENTRY-NOTE: entry swing/vault clearance on both faces is a walk-test fact ù offline can't confirm the space is physically clear.
  navigability (offline proxy) for gs_auto_shop:
    narrow openings: 6   isolated rooms: 0   (authoritative check = bake a navmesh in Godot)
  NAV-WARN: NAV: 6 opening(s) narrower than ~1.2m may block a 0.4m-radius nav agent: 1.10m door (ext S@0), 1.10m door (ext N@0), 1.10m door (ext E@0), 1.20m breach (ext N@1), 1.10m door (partition #0@0), 1.10m door (partition #0@0). (Widen, or confirm your agent radius is smaller; verify with a real navmesh.)
  stairwell systems for gs_auto_shop:
    systems: 1   egress-role: 0   classified: 1   routes: room-graph   (authoritative check = walk it; this is room-graph intel)
  STAIR-WARN: STAIRWELL STAIR_ACCESS_THROUGH_PROHIBITED_ROOM: 'gs_auto_shop_stair_0' on story 1 is approached through 'upper_office' (role 'objective_room') -- prohibited for a required stair (Rule 3).
  STAIR-WARN: STAIRWELL STAIR_LATERAL_OPEN: 'gs_auto_shop_stair_0' S side of the flight is open (largest gap 5.00 m > 0.5 m envelope) -- a stair floating open in the floor plate: a body walks/is pushed off the side, and the shaft reads as a hole in the AI navmesh. Fix by relocating it against a wall/corridor (stair_place edge zones) or enclosing the side with a wall or guard along the full flight and landing. A guarded feature stair is fine; a bare mid-floor one is not.
  STAIR-WARN: STAIRWELL STAIR_LATERAL_OPEN: 'gs_auto_shop_stair_0' N side of the flight is open (largest gap 5.00 m > 0.5 m envelope) -- a stair floating open in the floor plate: a body walks/is pushed off the side, and the shaft reads as a hole in the AI navmesh. Fix by relocating it against a wall/corridor (stair_place edge zones) or enclosing the side with a wall or guard along the full flight and landing. A guarded feature stair is fine; a bare mid-floor one is not.
  ladder systems for gs_auto_shop:
    ladders: 1   secondary-escape: 0   routes: room-graph   (a ladder is never ordinary egress; this is room-graph intel)
  floorplan: 2 story SVG(s) -> build/floorplans/ (gs_auto_shop.floor0.svg, gs_auto_shop.floor1.svg)
    [ground]  (204 samples)
      death lane (longest clear sightline): 28.0 m  [long]
      intent mismatch: room 'service_bay' authored 'medium' but plays 'long' (26.8 m sightline)
      intent mismatch: room 'parts_back' authored 'close' but plays 'long' (21.2 m sightline)
    [floor 1]  (204 samples)
      death lane (longest clear sightline): 28.6 m  [long]
      objective room 'upper_office': 2 entries
      intent mismatch: room 'upper_office' authored 'close' but plays 'long' (24.7 m sightline)
      intent mismatch: room 'upper_storage' authored 'close' but plays 'long' (25.6 m sightline)
  sightlines: 2 overlay SVG(s) -> build/floorplans/
  -> OK

== gs_corner_station.json ==
  loader OK: 'gs_corner_station', 1 stories, 34 features, 0 assets
  scorecard for gs_corner_station [heist]:
    objectives: 2 (2 required)   entries: 7   markers: 17
    loot: 3 spawns, 4 bags, value 13500
    extraction zones: 1   secure/drop zones: 0   unreachable objectives: 0
    routes to objective (min): 1   chokepoints: none
    phases: ù
    errors: 0   warnings: 0
  poly estimate for gs_corner_station:
    ~768 tris across 36 mesh pieces (Environment budget: 50-500 target, 1000 cap per piece)
    biggest piece: ext_S_0 (~108 tris)
  enterability: 10 usable entry(s) (6 door/garage, 9 standing) on walls ['E', 'N', 'S', 'W']
  ENTRY-WARN: crouch-only entry on the W wall: 1.4 m tall.
  ENTRY-NOTE: entry swing/vault clearance on both faces is a walk-test fact ù offline can't confirm the space is physically clear.
  navigability (offline proxy) for gs_corner_station:
    narrow openings: 6   isolated rooms: 0   (authoritative check = bake a navmesh in Godot)
  NAV-WARN: NAV: 6 opening(s) narrower than ~1.2m may block a 0.4m-radius nav agent: 1.20m door (ext N@0), 1.10m door (ext W@0), 1.10m door (ext E@0), 1.10m door (partition #0@0), 1.20m door (partition #1@0), 1.10m door (partition #3@0). (Widen, or confirm your agent radius is smaller; verify with a real navmesh.)
  floorplan: 1 story SVG(s) -> build/floorplans/ (gs_corner_station.floor0.svg)
    [ground]  (237 samples)
      death lane (longest clear sightline): 35.3 m  [long]
      longest exposed approach (no cover within 2.5 m): 22.5 m
      objective room 'back_office': 4 entries
      intent mismatch: room 'forecourt' authored 'medium' but plays 'long' (29.5 m sightline)
      intent mismatch: room 'stockroom' authored 'close' but plays 'medium' (12.0 m sightline)
      intent mismatch: room 'back_office' authored 'close' but plays 'medium' (10.8 m sightline)
  sightlines: 1 overlay SVG(s) -> build/floorplans/
  -> OK

== gs_facade_rowhome.json ==
  loader OK: 'gs_facade_rowhome', 2 stories, 1 features, 0 assets
  FACADE shell: exterior-only, gameplay analyzers skipped. OK

== gs_facade_storefront.json ==
  loader OK: 'gs_facade_storefront', 2 stories, 1 features, 0 assets
  FACADE shell: exterior-only, gameplay analyzers skipped. OK

== harbor_score.json ==
  loader OK: 'harbor_score', 1 stories, 9 features, 0 assets
  TACTICAL-WARN: stair #0 pitch 51deg is at/over the 45deg walkable limit -- the ramp collider won't be climbable. Lengthen run (>= 7.0m for ~35deg) or add a controller step-up.
  scorecard for harbor_score [heist]:
    objectives: 3 (2 required)   entries: 3   markers: 5
    loot: 3 spawns, 8 bags, value 900000
    extraction zones: 1   secure/drop zones: 1   unreachable objectives: 0
    routes to objective (min): 1   chokepoints: none
    phases: alarm, loud, stealth
    errors: 0   warnings: 0
  poly estimate for harbor_score:
    ~768 tris across 50 mesh pieces (Environment budget: 50-500 target, 1000 cap per piece)
    biggest piece: ext_S_0 (~60 tris)
  enterability: 4 usable entry(s) (3 door/garage, 3 standing) on walls ['E', 'N', 'S']
  ENTRY-WARN: crouch-only entry on the E wall: 1.4 m tall.
  ENTRY-NOTE: entry swing/vault clearance on both faces is a walk-test fact ù offline can't confirm the space is physically clear.
  navigability (offline proxy) for harbor_score:
    narrow openings: 5   isolated rooms: 0   (authoritative check = bake a navmesh in Godot)
  NAV-WARN: NAV: 5 opening(s) narrower than ~1.2m may block a 0.4m-radius nav agent: 1.10m door (ext S@0), 1.10m door (ext N@0), 1.20m door (partition #0@0), 1.20m door (partition #0@0), 1.20m door (partition #1@-1). (Widen, or confirm your agent radius is smaller; verify with a real navmesh.)
  stairwell systems for harbor_score:
    systems: 1   egress-role: 0   classified: 1   routes: room-graph   (authoritative check = walk it; this is room-graph intel)
  STAIR-WARN: STAIRWELL STAIR_NOT_ENCLOSED: 'harbor_score_stair_0' sits inside 'basement_storage_north' (role 'vault') on story -1, not a stairwell -- it reads as a stair sprouting in the middle of an open room. Enclose it in a dedicated stairwell/corridor room (role in ['connector', 'corridor', 'hall', 'hallway', 'service', 'stairwell']) with a doored approach.
  STAIR-WARN: STAIRWELL STAIR_LATERAL_OPEN: 'harbor_score_stair_0' W side of the flight is open (largest gap 4.00 m > 0.5 m envelope) -- a stair floating open in the floor plate: a body walks/is pushed off the side, and the shaft reads as a hole in the AI navmesh. Fix by relocating it against a wall/corridor (stair_place edge zones) or enclosing the side with a wall or guard along the full flight and landing. A guarded feature stair is fine; a bare mid-floor one is not.
  STAIR-WARN: STAIRWELL STAIR_LATERAL_OPEN: 'harbor_score_stair_0' E side of the flight is open (largest gap 4.00 m > 0.5 m envelope) -- a stair floating open in the floor plate: a body walks/is pushed off the side, and the shaft reads as a hole in the AI navmesh. Fix by relocating it against a wall/corridor (stair_place edge zones) or enclosing the side with a wall or guard along the full flight and landing. A guarded feature stair is fine; a bare mid-floor one is not.
  STAIR-WARN: STAIRWELL STAIR_OPENING_UNGUARDED: 'harbor_score_stair_0' N edge of the reserved opening is unguarded (largest gap 3.20 m > 0.5 m envelope) -- a body on the upper floor can walk into the stairwell; guard every floor-opening edge except the stair mouth (Rule 4).
  floorplan: 2 story SVG(s) -> build/floorplans/ (harbor_score.floorB.svg, harbor_score.floor0.svg)
    [basement]  (189 samples)
      death lane (longest clear sightline): 38.1 m  [long]
      intent mismatch: room 'basement_storage_south' authored 'medium' but plays 'long' (32.3 m sightline)
      intent mismatch: room 'basement_storage_north' authored 'medium' but plays 'long' (31.3 m sightline)
    [ground]  (175 samples)
      death lane (longest clear sightline): 34.2 m  [long]
      intent mismatch: room 'office_wing' authored 'close' but plays 'long' (25.6 m sightline)
  sightlines: 2 overlay SVG(s) -> build/floorplans/
  -> OK

== kitbash_demo.json ==
  loader OK: 'kitbash_demo', 1 stories, 8 features, 1 assets
  TACTICAL-WARN: non-tactical spec (no rooms defined); tactical rules skipped
  poly estimate for kitbash_demo:
    ~144 tris across 4 mesh pieces (Environment budget: 50-500 target, 1000 cap per piece)
    biggest piece: ext_S_0 (~60 tris)
  enterability: 4 usable entry(s) (3 door/garage, 4 standing) on walls ['E', 'N', 'S']
  ENTRY-NOTE: entry swing/vault clearance on both faces is a walk-test fact ù offline can't confirm the space is physically clear.
  navigability (offline proxy) for kitbash_demo:
    narrow openings: 2   isolated rooms: 0   (authoritative check = bake a navmesh in Godot)
  NAV-WARN: NAV: 2 opening(s) narrower than ~1.2m may block a 0.4m-radius nav agent: 1.20m door (ext S@0), 1.20m door (ext E@0). (Widen, or confirm your agent radius is smaller; verify with a real navmesh.)
  floorplan: 1 story SVG(s) -> build/floorplans/ (kitbash_demo.floor0.svg)
    [ground]  (0 samples)
      death lane (longest clear sightline): 0.0 m  [close]
  sightlines: 1 overlay SVG(s) -> build/floorplans/
  -> OK

== landmark_hall_a01.json ==
  loader OK: 'landmark_hall_a01', 1 stories, 9 features, 0 assets
  scorecard for landmark_hall_a01 [assault]:
    floors: 1   rooms: 3   markers: 7
    attacker entries: 6   objective rooms: 1   breach points: 2
    vertical links: 1   unreachable rooms: 0
    routes to objective (min): 1   chokepoints: none
    errors: 0   warnings: 0
  poly estimate for landmark_hall_a01:
    ~684 tris across 31 mesh pieces (Environment budget: 50-500 target, 1000 cap per piece)
    biggest piece: ext_S_0 (~84 tris)
  enterability: 6 usable entry(s) (5 door/garage, 6 standing) on walls ['E', 'N', 'S', 'W']
  ENTRY-NOTE: entry swing/vault clearance on both faces is a walk-test fact ù offline can't confirm the space is physically clear.
  navigability (offline proxy) for landmark_hall_a01:
    narrow openings: 0   isolated rooms: 0   (authoritative check = bake a navmesh in Godot)
  ladder systems for landmark_hall_a01:
    ladders: 1   secondary-escape: 0   routes: room-graph   (a ladder is never ordinary egress; this is room-graph intel)
  pvp_heist profile for landmark_hall_a01:
    attackers: 2   defenders: 1   objective rooms: artifact_room
    disjoint routes: 2   extraction via: extraction-facing exit (entry rooms)   protected rotation: yes
    flank: entries on faces ['E', 'N', 'S', 'W']   breaches: 2   stairs: 0   ladders: 1
  floorplan: 1 story SVG(s) -> build/floorplans/ (landmark_hall_a01.floor0.svg)
    [ground]  (184 samples)
      death lane (longest clear sightline): 37.4 m  [long]
      longest exposed approach (no cover within 2.5 m): 24.0 m
      objective room 'artifact_room': 4 entries
      intent mismatch: room 'assembly_hall' authored 'medium' but plays 'long' (36.2 m sightline)
      intent mismatch: room 'curator_band' authored 'medium' but plays 'long' (25.9 m sightline)
  sightlines: 1 overlay SVG(s) -> build/floorplans/
  -> OK

== landmark_hall_a02.json ==
  loader OK: 'landmark_hall_a02', 2 stories, 13 features, 0 assets
  TACTICAL-WARN: stair #0 pitch 50deg is at/over the 45deg walkable limit -- the ramp collider won't be climbable. Lengthen run (>= 6.4m for ~35deg) or add a controller step-up.
  scorecard for landmark_hall_a02 [assault]:
    floors: 2   rooms: 5   markers: 7
    attacker entries: 6   objective rooms: 1   breach points: 2
    vertical links: 2   unreachable rooms: 0
    routes to objective (min): 1   chokepoints: none
    errors: 0   warnings: 0
  poly estimate for landmark_hall_a02:
    ~1092 tris across 57 mesh pieces (Environment budget: 50-500 target, 1000 cap per piece)
    biggest piece: ext_S_0 (~84 tris)
  enterability: 6 usable entry(s) (5 door/garage, 6 standing) on walls ['E', 'N', 'S', 'W']
  ENTRY-NOTE: entry swing/vault clearance on both faces is a walk-test fact ù offline can't confirm the space is physically clear.
  navigability (offline proxy) for landmark_hall_a02:
    narrow openings: 0   isolated rooms: 0   (authoritative check = bake a navmesh in Godot)
  stairwell systems for landmark_hall_a02:
    systems: 1   egress-role: 0   classified: 1   routes: room-graph   (authoritative check = walk it; this is room-graph intel)
  STAIR-WARN: STAIRWELL STAIR_NOT_ENCLOSED: 'lh02_stair_0' sits inside 'assembly_hall' (role 'public_entry') on story 0, not a stairwell -- it reads as a stair sprouting in the middle of an open room. Enclose it in a dedicated stairwell/corridor room (role in ['connector', 'corridor', 'hall', 'hallway', 'service', 'stairwell']) with a doored approach.
  STAIR-WARN: STAIRWELL STAIR_LATERAL_OPEN: 'lh02_stair_0' W side of the flight is open (largest gap 3.90 m > 0.5 m envelope) -- a stair floating open in the floor plate: a body walks/is pushed off the side, and the shaft reads as a hole in the AI navmesh. Fix by relocating it against a wall/corridor (stair_place edge zones) or enclosing the side with a wall or guard along the full flight and landing. A guarded feature stair is fine; a bare mid-floor one is not.
  STAIR-WARN: STAIRWELL STAIR_LATERAL_OPEN: 'lh02_stair_0' E side of the flight is open (largest gap 3.90 m > 0.5 m envelope) -- a stair floating open in the floor plate: a body walks/is pushed off the side, and the shaft reads as a hole in the AI navmesh. Fix by relocating it against a wall/corridor (stair_place edge zones) or enclosing the side with a wall or guard along the full flight and landing. A guarded feature stair is fine; a bare mid-floor one is not.
  ladder systems for landmark_hall_a02:
    ladders: 1   secondary-escape: 0   routes: room-graph   (a ladder is never ordinary egress; this is room-graph intel)
  pvp_heist profile for landmark_hall_a02:
    attackers: 2   defenders: 1   objective rooms: archive_office
    disjoint routes: 4   extraction via: extraction-facing exit (entry rooms)   protected rotation: yes
    flank: entries on faces ['E', 'N', 'S', 'W']   breaches: 2   stairs: 1   ladders: 1
  floorplan: 2 story SVG(s) -> build/floorplans/ (landmark_hall_a02.floor0.svg, landmark_hall_a02.floor1.svg)
    [ground]  (207 samples)
      death lane (longest clear sightline): 36.3 m  [long]
      intent mismatch: room 'assembly_hall' authored 'medium' but plays 'long' (36.2 m sightline)
      intent mismatch: room 'curator_band' authored 'medium' but plays 'long' (33.5 m sightline)
    [floor 1]  (203 samples)
      death lane (longest clear sightline): 35.1 m  [long]
      objective room 'archive_office': 3 entries
      intent mismatch: room 'upper_ring' authored 'medium' but plays 'long' (35.1 m sightline)
      intent mismatch: room 'upper_west' authored 'close' but plays 'long' (22.8 m sightline)
      intent mismatch: room 'archive_office' authored 'close' but plays 'medium' (15.0 m sightline)
  sightlines: 2 overlay SVG(s) -> build/floorplans/
  -> OK

== landmark_hall_a03.json ==
  loader OK: 'landmark_hall_a03', 1 stories, 11 features, 0 assets
  TACTICAL-WARN: stair #0 pitch 50deg is at/over the 45deg walkable limit -- the ramp collider won't be climbable. Lengthen run (>= 7.0m for ~35deg) or add a controller step-up.
  TACTICAL-WARN: stair #1 pitch 50deg is at/over the 45deg walkable limit -- the ramp collider won't be climbable. Lengthen run (>= 7.0m for ~35deg) or add a controller step-up.
  scorecard for landmark_hall_a03 [assault]:
    floors: 2   rooms: 4   markers: 7
    attacker entries: 6   objective rooms: 1   breach points: 2
    vertical links: 2   unreachable rooms: 0
    routes to objective (min): 1   chokepoints: none
    errors: 0   warnings: 0
  poly estimate for landmark_hall_a03:
    ~1044 tris across 61 mesh pieces (Environment budget: 50-500 target, 1000 cap per piece)
    biggest piece: ext_S_0 (~84 tris)
  enterability: 6 usable entry(s) (5 door/garage, 6 standing) on walls ['E', 'N', 'S', 'W']
  ENTRY-NOTE: entry swing/vault clearance on both faces is a walk-test fact ù offline can't confirm the space is physically clear.
  navigability (offline proxy) for landmark_hall_a03:
    narrow openings: 0   isolated rooms: 0   (authoritative check = bake a navmesh in Godot)
  stairwell systems for landmark_hall_a03:
    systems: 2   egress-role: 0   classified: 2   routes: room-graph   (authoritative check = walk it; this is room-graph intel)
  STAIR-WARN: STAIRWELL STAIR_LATERAL_OPEN: 'lh03_stair_n' S side of the flight is open (largest gap 4.20 m > 0.5 m envelope) -- a stair floating open in the floor plate: a body walks/is pushed off the side, and the shaft reads as a hole in the AI navmesh. Fix by relocating it against a wall/corridor (stair_place edge zones) or enclosing the side with a wall or guard along the full flight and landing. A guarded feature stair is fine; a bare mid-floor one is not.
  STAIR-WARN: STAIRWELL STAIR_LATERAL_OPEN: 'lh03_stair_n' N side of the flight is open (largest gap 4.20 m > 0.5 m envelope) -- a stair floating open in the floor plate: a body walks/is pushed off the side, and the shaft reads as a hole in the AI navmesh. Fix by relocating it against a wall/corridor (stair_place edge zones) or enclosing the side with a wall or guard along the full flight and landing. A guarded feature stair is fine; a bare mid-floor one is not.
  STAIR-WARN: STAIRWELL STAIR_NOT_ENCLOSED: 'lh03_stair_s' sits inside 'exhibit_hall' (role 'public_entry') on story 0, not a stairwell -- it reads as a stair sprouting in the middle of an open room. Enclose it in a dedicated stairwell/corridor room (role in ['connector', 'corridor', 'hall', 'hallway', 'service', 'stairwell']) with a doored approach.
  STAIR-WARN: STAIRWELL STAIR_LATERAL_OPEN: 'lh03_stair_s' S side of the flight is open (largest gap 4.20 m > 0.5 m envelope) -- a stair floating open in the floor plate: a body walks/is pushed off the side, and the shaft reads as a hole in the AI navmesh. Fix by relocating it against a wall/corridor (stair_place edge zones) or enclosing the side with a wall or guard along the full flight and landing. A guarded feature stair is fine; a bare mid-floor one is not.
  STAIR-WARN: STAIRWELL STAIR_LATERAL_OPEN: 'lh03_stair_s' N side of the flight is open (largest gap 4.20 m > 0.5 m envelope) -- a stair floating open in the floor plate: a body walks/is pushed off the side, and the shaft reads as a hole in the AI navmesh. Fix by relocating it against a wall/corridor (stair_place edge zones) or enclosing the side with a wall or guard along the full flight and landing. A guarded feature stair is fine; a bare mid-floor one is not.
  pvp_heist profile for landmark_hall_a03:
    attackers: 2   defenders: 1   objective rooms: conservation_vault
    disjoint routes: 3   extraction via: extraction-facing exit (entry rooms)   protected rotation: yes
    flank: entries on faces ['E', 'N', 'S', 'W']   breaches: 2   stairs: 2   ladders: 0
  floorplan: 2 story SVG(s) -> build/floorplans/ (landmark_hall_a03.floorB.svg, landmark_hall_a03.floor0.svg)
    [basement]  (192 samples)
      death lane (longest clear sightline): 35.1 m  [long]
      objective room 'conservation_vault': 2 entries
      intent mismatch: room 'under_hall' authored 'medium' but plays 'long' (26.7 m sightline)
      intent mismatch: room 'conservation_vault' authored 'close' but plays 'long' (26.7 m sightline)
    [ground]  (192 samples)
      death lane (longest clear sightline): 38.8 m  [long]
      intent mismatch: room 'exhibit_hall' authored 'medium' but plays 'long' (37.0 m sightline)
      intent mismatch: room 'curator_band' authored 'medium' but plays 'long' (34.8 m sightline)
  sightlines: 2 overlay SVG(s) -> build/floorplans/
  -> OK

== large_warehouse_a01.json ==
  loader OK: 'large_warehouse_a01', 1 stories, 12 features, 0 assets
  scorecard for large_warehouse_a01 [assault]:
    floors: 1   rooms: 3   markers: 7
    attacker entries: 6   objective rooms: 1   breach points: 2
    vertical links: 1   unreachable rooms: 0
    routes to objective (min): 1   chokepoints: none
    errors: 0   warnings: 0
  poly estimate for large_warehouse_a01:
    ~768 tris across 38 mesh pieces (Environment budget: 50-500 target, 1000 cap per piece)
    biggest piece: ext_S_0 (~84 tris)
  enterability: 6 usable entry(s) (5 door/garage, 6 standing) on walls ['E', 'S', 'W']
  ENTRY-NOTE: entry swing/vault clearance on both faces is a walk-test fact ù offline can't confirm the space is physically clear.
  navigability (offline proxy) for large_warehouse_a01:
    narrow openings: 0   isolated rooms: 0   (authoritative check = bake a navmesh in Godot)
  ladder systems for large_warehouse_a01:
    ladders: 1   secondary-escape: 0   routes: room-graph   (a ladder is never ordinary egress; this is room-graph intel)
  pvp_heist profile for large_warehouse_a01:
    attackers: 2   defenders: 1   objective rooms: high_value_cage
    disjoint routes: 2   extraction via: extraction-facing exit (entry rooms)   protected rotation: yes
    flank: entries on faces ['E', 'S', 'W']   breaches: 2   stairs: 0   ladders: 1
  floorplan: 1 story SVG(s) -> build/floorplans/ (large_warehouse_a01.floor0.svg)
    [ground]  (217 samples)
      death lane (longest clear sightline): 51.0 m  [long]
      longest exposed approach (no cover within 2.5 m): 20.5 m
      objective room 'high_value_cage': 3 entries
      weak cover 'None': in LOS of 1/2 attacker spawns
      intent mismatch: room 'north_hall' authored 'medium' but plays 'long' (36.3 m sightline)
      intent mismatch: room 'high_value_cage' authored 'close' but plays 'medium' (12.8 m sightline)
  sightlines: 1 overlay SVG(s) -> build/floorplans/
  -> OK

== large_warehouse_a02.json ==
  loader OK: 'large_warehouse_a02', 2 stories, 9 features, 0 assets
  TACTICAL-WARN: stair #0 pitch 48deg is at/over the 45deg walkable limit -- the ramp collider won't be climbable. Lengthen run (>= 6.3m for ~35deg) or add a controller step-up.
  scorecard for large_warehouse_a02 [assault]:
    floors: 2   rooms: 5   markers: 7
    attacker entries: 5   objective rooms: 1   breach points: 2
    vertical links: 2   unreachable rooms: 0
    routes to objective (min): 1   chokepoints: none
    errors: 0   warnings: 0
  poly estimate for large_warehouse_a02:
    ~936 tris across 52 mesh pieces (Environment budget: 50-500 target, 1000 cap per piece)
    biggest piece: ext_N_0 (~60 tris)
  enterability: 5 usable entry(s) (4 door/garage, 5 standing) on walls ['N', 'S', 'W']
  ENTRY-NOTE: entry swing/vault clearance on both faces is a walk-test fact ù offline can't confirm the space is physically clear.
  navigability (offline proxy) for large_warehouse_a02:
    narrow openings: 0   isolated rooms: 0   (authoritative check = bake a navmesh in Godot)
  stairwell systems for large_warehouse_a02:
    systems: 1   egress-role: 0   classified: 1   routes: room-graph   (authoritative check = walk it; this is room-graph intel)
  STAIR-WARN: STAIRWELL STAIR_NOT_ENCLOSED: 'lw02_stair_0' sits inside 'dock_hall' (role 'open_floor') on story 0, not a stairwell -- it reads as a stair sprouting in the middle of an open room. Enclose it in a dedicated stairwell/corridor room (role in ['connector', 'corridor', 'hall', 'hallway', 'service', 'stairwell']) with a doored approach.
  STAIR-WARN: STAIRWELL STAIR_LATERAL_OPEN: 'lw02_stair_0' W side of the flight is open (largest gap 4.00 m > 0.5 m envelope) -- a stair floating open in the floor plate: a body walks/is pushed off the side, and the shaft reads as a hole in the AI navmesh. Fix by relocating it against a wall/corridor (stair_place edge zones) or enclosing the side with a wall or guard along the full flight and landing. A guarded feature stair is fine; a bare mid-floor one is not.
  STAIR-WARN: STAIRWELL STAIR_LATERAL_OPEN: 'lw02_stair_0' E side of the flight is open (largest gap 4.00 m > 0.5 m envelope) -- a stair floating open in the floor plate: a body walks/is pushed off the side, and the shaft reads as a hole in the AI navmesh. Fix by relocating it against a wall/corridor (stair_place edge zones) or enclosing the side with a wall or guard along the full flight and landing. A guarded feature stair is fine; a bare mid-floor one is not.
  ladder systems for large_warehouse_a02:
    ladders: 1   secondary-escape: 0   routes: room-graph   (a ladder is never ordinary egress; this is room-graph intel)
  pvp_heist profile for large_warehouse_a02:
    attackers: 2   defenders: 1   objective rooms: control_room
    disjoint routes: 3   extraction via: extraction-facing exit (entry rooms)   protected rotation: yes
    flank: entries on faces ['N', 'S', 'W']   breaches: 2   stairs: 1   ladders: 1
  floorplan: 2 story SVG(s) -> build/floorplans/ (large_warehouse_a02.floor0.svg, large_warehouse_a02.floor1.svg)
    [ground]  (209 samples)
      death lane (longest clear sightline): 50.4 m  [long]
    [floor 1]  (198 samples)
      death lane (longest clear sightline): 49.3 m  [long]
      objective room 'control_room': 3 entries
      intent mismatch: room 'mezz_south' authored 'medium' but plays 'long' (48.8 m sightline)
      intent mismatch: room 'mezz_walk' authored 'medium' but plays 'long' (34.2 m sightline)
      intent mismatch: room 'control_room' authored 'close' but plays 'medium' (16.2 m sightline)
  sightlines: 2 overlay SVG(s) -> build/floorplans/
  -> OK

== large_warehouse_a03.json ==
  loader OK: 'large_warehouse_a03', 2 stories, 17 features, 0 assets
  TACTICAL-WARN: stair #0 pitch 51deg is at/over the 45deg walkable limit -- the ramp collider won't be climbable. Lengthen run (>= 7.0m for ~35deg) or add a controller step-up.
  TACTICAL-WARN: stair #1 pitch 51deg is at/over the 45deg walkable limit -- the ramp collider won't be climbable. Lengthen run (>= 7.0m for ~35deg) or add a controller step-up.
  TACTICAL-WARN: stair #2 pitch 51deg is at/over the 45deg walkable limit -- the ramp collider won't be climbable. Lengthen run (>= 7.0m for ~35deg) or add a controller step-up.
  scorecard for large_warehouse_a03 [assault]:
    floors: 3   rooms: 6   markers: 9
    attacker entries: 6   objective rooms: 1   breach points: 2
    vertical links: 4   unreachable rooms: 0
    routes to objective (min): 1   chokepoints: none
    errors: 0   warnings: 0
  poly estimate for large_warehouse_a03:
    ~1740 tris across 113 mesh pieces (Environment budget: 50-500 target, 1000 cap per piece)
    biggest piece: ext_S_0 (~84 tris)
  enterability: 6 usable entry(s) (5 door/garage, 6 standing) on walls ['E', 'N', 'S', 'W']
  ENTRY-NOTE: entry swing/vault clearance on both faces is a walk-test fact ù offline can't confirm the space is physically clear.
  navigability (offline proxy) for large_warehouse_a03:
    narrow openings: 0   isolated rooms: 0   (authoritative check = bake a navmesh in Godot)
  stairwell systems for large_warehouse_a03:
    systems: 3   egress-role: 0   classified: 3   routes: room-graph   (authoritative check = walk it; this is room-graph intel)
  STAIR-WARN: STAIRWELL STAIR_NOT_ENCLOSED: 'lw03_stair_bw' sits inside 'main_floor' (role 'public_entry') on story 0, not a stairwell -- it reads as a stair sprouting in the middle of an open room. Enclose it in a dedicated stairwell/corridor room (role in ['connector', 'corridor', 'hall', 'hallway', 'service', 'stairwell']) with a doored approach.
  STAIR-WARN: STAIRWELL STAIR_LATERAL_OPEN: 'lw03_stair_bw' S side of the flight is open (largest gap 4.00 m > 0.5 m envelope) -- a stair floating open in the floor plate: a body walks/is pushed off the side, and the shaft reads as a hole in the AI navmesh. Fix by relocating it against a wall/corridor (stair_place edge zones) or enclosing the side with a wall or guard along the full flight and landing. A guarded feature stair is fine; a bare mid-floor one is not.
  STAIR-WARN: STAIRWELL STAIR_LATERAL_OPEN: 'lw03_stair_bw' N side of the flight is open (largest gap 4.00 m > 0.5 m envelope) -- a stair floating open in the floor plate: a body walks/is pushed off the side, and the shaft reads as a hole in the AI navmesh. Fix by relocating it against a wall/corridor (stair_place edge zones) or enclosing the side with a wall or guard along the full flight and landing. A guarded feature stair is fine; a bare mid-floor one is not.
  STAIR-WARN: STAIRWELL STAIR_NOT_ENCLOSED: 'lw03_stair_bn' sits inside 'north_stock' (role 'open_floor') on story 0, not a stairwell -- it reads as a stair sprouting in the middle of an open room. Enclose it in a dedicated stairwell/corridor room (role in ['connector', 'corridor', 'hall', 'hallway', 'service', 'stairwell']) with a doored approach.
  STAIR-WARN: STAIRWELL STAIR_LATERAL_OPEN: 'lw03_stair_bn' S side of the flight is open (largest gap 4.00 m > 0.5 m envelope) -- a stair floating open in the floor plate: a body walks/is pushed off the side, and the shaft reads as a hole in the AI navmesh. Fix by relocating it against a wall/corridor (stair_place edge zones) or enclosing the side with a wall or guard along the full flight and landing. A guarded feature stair is fine; a bare mid-floor one is not.
  STAIR-WARN: STAIRWELL STAIR_LATERAL_OPEN: 'lw03_stair_bn' N side of the flight is open (largest gap 4.00 m > 0.5 m envelope) -- a stair floating open in the floor plate: a body walks/is pushed off the side, and the shaft reads as a hole in the AI navmesh. Fix by relocating it against a wall/corridor (stair_place edge zones) or enclosing the side with a wall or guard along the full flight and landing. A guarded feature stair is fine; a bare mid-floor one is not.
  STAIR-WARN: STAIRWELL STAIR_NOT_ENCLOSED: 'lw03_stair_up' sits inside 'main_floor' (role 'public_entry') on story 0, not a stairwell -- it reads as a stair sprouting in the middle of an open room. Enclose it in a dedicated stairwell/corridor room (role in ['connector', 'corridor', 'hall', 'hallway', 'service', 'stairwell']) with a doored approach.
  STAIR-WARN: STAIRWELL STAIR_LATERAL_OPEN: 'lw03_stair_up' S side of the flight is open (largest gap 4.00 m > 0.5 m envelope) -- a stair floating open in the floor plate: a body walks/is pushed off the side, and the shaft reads as a hole in the AI navmesh. Fix by relocating it against a wall/corridor (stair_place edge zones) or enclosing the side with a wall or guard along the full flight and landing. A guarded feature stair is fine; a bare mid-floor one is not.
  STAIR-WARN: STAIRWELL STAIR_LATERAL_OPEN: 'lw03_stair_up' N side of the flight is open (largest gap 4.00 m > 0.5 m envelope) -- a stair floating open in the floor plate: a body walks/is pushed off the side, and the shaft reads as a hole in the AI navmesh. Fix by relocating it against a wall/corridor (stair_place edge zones) or enclosing the side with a wall or guard along the full flight and landing. A guarded feature stair is fine; a bare mid-floor one is not.
  ladder systems for large_warehouse_a03:
    ladders: 1   secondary-escape: 0   routes: room-graph   (a ladder is never ordinary egress; this is room-graph intel)
  LADDER-WARN: LADDER: 'lw03_ladder_0' hatch ladder originates in 'mezz_stock' (role 'fortifiable') -- prefer a service, mechanical, or back-of-house room (spec s8.1).
  pvp_heist profile for large_warehouse_a03:
    attackers: 3   defenders: 1   objective rooms: bonded_archive
    disjoint routes: 3   extraction via: extraction-facing exit (entry rooms)   protected rotation: yes
    flank: entries on faces ['E', 'N', 'S', 'W']   breaches: 2   stairs: 3   ladders: 1
  floorplan: 4 story SVG(s) -> build/floorplans/ (large_warehouse_a03.floorB.svg, large_warehouse_a03.floor0.svg, large_warehouse_a03.floor1.svg, large_warehouse_a03.floor2.svg)
    [basement]  (213 samples)
      death lane (longest clear sightline): 57.4 m  [long]
      objective room 'bonded_archive': 2 entries
      intent mismatch: room 'archive_hall' authored 'medium' but plays 'long' (42.6 m sightline)
      intent mismatch: room 'bonded_archive' authored 'close' but plays 'long' (39.1 m sightline)
    [ground]  (206 samples)
      death lane (longest clear sightline): 54.3 m  [long]
    [floor 1]  (213 samples)
      death lane (longest clear sightline): 56.9 m  [long]
      intent mismatch: room 'mezz_offices' authored 'medium' but plays 'long' (56.9 m sightline)
      intent mismatch: room 'mezz_stock' authored 'close' but plays 'long' (54.3 m sightline)
    [floor 2]  (0 samples)
      death lane (longest clear sightline): 0.0 m  [close]
  sightlines: 4 overlay SVG(s) -> build/floorplans/
  -> OK

== lf_art_probe_001_5017.json ==
  loader OK: 'lf_art_probe_001_5017', 2 stories, 25 features, 0 assets
  TACTICAL-WARN: stair #0 pitch 42deg is steep (walkable but uncomfortable); run >= 5.0m gives a gentler ~35deg.
  TACTICAL-WARN: stair #1 pitch 42deg is steep (walkable but uncomfortable); run >= 5.0m gives a gentler ~35deg.
  scorecard for lf_art_probe_001_5017 [heist]:
    objectives: 2 (1 required)   entries: 4   markers: 14
    loot: 2 spawns, 5 bags, value 580000
    extraction zones: 1   secure/drop zones: 1   unreachable objectives: 0
    routes to objective (min): 1   chokepoints: none
    phases: loud, stealth
    errors: 0   warnings: 0
  poly estimate for lf_art_probe_001_5017:
    ~1452 tris across 83 mesh pieces (Environment budget: 50-500 target, 1000 cap per piece)
    biggest piece: ext_S_0 (~84 tris)
  enterability: 6 usable entry(s) (3 door/garage, 4 standing) on walls ['E', 'N', 'S', 'W']
  ENTRY-WARN: crouch-only entry on the S wall: 1.4 m tall.
  ENTRY-WARN: crouch-only entry on the S wall: 1.4 m tall.
  ENTRY-NOTE: entry swing/vault clearance on both faces is a walk-test fact ù offline can't confirm the space is physically clear.
  navigability (offline proxy) for lf_art_probe_001_5017:
    narrow openings: 6   isolated rooms: 0   (authoritative check = bake a navmesh in Godot)
  NAV-WARN: NAV: 6 opening(s) narrower than ~1.2m may block a 0.4m-radius nav agent: 1.20m door (ext W@0), 1.20m door (ext E@0), 1.20m door (partition #0@0), 1.20m door (partition #0@0), 1.20m door (partition #1@0), 1.20m door (partition #2@-1). (Widen, or confirm your agent radius is smaller; verify with a real navmesh.)
  stairwell systems for lf_art_probe_001_5017:
    systems: 2   egress-role: 0   classified: 2   routes: room-graph   (authoritative check = walk it; this is room-graph intel)
  STAIR-WARN: STAIRWELL STAIR_ACCESS_THROUGH_PROHIBITED_ROOM: 'lf_art_probe_001_5017_stair_0' on story -1 is approached through 'vault_room' (role 'objective_room') -- prohibited for a required stair (Rule 3).
  STAIR-WARN: STAIRWELL STAIR_NOT_ENCLOSED: 'lf_art_probe_001_5017_stair_0' sits inside 'manager_office' (role 'fortifiable') on story 0, not a stairwell -- it reads as a stair sprouting in the middle of an open room. Enclose it in a dedicated stairwell/corridor room (role in ['connector', 'corridor', 'hall', 'hallway', 'service', 'stairwell']) with a doored approach.
  STAIR-WARN: STAIRWELL STAIR_LATERAL_OPEN: 'lf_art_probe_001_5017_stair_0' W side of the flight is open (largest gap 4.00 m > 0.5 m envelope) -- a stair floating open in the floor plate: a body walks/is pushed off the side, and the shaft reads as a hole in the AI navmesh. Fix by relocating it against a wall/corridor (stair_place edge zones) or enclosing the side with a wall or guard along the full flight and landing. A guarded feature stair is fine; a bare mid-floor one is not.
  STAIR-WARN: STAIRWELL STAIR_LATERAL_OPEN: 'lf_art_probe_001_5017_stair_0' E side of the flight is open (largest gap 4.00 m > 0.5 m envelope) -- a stair floating open in the floor plate: a body walks/is pushed off the side, and the shaft reads as a hole in the AI navmesh. Fix by relocating it against a wall/corridor (stair_place edge zones) or enclosing the side with a wall or guard along the full flight and landing. A guarded feature stair is fine; a bare mid-floor one is not.
  STAIR-WARN: STAIRWELL STAIR_OPENING_UNGUARDED: 'lf_art_probe_001_5017_stair_0' N edge of the reserved opening is unguarded (largest gap 3.20 m > 0.5 m envelope) -- a body on the upper floor can walk into the stairwell; guard every floor-opening edge except the stair mouth (Rule 4).
  STAIR-WARN: STAIRWELL STAIR_ACCESS_THROUGH_PROHIBITED_ROOM: 'lf_art_probe_001_5017_stair_1' on story -1 is approached through 'vault_room' (role 'objective_room') -- prohibited for a required stair (Rule 3).
  STAIR-WARN: STAIRWELL STAIR_NOT_ENCLOSED: 'lf_art_probe_001_5017_stair_1' sits inside 'lobby' (role 'public_entry') on story 0, not a stairwell -- it reads as a stair sprouting in the middle of an open room. Enclose it in a dedicated stairwell/corridor room (role in ['connector', 'corridor', 'hall', 'hallway', 'service', 'stairwell']) with a doored approach.
  STAIR-WARN: STAIRWELL STAIR_LATERAL_OPEN: 'lf_art_probe_001_5017_stair_1' W side of the flight is open (largest gap 4.00 m > 0.5 m envelope) -- a stair floating open in the floor plate: a body walks/is pushed off the side, and the shaft reads as a hole in the AI navmesh. Fix by relocating it against a wall/corridor (stair_place edge zones) or enclosing the side with a wall or guard along the full flight and landing. A guarded feature stair is fine; a bare mid-floor one is not.
  STAIR-WARN: STAIRWELL STAIR_LATERAL_OPEN: 'lf_art_probe_001_5017_stair_1' E side of the flight is open (largest gap 4.00 m > 0.5 m envelope) -- a stair floating open in the floor plate: a body walks/is pushed off the side, and the shaft reads as a hole in the AI navmesh. Fix by relocating it against a wall/corridor (stair_place edge zones) or enclosing the side with a wall or guard along the full flight and landing. A guarded feature stair is fine; a bare mid-floor one is not.
  floorplan: 3 story SVG(s) -> build/floorplans/ (lf_art_probe_001_5017.floorB.svg, lf_art_probe_001_5017.floor0.svg, lf_art_probe_001_5017.floor1.svg)
    [basement]  (146 samples)
      death lane (longest clear sightline): 30.9 m  [long]
      objective room 'vault_room': 0 entries  <- FUNNEL (single entry)
      intent mismatch: room 'vault_room' authored 'close' but plays 'long' (30.9 m sightline)
    [ground]  (150 samples)
      death lane (longest clear sightline): 30.4 m  [long]
      intent mismatch: room 'manager_office' authored 'close' but plays 'medium' (14.8 m sightline)
      intent mismatch: room 'security_room' authored 'close' but plays 'medium' (14.8 m sightline)
    [floor 1]  (0 samples)
      death lane (longest clear sightline): 0.0 m  [close]
  sightlines: 3 overlay SVG(s) -> build/floorplans/
  -> OK

== lf_category5_baie_dore_001_5017.json ==
  loader OK: 'lf_category5_baie_dore_001_5017', 2 stories, 30 features, 0 assets
  TACTICAL-WARN: stair #0 pitch 42deg is steep (walkable but uncomfortable); run >= 5.6m gives a gentler ~35deg.
  scorecard for lf_category5_baie_dore_001_5017 [heist]:
    objectives: 3 (2 required)   entries: 6   markers: 23
    loot: 2 spawns, 6 bags, value 26000
    extraction zones: 1   secure/drop zones: 1   unreachable objectives: 0
    routes to objective (min): 1   chokepoints: none
    phases: ù
    errors: 0   warnings: 0
  poly estimate for lf_category5_baie_dore_001_5017:
    ~1548 tris across 89 mesh pieces (Environment budget: 50-500 target, 1000 cap per piece)
    biggest piece: ext_S_0 (~84 tris)
  enterability: 7 usable entry(s) (4 door/garage, 5 standing) on walls ['E', 'N', 'S', 'W']
  ENTRY-WARN: crouch-only entry on the S wall: 1.4 m tall.
  ENTRY-WARN: crouch-only entry on the S wall: 1.4 m tall.
  ENTRY-NOTE: entry swing/vault clearance on both faces is a walk-test fact ù offline can't confirm the space is physically clear.
  navigability (offline proxy) for lf_category5_baie_dore_001_5017:
    narrow openings: 5   isolated rooms: 0   (authoritative check = bake a navmesh in Godot)
  NAV-WARN: NAV: 5 opening(s) narrower than ~1.2m may block a 0.4m-radius nav agent: 1.20m door (ext N@0), 1.20m door (ext W@0), 1.10m door (partition #1@0), 1.20m door (partition #2@1), 1.20m door (partition #2@1). (Widen, or confirm your agent radius is smaller; verify with a real navmesh.)
  stairwell systems for lf_category5_baie_dore_001_5017:
    systems: 1   egress-role: 0   classified: 1   routes: room-graph   (authoritative check = walk it; this is room-graph intel)
  STAIR-WARN: STAIRWELL STAIR_ACCESS_THROUGH_PROHIBITED_ROOM: 'lf_category5_baie_dore_001_5017_stair_0' on story -1 is approached through 'vault' (role 'objective_room') -- prohibited for a required stair (Rule 3).
  STAIR-WARN: STAIRWELL STAIR_NOT_ENCLOSED: 'lf_category5_baie_dore_001_5017_stair_0' sits inside 'security_office' (role 'fortifiable') on story 1, not a stairwell -- it reads as a stair sprouting in the middle of an open room. Enclose it in a dedicated stairwell/corridor room (role in ['connector', 'corridor', 'hall', 'hallway', 'service', 'stairwell']) with a doored approach.
  STAIR-WARN: STAIRWELL STAIR_LATERAL_OPEN: 'lf_category5_baie_dore_001_5017_stair_0' W side of the flight is open (largest gap 4.50 m > 0.5 m envelope) -- a stair floating open in the floor plate: a body walks/is pushed off the side, and the shaft reads as a hole in the AI navmesh. Fix by relocating it against a wall/corridor (stair_place edge zones) or enclosing the side with a wall or guard along the full flight and landing. A guarded feature stair is fine; a bare mid-floor one is not.
  STAIR-WARN: STAIRWELL STAIR_LATERAL_OPEN: 'lf_category5_baie_dore_001_5017_stair_0' E side of the flight is open (largest gap 4.50 m > 0.5 m envelope) -- a stair floating open in the floor plate: a body walks/is pushed off the side, and the shaft reads as a hole in the AI navmesh. Fix by relocating it against a wall/corridor (stair_place edge zones) or enclosing the side with a wall or guard along the full flight and landing. A guarded feature stair is fine; a bare mid-floor one is not.
  STAIR-WARN: STAIRWELL STAIR_OPENING_UNGUARDED: 'lf_category5_baie_dore_001_5017_stair_0' N edge of the reserved opening is unguarded (largest gap 2.80 m > 0.5 m envelope) -- a body on the upper floor can walk into the stairwell; guard every floor-opening edge except the stair mouth (Rule 4).
  ladder systems for lf_category5_baie_dore_001_5017:
    ladders: 1   secondary-escape: 0   routes: room-graph   (a ladder is never ordinary egress; this is room-graph intel)
  floorplan: 3 story SVG(s) -> build/floorplans/ (lf_category5_baie_dore_001_5017.floorB.svg, lf_category5_baie_dore_001_5017.floor0.svg, lf_category5_baie_dore_001_5017.floor1.svg)
    [basement]  (203 samples)
      death lane (longest clear sightline): 47.6 m  [long]
      objective room 'vault': 0 entries  <- FUNNEL (single entry)
      intent mismatch: room 'vault' authored 'close' but plays 'long' (47.6 m sightline)
    [ground]  (202 samples)
      death lane (longest clear sightline): 51.2 m  [long]
      objective room 'cashier_cage': 3 entries
      intent mismatch: room 'north_concourse' authored 'medium' but plays 'long' (30.1 m sightline)
      intent mismatch: room 'cashier_cage' authored 'close' but plays 'medium' (10.9 m sightline)
    [floor 1]  (217 samples)
      death lane (longest clear sightline): 44.6 m  [long]
      objective room 'count_room': 3 entries
      intent mismatch: room 'upper_lounge' authored 'medium' but plays 'long' (44.6 m sightline)
      intent mismatch: room 'security_office' authored 'close' but plays 'long' (24.6 m sightline)
      intent mismatch: room 'count_room' authored 'close' but plays 'long' (24.6 m sightline)
  sightlines: 3 overlay SVG(s) -> build/floorplans/
  -> OK

== lf_category5_baie_dore_001_5118.json ==
  loader OK: 'lf_category5_baie_dore_001_5118', 2 stories, 30 features, 0 assets
  TACTICAL-WARN: stair #0 pitch 42deg is steep (walkable but uncomfortable); run >= 5.6m gives a gentler ~35deg.
  scorecard for lf_category5_baie_dore_001_5118 [heist]:
    objectives: 3 (2 required)   entries: 6   markers: 23
    loot: 2 spawns, 6 bags, value 26000
    extraction zones: 1   secure/drop zones: 1   unreachable objectives: 0
    routes to objective (min): 1   chokepoints: none
    phases: ù
    errors: 0   warnings: 0
  poly estimate for lf_category5_baie_dore_001_5118:
    ~1548 tris across 89 mesh pieces (Environment budget: 50-500 target, 1000 cap per piece)
    biggest piece: ext_S_0 (~84 tris)
  enterability: 7 usable entry(s) (4 door/garage, 5 standing) on walls ['E', 'N', 'S', 'W']
  ENTRY-WARN: crouch-only entry on the S wall: 1.4 m tall.
  ENTRY-WARN: crouch-only entry on the S wall: 1.4 m tall.
  ENTRY-NOTE: entry swing/vault clearance on both faces is a walk-test fact ù offline can't confirm the space is physically clear.
  navigability (offline proxy) for lf_category5_baie_dore_001_5118:
    narrow openings: 5   isolated rooms: 0   (authoritative check = bake a navmesh in Godot)
  NAV-WARN: NAV: 5 opening(s) narrower than ~1.2m may block a 0.4m-radius nav agent: 1.20m door (ext N@0), 1.20m door (ext W@0), 1.10m door (partition #1@0), 1.20m door (partition #2@1), 1.20m door (partition #2@1). (Widen, or confirm your agent radius is smaller; verify with a real navmesh.)
  stairwell systems for lf_category5_baie_dore_001_5118:
    systems: 1   egress-role: 0   classified: 1   routes: room-graph   (authoritative check = walk it; this is room-graph intel)
  STAIR-WARN: STAIRWELL STAIR_ACCESS_THROUGH_PROHIBITED_ROOM: 'lf_category5_baie_dore_001_5118_stair_0' on story -1 is approached through 'vault' (role 'objective_room') -- prohibited for a required stair (Rule 3).
  STAIR-WARN: STAIRWELL STAIR_NOT_ENCLOSED: 'lf_category5_baie_dore_001_5118_stair_0' sits inside 'security_office' (role 'fortifiable') on story 1, not a stairwell -- it reads as a stair sprouting in the middle of an open room. Enclose it in a dedicated stairwell/corridor room (role in ['connector', 'corridor', 'hall', 'hallway', 'service', 'stairwell']) with a doored approach.
  STAIR-WARN: STAIRWELL STAIR_LATERAL_OPEN: 'lf_category5_baie_dore_001_5118_stair_0' W side of the flight is open (largest gap 4.50 m > 0.5 m envelope) -- a stair floating open in the floor plate: a body walks/is pushed off the side, and the shaft reads as a hole in the AI navmesh. Fix by relocating it against a wall/corridor (stair_place edge zones) or enclosing the side with a wall or guard along the full flight and landing. A guarded feature stair is fine; a bare mid-floor one is not.
  STAIR-WARN: STAIRWELL STAIR_LATERAL_OPEN: 'lf_category5_baie_dore_001_5118_stair_0' E side of the flight is open (largest gap 4.50 m > 0.5 m envelope) -- a stair floating open in the floor plate: a body walks/is pushed off the side, and the shaft reads as a hole in the AI navmesh. Fix by relocating it against a wall/corridor (stair_place edge zones) or enclosing the side with a wall or guard along the full flight and landing. A guarded feature stair is fine; a bare mid-floor one is not.
  STAIR-WARN: STAIRWELL STAIR_OPENING_UNGUARDED: 'lf_category5_baie_dore_001_5118_stair_0' N edge of the reserved opening is unguarded (largest gap 2.80 m > 0.5 m envelope) -- a body on the upper floor can walk into the stairwell; guard every floor-opening edge except the stair mouth (Rule 4).
  ladder systems for lf_category5_baie_dore_001_5118:
    ladders: 1   secondary-escape: 0   routes: room-graph   (a ladder is never ordinary egress; this is room-graph intel)
  floorplan: 3 story SVG(s) -> build/floorplans/ (lf_category5_baie_dore_001_5118.floorB.svg, lf_category5_baie_dore_001_5118.floor0.svg, lf_category5_baie_dore_001_5118.floor1.svg)
    [basement]  (203 samples)
      death lane (longest clear sightline): 47.6 m  [long]
      objective room 'vault': 0 entries  <- FUNNEL (single entry)
      intent mismatch: room 'vault' authored 'close' but plays 'long' (47.6 m sightline)
    [ground]  (202 samples)
      death lane (longest clear sightline): 51.2 m  [long]
      objective room 'cashier_cage': 3 entries
      intent mismatch: room 'north_concourse' authored 'medium' but plays 'long' (30.1 m sightline)
      intent mismatch: room 'cashier_cage' authored 'close' but plays 'medium' (10.9 m sightline)
    [floor 1]  (217 samples)
      death lane (longest clear sightline): 44.6 m  [long]
      objective room 'count_room': 3 entries
      intent mismatch: room 'upper_lounge' authored 'medium' but plays 'long' (44.6 m sightline)
      intent mismatch: room 'security_office' authored 'close' but plays 'long' (24.6 m sightline)
      intent mismatch: room 'count_room' authored 'close' but plays 'long' (24.6 m sightline)
  sightlines: 3 overlay SVG(s) -> build/floorplans/
  -> OK

== lf_category5_baie_dore_001_5219.json ==
  loader OK: 'lf_category5_baie_dore_001_5219', 2 stories, 30 features, 0 assets
  TACTICAL-WARN: stair #0 pitch 42deg is steep (walkable but uncomfortable); run >= 5.6m gives a gentler ~35deg.
  scorecard for lf_category5_baie_dore_001_5219 [heist]:
    objectives: 3 (2 required)   entries: 6   markers: 23
    loot: 2 spawns, 6 bags, value 26000
    extraction zones: 1   secure/drop zones: 1   unreachable objectives: 0
    routes to objective (min): 1   chokepoints: none
    phases: ù
    errors: 0   warnings: 0
  poly estimate for lf_category5_baie_dore_001_5219:
    ~1548 tris across 89 mesh pieces (Environment budget: 50-500 target, 1000 cap per piece)
    biggest piece: ext_S_0 (~84 tris)
  enterability: 7 usable entry(s) (4 door/garage, 5 standing) on walls ['E', 'N', 'S', 'W']
  ENTRY-WARN: crouch-only entry on the S wall: 1.4 m tall.
  ENTRY-WARN: crouch-only entry on the S wall: 1.4 m tall.
  ENTRY-NOTE: entry swing/vault clearance on both faces is a walk-test fact ù offline can't confirm the space is physically clear.
  navigability (offline proxy) for lf_category5_baie_dore_001_5219:
    narrow openings: 5   isolated rooms: 0   (authoritative check = bake a navmesh in Godot)
  NAV-WARN: NAV: 5 opening(s) narrower than ~1.2m may block a 0.4m-radius nav agent: 1.20m door (ext N@0), 1.20m door (ext W@0), 1.10m door (partition #1@0), 1.20m door (partition #2@1), 1.20m door (partition #2@1). (Widen, or confirm your agent radius is smaller; verify with a real navmesh.)
  stairwell systems for lf_category5_baie_dore_001_5219:
    systems: 1   egress-role: 0   classified: 1   routes: room-graph   (authoritative check = walk it; this is room-graph intel)
  STAIR-WARN: STAIRWELL STAIR_ACCESS_THROUGH_PROHIBITED_ROOM: 'lf_category5_baie_dore_001_5219_stair_0' on story -1 is approached through 'vault' (role 'objective_room') -- prohibited for a required stair (Rule 3).
  STAIR-WARN: STAIRWELL STAIR_NOT_ENCLOSED: 'lf_category5_baie_dore_001_5219_stair_0' sits inside 'security_office' (role 'fortifiable') on story 1, not a stairwell -- it reads as a stair sprouting in the middle of an open room. Enclose it in a dedicated stairwell/corridor room (role in ['connector', 'corridor', 'hall', 'hallway', 'service', 'stairwell']) with a doored approach.
  STAIR-WARN: STAIRWELL STAIR_LATERAL_OPEN: 'lf_category5_baie_dore_001_5219_stair_0' W side of the flight is open (largest gap 4.50 m > 0.5 m envelope) -- a stair floating open in the floor plate: a body walks/is pushed off the side, and the shaft reads as a hole in the AI navmesh. Fix by relocating it against a wall/corridor (stair_place edge zones) or enclosing the side with a wall or guard along the full flight and landing. A guarded feature stair is fine; a bare mid-floor one is not.
  STAIR-WARN: STAIRWELL STAIR_LATERAL_OPEN: 'lf_category5_baie_dore_001_5219_stair_0' E side of the flight is open (largest gap 4.50 m > 0.5 m envelope) -- a stair floating open in the floor plate: a body walks/is pushed off the side, and the shaft reads as a hole in the AI navmesh. Fix by relocating it against a wall/corridor (stair_place edge zones) or enclosing the side with a wall or guard along the full flight and landing. A guarded feature stair is fine; a bare mid-floor one is not.
  STAIR-WARN: STAIRWELL STAIR_OPENING_UNGUARDED: 'lf_category5_baie_dore_001_5219_stair_0' N edge of the reserved opening is unguarded (largest gap 2.80 m > 0.5 m envelope) -- a body on the upper floor can walk into the stairwell; guard every floor-opening edge except the stair mouth (Rule 4).
  ladder systems for lf_category5_baie_dore_001_5219:
    ladders: 1   secondary-escape: 0   routes: room-graph   (a ladder is never ordinary egress; this is room-graph intel)
  floorplan: 3 story SVG(s) -> build/floorplans/ (lf_category5_baie_dore_001_5219.floorB.svg, lf_category5_baie_dore_001_5219.floor0.svg, lf_category5_baie_dore_001_5219.floor1.svg)
    [basement]  (203 samples)
      death lane (longest clear sightline): 47.6 m  [long]
      objective room 'vault': 0 entries  <- FUNNEL (single entry)
      intent mismatch: room 'vault' authored 'close' but plays 'long' (47.6 m sightline)
    [ground]  (202 samples)
      death lane (longest clear sightline): 51.2 m  [long]
      objective room 'cashier_cage': 3 entries
      intent mismatch: room 'north_concourse' authored 'medium' but plays 'long' (30.1 m sightline)
      intent mismatch: room 'cashier_cage' authored 'close' but plays 'medium' (10.9 m sightline)
    [floor 1]  (217 samples)
      death lane (longest clear sightline): 44.6 m  [long]
      objective room 'count_room': 3 entries
      intent mismatch: room 'upper_lounge' authored 'medium' but plays 'long' (44.6 m sightline)
      intent mismatch: room 'security_office' authored 'close' but plays 'long' (24.6 m sightline)
      intent mismatch: room 'count_room' authored 'close' but plays 'long' (24.6 m sightline)
  sightlines: 3 overlay SVG(s) -> build/floorplans/
  -> OK

== lf_category5_baie_dore_001_5320.json ==
  loader OK: 'lf_category5_baie_dore_001_5320', 2 stories, 30 features, 0 assets
  TACTICAL-WARN: stair #0 pitch 42deg is steep (walkable but uncomfortable); run >= 5.6m gives a gentler ~35deg.
  scorecard for lf_category5_baie_dore_001_5320 [heist]:
    objectives: 3 (2 required)   entries: 6   markers: 23
    loot: 2 spawns, 6 bags, value 26000
    extraction zones: 1   secure/drop zones: 1   unreachable objectives: 0
    routes to objective (min): 1   chokepoints: none
    phases: ù
    errors: 0   warnings: 0
  poly estimate for lf_category5_baie_dore_001_5320:
    ~1548 tris across 89 mesh pieces (Environment budget: 50-500 target, 1000 cap per piece)
    biggest piece: ext_S_0 (~84 tris)
  enterability: 7 usable entry(s) (4 door/garage, 5 standing) on walls ['E', 'N', 'S', 'W']
  ENTRY-WARN: crouch-only entry on the S wall: 1.4 m tall.
  ENTRY-WARN: crouch-only entry on the S wall: 1.4 m tall.
  ENTRY-NOTE: entry swing/vault clearance on both faces is a walk-test fact ù offline can't confirm the space is physically clear.
  navigability (offline proxy) for lf_category5_baie_dore_001_5320:
    narrow openings: 5   isolated rooms: 0   (authoritative check = bake a navmesh in Godot)
  NAV-WARN: NAV: 5 opening(s) narrower than ~1.2m may block a 0.4m-radius nav agent: 1.20m door (ext N@0), 1.20m door (ext W@0), 1.10m door (partition #1@0), 1.20m door (partition #2@1), 1.20m door (partition #2@1). (Widen, or confirm your agent radius is smaller; verify with a real navmesh.)
  stairwell systems for lf_category5_baie_dore_001_5320:
    systems: 1   egress-role: 0   classified: 1   routes: room-graph   (authoritative check = walk it; this is room-graph intel)
  STAIR-WARN: STAIRWELL STAIR_ACCESS_THROUGH_PROHIBITED_ROOM: 'lf_category5_baie_dore_001_5320_stair_0' on story -1 is approached through 'vault' (role 'objective_room') -- prohibited for a required stair (Rule 3).
  STAIR-WARN: STAIRWELL STAIR_NOT_ENCLOSED: 'lf_category5_baie_dore_001_5320_stair_0' sits inside 'security_office' (role 'fortifiable') on story 1, not a stairwell -- it reads as a stair sprouting in the middle of an open room. Enclose it in a dedicated stairwell/corridor room (role in ['connector', 'corridor', 'hall', 'hallway', 'service', 'stairwell']) with a doored approach.
  STAIR-WARN: STAIRWELL STAIR_LATERAL_OPEN: 'lf_category5_baie_dore_001_5320_stair_0' W side of the flight is open (largest gap 4.50 m > 0.5 m envelope) -- a stair floating open in the floor plate: a body walks/is pushed off the side, and the shaft reads as a hole in the AI navmesh. Fix by relocating it against a wall/corridor (stair_place edge zones) or enclosing the side with a wall or guard along the full flight and landing. A guarded feature stair is fine; a bare mid-floor one is not.
  STAIR-WARN: STAIRWELL STAIR_LATERAL_OPEN: 'lf_category5_baie_dore_001_5320_stair_0' E side of the flight is open (largest gap 4.50 m > 0.5 m envelope) -- a stair floating open in the floor plate: a body walks/is pushed off the side, and the shaft reads as a hole in the AI navmesh. Fix by relocating it against a wall/corridor (stair_place edge zones) or enclosing the side with a wall or guard along the full flight and landing. A guarded feature stair is fine; a bare mid-floor one is not.
  STAIR-WARN: STAIRWELL STAIR_OPENING_UNGUARDED: 'lf_category5_baie_dore_001_5320_stair_0' N edge of the reserved opening is unguarded (largest gap 2.80 m > 0.5 m envelope) -- a body on the upper floor can walk into the stairwell; guard every floor-opening edge except the stair mouth (Rule 4).
  ladder systems for lf_category5_baie_dore_001_5320:
    ladders: 1   secondary-escape: 0   routes: room-graph   (a ladder is never ordinary egress; this is room-graph intel)
  floorplan: 3 story SVG(s) -> build/floorplans/ (lf_category5_baie_dore_001_5320.floorB.svg, lf_category5_baie_dore_001_5320.floor0.svg, lf_category5_baie_dore_001_5320.floor1.svg)
    [basement]  (203 samples)
      death lane (longest clear sightline): 47.6 m  [long]
      objective room 'vault': 0 entries  <- FUNNEL (single entry)
      intent mismatch: room 'vault' authored 'close' but plays 'long' (47.6 m sightline)
    [ground]  (202 samples)
      death lane (longest clear sightline): 51.2 m  [long]
      objective room 'cashier_cage': 3 entries
      intent mismatch: room 'north_concourse' authored 'medium' but plays 'long' (30.1 m sightline)
      intent mismatch: room 'cashier_cage' authored 'close' but plays 'medium' (10.9 m sightline)
    [floor 1]  (217 samples)
      death lane (longest clear sightline): 44.6 m  [long]
      objective room 'count_room': 3 entries
      intent mismatch: room 'upper_lounge' authored 'medium' but plays 'long' (44.6 m sightline)
      intent mismatch: room 'security_office' authored 'close' but plays 'long' (24.6 m sightline)
      intent mismatch: room 'count_room' authored 'close' but plays 'long' (24.6 m sightline)
  sightlines: 3 overlay SVG(s) -> build/floorplans/
  -> OK

== lf_category5_baie_dore_001_5421.json ==
  loader OK: 'lf_category5_baie_dore_001_5421', 2 stories, 30 features, 0 assets
  TACTICAL-WARN: stair #0 pitch 42deg is steep (walkable but uncomfortable); run >= 5.6m gives a gentler ~35deg.
  scorecard for lf_category5_baie_dore_001_5421 [heist]:
    objectives: 3 (2 required)   entries: 6   markers: 23
    loot: 2 spawns, 6 bags, value 26000
    extraction zones: 1   secure/drop zones: 1   unreachable objectives: 0
    routes to objective (min): 1   chokepoints: none
    phases: ù
    errors: 0   warnings: 0
  poly estimate for lf_category5_baie_dore_001_5421:
    ~1548 tris across 89 mesh pieces (Environment budget: 50-500 target, 1000 cap per piece)
    biggest piece: ext_S_0 (~84 tris)
  enterability: 7 usable entry(s) (4 door/garage, 5 standing) on walls ['E', 'N', 'S', 'W']
  ENTRY-WARN: crouch-only entry on the S wall: 1.4 m tall.
  ENTRY-WARN: crouch-only entry on the S wall: 1.4 m tall.
  ENTRY-NOTE: entry swing/vault clearance on both faces is a walk-test fact ù offline can't confirm the space is physically clear.
  navigability (offline proxy) for lf_category5_baie_dore_001_5421:
    narrow openings: 5   isolated rooms: 0   (authoritative check = bake a navmesh in Godot)
  NAV-WARN: NAV: 5 opening(s) narrower than ~1.2m may block a 0.4m-radius nav agent: 1.20m door (ext N@0), 1.20m door (ext W@0), 1.10m door (partition #1@0), 1.20m door (partition #2@1), 1.20m door (partition #2@1). (Widen, or confirm your agent radius is smaller; verify with a real navmesh.)
  stairwell systems for lf_category5_baie_dore_001_5421:
    systems: 1   egress-role: 0   classified: 1   routes: room-graph   (authoritative check = walk it; this is room-graph intel)
  STAIR-WARN: STAIRWELL STAIR_ACCESS_THROUGH_PROHIBITED_ROOM: 'lf_category5_baie_dore_001_5421_stair_0' on story -1 is approached through 'vault' (role 'objective_room') -- prohibited for a required stair (Rule 3).
  STAIR-WARN: STAIRWELL STAIR_NOT_ENCLOSED: 'lf_category5_baie_dore_001_5421_stair_0' sits inside 'security_office' (role 'fortifiable') on story 1, not a stairwell -- it reads as a stair sprouting in the middle of an open room. Enclose it in a dedicated stairwell/corridor room (role in ['connector', 'corridor', 'hall', 'hallway', 'service', 'stairwell']) with a doored approach.
  STAIR-WARN: STAIRWELL STAIR_LATERAL_OPEN: 'lf_category5_baie_dore_001_5421_stair_0' W side of the flight is open (largest gap 4.50 m > 0.5 m envelope) -- a stair floating open in the floor plate: a body walks/is pushed off the side, and the shaft reads as a hole in the AI navmesh. Fix by relocating it against a wall/corridor (stair_place edge zones) or enclosing the side with a wall or guard along the full flight and landing. A guarded feature stair is fine; a bare mid-floor one is not.
  STAIR-WARN: STAIRWELL STAIR_LATERAL_OPEN: 'lf_category5_baie_dore_001_5421_stair_0' E side of the flight is open (largest gap 4.50 m > 0.5 m envelope) -- a stair floating open in the floor plate: a body walks/is pushed off the side, and the shaft reads as a hole in the AI navmesh. Fix by relocating it against a wall/corridor (stair_place edge zones) or enclosing the side with a wall or guard along the full flight and landing. A guarded feature stair is fine; a bare mid-floor one is not.
  STAIR-WARN: STAIRWELL STAIR_OPENING_UNGUARDED: 'lf_category5_baie_dore_001_5421_stair_0' N edge of the reserved opening is unguarded (largest gap 2.80 m > 0.5 m envelope) -- a body on the upper floor can walk into the stairwell; guard every floor-opening edge except the stair mouth (Rule 4).
  ladder systems for lf_category5_baie_dore_001_5421:
    ladders: 1   secondary-escape: 0   routes: room-graph   (a ladder is never ordinary egress; this is room-graph intel)
  floorplan: 3 story SVG(s) -> build/floorplans/ (lf_category5_baie_dore_001_5421.floorB.svg, lf_category5_baie_dore_001_5421.floor0.svg, lf_category5_baie_dore_001_5421.floor1.svg)
    [basement]  (203 samples)
      death lane (longest clear sightline): 47.6 m  [long]
      objective room 'vault': 0 entries  <- FUNNEL (single entry)
      intent mismatch: room 'vault' authored 'close' but plays 'long' (47.6 m sightline)
    [ground]  (202 samples)
      death lane (longest clear sightline): 51.2 m  [long]
      objective room 'cashier_cage': 3 entries
      intent mismatch: room 'north_concourse' authored 'medium' but plays 'long' (30.1 m sightline)
      intent mismatch: room 'cashier_cage' authored 'close' but plays 'medium' (10.9 m sightline)
    [floor 1]  (217 samples)
      death lane (longest clear sightline): 44.6 m  [long]
      objective room 'count_room': 3 entries
      intent mismatch: room 'upper_lounge' authored 'medium' but plays 'long' (44.6 m sightline)
      intent mismatch: room 'security_office' authored 'close' but plays 'long' (24.6 m sightline)
      intent mismatch: room 'count_room' authored 'close' but plays 'long' (24.6 m sightline)
  sightlines: 3 overlay SVG(s) -> build/floorplans/
  -> OK

== lf_lot_demo_001_5017.json ==
  loader OK: 'lf_lot_demo_001_5017', 2 stories, 25 features, 0 assets
  TACTICAL-WARN: stair #0 pitch 42deg is steep (walkable but uncomfortable); run >= 5.0m gives a gentler ~35deg.
  TACTICAL-WARN: stair #1 pitch 42deg is steep (walkable but uncomfortable); run >= 5.0m gives a gentler ~35deg.
  scorecard for lf_lot_demo_001_5017 [heist]:
    objectives: 2 (1 required)   entries: 4   markers: 14
    loot: 2 spawns, 5 bags, value 580000
    extraction zones: 1   secure/drop zones: 1   unreachable objectives: 0
    routes to objective (min): 1   chokepoints: none
    phases: loud, stealth
    errors: 0   warnings: 0
  poly estimate for lf_lot_demo_001_5017:
    ~1452 tris across 83 mesh pieces (Environment budget: 50-500 target, 1000 cap per piece)
    biggest piece: ext_S_0 (~84 tris)
  enterability: 6 usable entry(s) (3 door/garage, 4 standing) on walls ['E', 'N', 'S', 'W']
  ENTRY-WARN: crouch-only entry on the S wall: 1.4 m tall.
  ENTRY-WARN: crouch-only entry on the S wall: 1.4 m tall.
  ENTRY-NOTE: entry swing/vault clearance on both faces is a walk-test fact ù offline can't confirm the space is physically clear.
  navigability (offline proxy) for lf_lot_demo_001_5017:
    narrow openings: 6   isolated rooms: 0   (authoritative check = bake a navmesh in Godot)
  NAV-WARN: NAV: 6 opening(s) narrower than ~1.2m may block a 0.4m-radius nav agent: 1.20m door (ext W@0), 1.20m door (ext E@0), 1.20m door (partition #0@0), 1.20m door (partition #0@0), 1.20m door (partition #1@0), 1.20m door (partition #2@-1). (Widen, or confirm your agent radius is smaller; verify with a real navmesh.)
  stairwell systems for lf_lot_demo_001_5017:
    systems: 2   egress-role: 0   classified: 2   routes: room-graph   (authoritative check = walk it; this is room-graph intel)
  STAIR-WARN: STAIRWELL STAIR_ACCESS_THROUGH_PROHIBITED_ROOM: 'lf_lot_demo_001_5017_stair_0' on story -1 is approached through 'vault_room' (role 'objective_room') -- prohibited for a required stair (Rule 3).
  STAIR-WARN: STAIRWELL STAIR_NOT_ENCLOSED: 'lf_lot_demo_001_5017_stair_0' sits inside 'manager_office' (role 'fortifiable') on story 0, not a stairwell -- it reads as a stair sprouting in the middle of an open room. Enclose it in a dedicated stairwell/corridor room (role in ['connector', 'corridor', 'hall', 'hallway', 'service', 'stairwell']) with a doored approach.
  STAIR-WARN: STAIRWELL STAIR_LATERAL_OPEN: 'lf_lot_demo_001_5017_stair_0' W side of the flight is open (largest gap 4.00 m > 0.5 m envelope) -- a stair floating open in the floor plate: a body walks/is pushed off the side, and the shaft reads as a hole in the AI navmesh. Fix by relocating it against a wall/corridor (stair_place edge zones) or enclosing the side with a wall or guard along the full flight and landing. A guarded feature stair is fine; a bare mid-floor one is not.
  STAIR-WARN: STAIRWELL STAIR_LATERAL_OPEN: 'lf_lot_demo_001_5017_stair_0' E side of the flight is open (largest gap 4.00 m > 0.5 m envelope) -- a stair floating open in the floor plate: a body walks/is pushed off the side, and the shaft reads as a hole in the AI navmesh. Fix by relocating it against a wall/corridor (stair_place edge zones) or enclosing the side with a wall or guard along the full flight and landing. A guarded feature stair is fine; a bare mid-floor one is not.
  STAIR-WARN: STAIRWELL STAIR_OPENING_UNGUARDED: 'lf_lot_demo_001_5017_stair_0' N edge of the reserved opening is unguarded (largest gap 3.20 m > 0.5 m envelope) -- a body on the upper floor can walk into the stairwell; guard every floor-opening edge except the stair mouth (Rule 4).
  STAIR-WARN: STAIRWELL STAIR_ACCESS_THROUGH_PROHIBITED_ROOM: 'lf_lot_demo_001_5017_stair_1' on story -1 is approached through 'vault_room' (role 'objective_room') -- prohibited for a required stair (Rule 3).
  STAIR-WARN: STAIRWELL STAIR_NOT_ENCLOSED: 'lf_lot_demo_001_5017_stair_1' sits inside 'lobby' (role 'public_entry') on story 0, not a stairwell -- it reads as a stair sprouting in the middle of an open room. Enclose it in a dedicated stairwell/corridor room (role in ['connector', 'corridor', 'hall', 'hallway', 'service', 'stairwell']) with a doored approach.
  STAIR-WARN: STAIRWELL STAIR_LATERAL_OPEN: 'lf_lot_demo_001_5017_stair_1' W side of the flight is open (largest gap 4.00 m > 0.5 m envelope) -- a stair floating open in the floor plate: a body walks/is pushed off the side, and the shaft reads as a hole in the AI navmesh. Fix by relocating it against a wall/corridor (stair_place edge zones) or enclosing the side with a wall or guard along the full flight and landing. A guarded feature stair is fine; a bare mid-floor one is not.
  STAIR-WARN: STAIRWELL STAIR_LATERAL_OPEN: 'lf_lot_demo_001_5017_stair_1' E side of the flight is open (largest gap 4.00 m > 0.5 m envelope) -- a stair floating open in the floor plate: a body walks/is pushed off the side, and the shaft reads as a hole in the AI navmesh. Fix by relocating it against a wall/corridor (stair_place edge zones) or enclosing the side with a wall or guard along the full flight and landing. A guarded feature stair is fine; a bare mid-floor one is not.
  floorplan: 3 story SVG(s) -> build/floorplans/ (lf_lot_demo_001_5017.floorB.svg, lf_lot_demo_001_5017.floor0.svg, lf_lot_demo_001_5017.floor1.svg)
    [basement]  (146 samples)
      death lane (longest clear sightline): 30.9 m  [long]
      objective room 'vault_room': 0 entries  <- FUNNEL (single entry)
      intent mismatch: room 'vault_room' authored 'close' but plays 'long' (30.9 m sightline)
    [ground]  (150 samples)
      death lane (longest clear sightline): 30.4 m  [long]
      intent mismatch: room 'manager_office' authored 'close' but plays 'medium' (14.8 m sightline)
      intent mismatch: room 'security_room' authored 'close' but plays 'medium' (14.8 m sightline)
    [floor 1]  (0 samples)
      death lane (longest clear sightline): 0.0 m  [close]
  sightlines: 3 overlay SVG(s) -> build/floorplans/
  -> OK

== lf_lot_demo_001_5118.json ==
  loader OK: 'lf_lot_demo_001_5118', 2 stories, 25 features, 0 assets
  TACTICAL-WARN: stair #0 pitch 42deg is steep (walkable but uncomfortable); run >= 5.0m gives a gentler ~35deg.
  TACTICAL-WARN: stair #1 pitch 42deg is steep (walkable but uncomfortable); run >= 5.0m gives a gentler ~35deg.
  scorecard for lf_lot_demo_001_5118 [heist]:
    objectives: 2 (1 required)   entries: 4   markers: 14
    loot: 2 spawns, 5 bags, value 580000
    extraction zones: 1   secure/drop zones: 1   unreachable objectives: 0
    routes to objective (min): 1   chokepoints: none
    phases: loud, stealth
    errors: 0   warnings: 0
  poly estimate for lf_lot_demo_001_5118:
    ~1452 tris across 83 mesh pieces (Environment budget: 50-500 target, 1000 cap per piece)
    biggest piece: ext_S_0 (~84 tris)
  enterability: 6 usable entry(s) (3 door/garage, 4 standing) on walls ['E', 'N', 'S', 'W']
  ENTRY-WARN: crouch-only entry on the S wall: 1.4 m tall.
  ENTRY-WARN: crouch-only entry on the S wall: 1.4 m tall.
  ENTRY-NOTE: entry swing/vault clearance on both faces is a walk-test fact ù offline can't confirm the space is physically clear.
  navigability (offline proxy) for lf_lot_demo_001_5118:
    narrow openings: 6   isolated rooms: 0   (authoritative check = bake a navmesh in Godot)
  NAV-WARN: NAV: 6 opening(s) narrower than ~1.2m may block a 0.4m-radius nav agent: 1.20m door (ext W@0), 1.20m door (ext E@0), 1.20m door (partition #0@0), 1.20m door (partition #0@0), 1.20m door (partition #1@0), 1.20m door (partition #2@-1). (Widen, or confirm your agent radius is smaller; verify with a real navmesh.)
  stairwell systems for lf_lot_demo_001_5118:
    systems: 2   egress-role: 0   classified: 2   routes: room-graph   (authoritative check = walk it; this is room-graph intel)
  STAIR-WARN: STAIRWELL STAIR_ACCESS_THROUGH_PROHIBITED_ROOM: 'lf_lot_demo_001_5118_stair_0' on story -1 is approached through 'vault_room' (role 'objective_room') -- prohibited for a required stair (Rule 3).
  STAIR-WARN: STAIRWELL STAIR_NOT_ENCLOSED: 'lf_lot_demo_001_5118_stair_0' sits inside 'manager_office' (role 'fortifiable') on story 0, not a stairwell -- it reads as a stair sprouting in the middle of an open room. Enclose it in a dedicated stairwell/corridor room (role in ['connector', 'corridor', 'hall', 'hallway', 'service', 'stairwell']) with a doored approach.
  STAIR-WARN: STAIRWELL STAIR_LATERAL_OPEN: 'lf_lot_demo_001_5118_stair_0' W side of the flight is open (largest gap 4.00 m > 0.5 m envelope) -- a stair floating open in the floor plate: a body walks/is pushed off the side, and the shaft reads as a hole in the AI navmesh. Fix by relocating it against a wall/corridor (stair_place edge zones) or enclosing the side with a wall or guard along the full flight and landing. A guarded feature stair is fine; a bare mid-floor one is not.
  STAIR-WARN: STAIRWELL STAIR_LATERAL_OPEN: 'lf_lot_demo_001_5118_stair_0' E side of the flight is open (largest gap 4.00 m > 0.5 m envelope) -- a stair floating open in the floor plate: a body walks/is pushed off the side, and the shaft reads as a hole in the AI navmesh. Fix by relocating it against a wall/corridor (stair_place edge zones) or enclosing the side with a wall or guard along the full flight and landing. A guarded feature stair is fine; a bare mid-floor one is not.
  STAIR-WARN: STAIRWELL STAIR_OPENING_UNGUARDED: 'lf_lot_demo_001_5118_stair_0' N edge of the reserved opening is unguarded (largest gap 3.20 m > 0.5 m envelope) -- a body on the upper floor can walk into the stairwell; guard every floor-opening edge except the stair mouth (Rule 4).
  STAIR-WARN: STAIRWELL STAIR_ACCESS_THROUGH_PROHIBITED_ROOM: 'lf_lot_demo_001_5118_stair_1' on story -1 is approached through 'vault_room' (role 'objective_room') -- prohibited for a required stair (Rule 3).
  STAIR-WARN: STAIRWELL STAIR_NOT_ENCLOSED: 'lf_lot_demo_001_5118_stair_1' sits inside 'lobby' (role 'public_entry') on story 0, not a stairwell -- it reads as a stair sprouting in the middle of an open room. Enclose it in a dedicated stairwell/corridor room (role in ['connector', 'corridor', 'hall', 'hallway', 'service', 'stairwell']) with a doored approach.
  STAIR-WARN: STAIRWELL STAIR_LATERAL_OPEN: 'lf_lot_demo_001_5118_stair_1' W side of the flight is open (largest gap 4.00 m > 0.5 m envelope) -- a stair floating open in the floor plate: a body walks/is pushed off the side, and the shaft reads as a hole in the AI navmesh. Fix by relocating it against a wall/corridor (stair_place edge zones) or enclosing the side with a wall or guard along the full flight and landing. A guarded feature stair is fine; a bare mid-floor one is not.
  STAIR-WARN: STAIRWELL STAIR_LATERAL_OPEN: 'lf_lot_demo_001_5118_stair_1' E side of the flight is open (largest gap 4.00 m > 0.5 m envelope) -- a stair floating open in the floor plate: a body walks/is pushed off the side, and the shaft reads as a hole in the AI navmesh. Fix by relocating it against a wall/corridor (stair_place edge zones) or enclosing the side with a wall or guard along the full flight and landing. A guarded feature stair is fine; a bare mid-floor one is not.
  floorplan: 3 story SVG(s) -> build/floorplans/ (lf_lot_demo_001_5118.floorB.svg, lf_lot_demo_001_5118.floor0.svg, lf_lot_demo_001_5118.floor1.svg)
    [basement]  (146 samples)
      death lane (longest clear sightline): 30.9 m  [long]
      objective room 'vault_room': 0 entries  <- FUNNEL (single entry)
      intent mismatch: room 'vault_room' authored 'close' but plays 'long' (30.9 m sightline)
    [ground]  (150 samples)
      death lane (longest clear sightline): 30.4 m  [long]
      intent mismatch: room 'manager_office' authored 'close' but plays 'medium' (14.8 m sightline)
      intent mismatch: room 'security_room' authored 'close' but plays 'medium' (14.8 m sightline)
    [floor 1]  (0 samples)
      death lane (longest clear sightline): 0.0 m  [close]
  sightlines: 3 overlay SVG(s) -> build/floorplans/
  -> OK

== lf_lot_demo_001_5219.json ==
  loader OK: 'lf_lot_demo_001_5219', 2 stories, 25 features, 0 assets
  TACTICAL-WARN: stair #0 pitch 42deg is steep (walkable but uncomfortable); run >= 5.0m gives a gentler ~35deg.
  TACTICAL-WARN: stair #1 pitch 42deg is steep (walkable but uncomfortable); run >= 5.0m gives a gentler ~35deg.
  scorecard for lf_lot_demo_001_5219 [heist]:
    objectives: 2 (1 required)   entries: 4   markers: 14
    loot: 2 spawns, 5 bags, value 580000
    extraction zones: 1   secure/drop zones: 1   unreachable objectives: 0
    routes to objective (min): 1   chokepoints: none
    phases: loud, stealth
    errors: 0   warnings: 0
  poly estimate for lf_lot_demo_001_5219:
    ~1452 tris across 83 mesh pieces (Environment budget: 50-500 target, 1000 cap per piece)
    biggest piece: ext_S_0 (~84 tris)
  enterability: 6 usable entry(s) (3 door/garage, 4 standing) on walls ['E', 'N', 'S', 'W']
  ENTRY-WARN: crouch-only entry on the S wall: 1.4 m tall.
  ENTRY-WARN: crouch-only entry on the S wall: 1.4 m tall.
  ENTRY-NOTE: entry swing/vault clearance on both faces is a walk-test fact ù offline can't confirm the space is physically clear.
  navigability (offline proxy) for lf_lot_demo_001_5219:
    narrow openings: 6   isolated rooms: 0   (authoritative check = bake a navmesh in Godot)
  NAV-WARN: NAV: 6 opening(s) narrower than ~1.2m may block a 0.4m-radius nav agent: 1.20m door (ext W@0), 1.20m door (ext E@0), 1.20m door (partition #0@0), 1.20m door (partition #0@0), 1.20m door (partition #1@0), 1.20m door (partition #2@-1). (Widen, or confirm your agent radius is smaller; verify with a real navmesh.)
  stairwell systems for lf_lot_demo_001_5219:
    systems: 2   egress-role: 0   classified: 2   routes: room-graph   (authoritative check = walk it; this is room-graph intel)
  STAIR-WARN: STAIRWELL STAIR_ACCESS_THROUGH_PROHIBITED_ROOM: 'lf_lot_demo_001_5219_stair_0' on story -1 is approached through 'vault_room' (role 'objective_room') -- prohibited for a required stair (Rule 3).
  STAIR-WARN: STAIRWELL STAIR_NOT_ENCLOSED: 'lf_lot_demo_001_5219_stair_0' sits inside 'manager_office' (role 'fortifiable') on story 0, not a stairwell -- it reads as a stair sprouting in the middle of an open room. Enclose it in a dedicated stairwell/corridor room (role in ['connector', 'corridor', 'hall', 'hallway', 'service', 'stairwell']) with a doored approach.
  STAIR-WARN: STAIRWELL STAIR_LATERAL_OPEN: 'lf_lot_demo_001_5219_stair_0' W side of the flight is open (largest gap 4.00 m > 0.5 m envelope) -- a stair floating open in the floor plate: a body walks/is pushed off the side, and the shaft reads as a hole in the AI navmesh. Fix by relocating it against a wall/corridor (stair_place edge zones) or enclosing the side with a wall or guard along the full flight and landing. A guarded feature stair is fine; a bare mid-floor one is not.
  STAIR-WARN: STAIRWELL STAIR_LATERAL_OPEN: 'lf_lot_demo_001_5219_stair_0' E side of the flight is open (largest gap 4.00 m > 0.5 m envelope) -- a stair floating open in the floor plate: a body walks/is pushed off the side, and the shaft reads as a hole in the AI navmesh. Fix by relocating it against a wall/corridor (stair_place edge zones) or enclosing the side with a wall or guard along the full flight and landing. A guarded feature stair is fine; a bare mid-floor one is not.
  STAIR-WARN: STAIRWELL STAIR_OPENING_UNGUARDED: 'lf_lot_demo_001_5219_stair_0' N edge of the reserved opening is unguarded (largest gap 3.20 m > 0.5 m envelope) -- a body on the upper floor can walk into the stairwell; guard every floor-opening edge except the stair mouth (Rule 4).
  STAIR-WARN: STAIRWELL STAIR_ACCESS_THROUGH_PROHIBITED_ROOM: 'lf_lot_demo_001_5219_stair_1' on story -1 is approached through 'vault_room' (role 'objective_room') -- prohibited for a required stair (Rule 3).
  STAIR-WARN: STAIRWELL STAIR_NOT_ENCLOSED: 'lf_lot_demo_001_5219_stair_1' sits inside 'lobby' (role 'public_entry') on story 0, not a stairwell -- it reads as a stair sprouting in the middle of an open room. Enclose it in a dedicated stairwell/corridor room (role in ['connector', 'corridor', 'hall', 'hallway', 'service', 'stairwell']) with a doored approach.
  STAIR-WARN: STAIRWELL STAIR_LATERAL_OPEN: 'lf_lot_demo_001_5219_stair_1' W side of the flight is open (largest gap 4.00 m > 0.5 m envelope) -- a stair floating open in the floor plate: a body walks/is pushed off the side, and the shaft reads as a hole in the AI navmesh. Fix by relocating it against a wall/corridor (stair_place edge zones) or enclosing the side with a wall or guard along the full flight and landing. A guarded feature stair is fine; a bare mid-floor one is not.
  STAIR-WARN: STAIRWELL STAIR_LATERAL_OPEN: 'lf_lot_demo_001_5219_stair_1' E side of the flight is open (largest gap 4.00 m > 0.5 m envelope) -- a stair floating open in the floor plate: a body walks/is pushed off the side, and the shaft reads as a hole in the AI navmesh. Fix by relocating it against a wall/corridor (stair_place edge zones) or enclosing the side with a wall or guard along the full flight and landing. A guarded feature stair is fine; a bare mid-floor one is not.
  floorplan: 3 story SVG(s) -> build/floorplans/ (lf_lot_demo_001_5219.floorB.svg, lf_lot_demo_001_5219.floor0.svg, lf_lot_demo_001_5219.floor1.svg)
    [basement]  (146 samples)
      death lane (longest clear sightline): 30.9 m  [long]
      objective room 'vault_room': 0 entries  <- FUNNEL (single entry)
      intent mismatch: room 'vault_room' authored 'close' but plays 'long' (30.9 m sightline)
    [ground]  (150 samples)
      death lane (longest clear sightline): 30.4 m  [long]
      intent mismatch: room 'manager_office' authored 'close' but plays 'medium' (14.8 m sightline)
      intent mismatch: room 'security_room' authored 'close' but plays 'medium' (14.8 m sightline)
    [floor 1]  (0 samples)
      death lane (longest clear sightline): 0.0 m  [close]
  sightlines: 3 overlay SVG(s) -> build/floorplans/
  -> OK

== lf_unlit_probe_001_5017.json ==
  loader OK: 'lf_unlit_probe_001_5017', 2 stories, 25 features, 0 assets
  TACTICAL-WARN: stair #0 pitch 42deg is steep (walkable but uncomfortable); run >= 5.0m gives a gentler ~35deg.
  TACTICAL-WARN: stair #1 pitch 42deg is steep (walkable but uncomfortable); run >= 5.0m gives a gentler ~35deg.
  scorecard for lf_unlit_probe_001_5017 [heist]:
    objectives: 2 (1 required)   entries: 4   markers: 14
    loot: 2 spawns, 5 bags, value 580000
    extraction zones: 1   secure/drop zones: 1   unreachable objectives: 0
    routes to objective (min): 1   chokepoints: none
    phases: loud, stealth
    errors: 0   warnings: 0
  poly estimate for lf_unlit_probe_001_5017:
    ~1452 tris across 83 mesh pieces (Environment budget: 50-500 target, 1000 cap per piece)
    biggest piece: ext_S_0 (~84 tris)
  enterability: 6 usable entry(s) (3 door/garage, 4 standing) on walls ['E', 'N', 'S', 'W']
  ENTRY-WARN: crouch-only entry on the S wall: 1.4 m tall.
  ENTRY-WARN: crouch-only entry on the S wall: 1.4 m tall.
  ENTRY-NOTE: entry swing/vault clearance on both faces is a walk-test fact ù offline can't confirm the space is physically clear.
  navigability (offline proxy) for lf_unlit_probe_001_5017:
    narrow openings: 6   isolated rooms: 0   (authoritative check = bake a navmesh in Godot)
  NAV-WARN: NAV: 6 opening(s) narrower than ~1.2m may block a 0.4m-radius nav agent: 1.20m door (ext W@0), 1.20m door (ext E@0), 1.20m door (partition #0@0), 1.20m door (partition #0@0), 1.20m door (partition #1@0), 1.20m door (partition #2@-1). (Widen, or confirm your agent radius is smaller; verify with a real navmesh.)
  stairwell systems for lf_unlit_probe_001_5017:
    systems: 2   egress-role: 0   classified: 2   routes: room-graph   (authoritative check = walk it; this is room-graph intel)
  STAIR-WARN: STAIRWELL STAIR_ACCESS_THROUGH_PROHIBITED_ROOM: 'lf_unlit_probe_001_5017_stair_0' on story -1 is approached through 'vault_room' (role 'objective_room') -- prohibited for a required stair (Rule 3).
  STAIR-WARN: STAIRWELL STAIR_NOT_ENCLOSED: 'lf_unlit_probe_001_5017_stair_0' sits inside 'manager_office' (role 'fortifiable') on story 0, not a stairwell -- it reads as a stair sprouting in the middle of an open room. Enclose it in a dedicated stairwell/corridor room (role in ['connector', 'corridor', 'hall', 'hallway', 'service', 'stairwell']) with a doored approach.
  STAIR-WARN: STAIRWELL STAIR_LATERAL_OPEN: 'lf_unlit_probe_001_5017_stair_0' W side of the flight is open (largest gap 4.00 m > 0.5 m envelope) -- a stair floating open in the floor plate: a body walks/is pushed off the side, and the shaft reads as a hole in the AI navmesh. Fix by relocating it against a wall/corridor (stair_place edge zones) or enclosing the side with a wall or guard along the full flight and landing. A guarded feature stair is fine; a bare mid-floor one is not.
  STAIR-WARN: STAIRWELL STAIR_LATERAL_OPEN: 'lf_unlit_probe_001_5017_stair_0' E side of the flight is open (largest gap 4.00 m > 0.5 m envelope) -- a stair floating open in the floor plate: a body walks/is pushed off the side, and the shaft reads as a hole in the AI navmesh. Fix by relocating it against a wall/corridor (stair_place edge zones) or enclosing the side with a wall or guard along the full flight and landing. A guarded feature stair is fine; a bare mid-floor one is not.
  STAIR-WARN: STAIRWELL STAIR_OPENING_UNGUARDED: 'lf_unlit_probe_001_5017_stair_0' N edge of the reserved opening is unguarded (largest gap 3.20 m > 0.5 m envelope) -- a body on the upper floor can walk into the stairwell; guard every floor-opening edge except the stair mouth (Rule 4).
  STAIR-WARN: STAIRWELL STAIR_ACCESS_THROUGH_PROHIBITED_ROOM: 'lf_unlit_probe_001_5017_stair_1' on story -1 is approached through 'vault_room' (role 'objective_room') -- prohibited for a required stair (Rule 3).
  STAIR-WARN: STAIRWELL STAIR_NOT_ENCLOSED: 'lf_unlit_probe_001_5017_stair_1' sits inside 'lobby' (role 'public_entry') on story 0, not a stairwell -- it reads as a stair sprouting in the middle of an open room. Enclose it in a dedicated stairwell/corridor room (role in ['connector', 'corridor', 'hall', 'hallway', 'service', 'stairwell']) with a doored approach.
  STAIR-WARN: STAIRWELL STAIR_LATERAL_OPEN: 'lf_unlit_probe_001_5017_stair_1' W side of the flight is open (largest gap 4.00 m > 0.5 m envelope) -- a stair floating open in the floor plate: a body walks/is pushed off the side, and the shaft reads as a hole in the AI navmesh. Fix by relocating it against a wall/corridor (stair_place edge zones) or enclosing the side with a wall or guard along the full flight and landing. A guarded feature stair is fine; a bare mid-floor one is not.
  STAIR-WARN: STAIRWELL STAIR_LATERAL_OPEN: 'lf_unlit_probe_001_5017_stair_1' E side of the flight is open (largest gap 4.00 m > 0.5 m envelope) -- a stair floating open in the floor plate: a body walks/is pushed off the side, and the shaft reads as a hole in the AI navmesh. Fix by relocating it against a wall/corridor (stair_place edge zones) or enclosing the side with a wall or guard along the full flight and landing. A guarded feature stair is fine; a bare mid-floor one is not.
  floorplan: 3 story SVG(s) -> build/floorplans/ (lf_unlit_probe_001_5017.floorB.svg, lf_unlit_probe_001_5017.floor0.svg, lf_unlit_probe_001_5017.floor1.svg)
    [basement]  (146 samples)
      death lane (longest clear sightline): 30.9 m  [long]
      objective room 'vault_room': 0 entries  <- FUNNEL (single entry)
      intent mismatch: room 'vault_room' authored 'close' but plays 'long' (30.9 m sightline)
    [ground]  (150 samples)
      death lane (longest clear sightline): 30.4 m  [long]
      intent mismatch: room 'manager_office' authored 'close' but plays 'medium' (14.8 m sightline)
      intent mismatch: room 'security_room' authored 'close' but plays 'medium' (14.8 m sightline)
    [floor 1]  (0 samples)
      death lane (longest clear sightline): 0.0 m  [close]
  sightlines: 3 overlay SVG(s) -> build/floorplans/
  -> OK

== mansion_a01.json ==
  loader OK: 'mansion_a01', 2 stories, 11 features, 0 assets
  TACTICAL-WARN: stair #0 pitch 44deg is steep (walkable but uncomfortable); run >= 5.3m gives a gentler ~35deg.
  TACTICAL-WARN: stair #1 pitch 44deg is steep (walkable but uncomfortable); run >= 5.3m gives a gentler ~35deg.
  scorecard for mansion_a01 [assault]:
    floors: 3   rooms: 6   markers: 7
    attacker entries: 4   objective rooms: 1   breach points: 2
    vertical links: 2   unreachable rooms: 0
    routes to objective (min): 1   chokepoints: none
    errors: 0   warnings: 0
  poly estimate for mansion_a01:
    ~984 tris across 50 mesh pieces (Environment budget: 50-500 target, 1000 cap per piece)
    biggest piece: ext_S_0 (~84 tris)
  enterability: 7 usable entry(s) (3 door/garage, 4 standing) on walls ['E', 'N', 'S', 'W']
  ENTRY-WARN: crouch-only entry on the S wall: 1.4 m tall.
  ENTRY-WARN: crouch-only entry on the S wall: 1.4 m tall.
  ENTRY-WARN: crouch-only entry on the W wall: 1.4 m tall.
  ENTRY-NOTE: entry swing/vault clearance on both faces is a walk-test fact ù offline can't confirm the space is physically clear.
  navigability (offline proxy) for mansion_a01:
    narrow openings: 0   isolated rooms: 0   (authoritative check = bake a navmesh in Godot)
  stairwell systems for mansion_a01:
    systems: 2   egress-role: 0   classified: 2   routes: room-graph   (authoritative check = walk it; this is room-graph intel)
  STAIR-WARN: STAIRWELL STAIR_NOT_ENCLOSED: 'mn01_stair_dn' sits inside 'foyer' (role 'public_entry') on story 0, not a stairwell -- it reads as a stair sprouting in the middle of an open room. Enclose it in a dedicated stairwell/corridor room (role in ['connector', 'corridor', 'hall', 'hallway', 'service', 'stairwell']) with a doored approach.
  STAIR-WARN: STAIRWELL STAIR_LATERAL_OPEN: 'mn01_stair_dn' S side of the flight is open (largest gap 4.00 m > 0.5 m envelope) -- a stair floating open in the floor plate: a body walks/is pushed off the side, and the shaft reads as a hole in the AI navmesh. Fix by relocating it against a wall/corridor (stair_place edge zones) or enclosing the side with a wall or guard along the full flight and landing. A guarded feature stair is fine; a bare mid-floor one is not.
  STAIR-WARN: STAIRWELL STAIR_LATERAL_OPEN: 'mn01_stair_dn' N side of the flight is open (largest gap 4.00 m > 0.5 m envelope) -- a stair floating open in the floor plate: a body walks/is pushed off the side, and the shaft reads as a hole in the AI navmesh. Fix by relocating it against a wall/corridor (stair_place edge zones) or enclosing the side with a wall or guard along the full flight and landing. A guarded feature stair is fine; a bare mid-floor one is not.
  STAIR-WARN: STAIRWELL STAIR_NOT_ENCLOSED: 'mn01_stair_up' sits inside 'foyer' (role 'public_entry') on story 0, not a stairwell -- it reads as a stair sprouting in the middle of an open room. Enclose it in a dedicated stairwell/corridor room (role in ['connector', 'corridor', 'hall', 'hallway', 'service', 'stairwell']) with a doored approach.
  STAIR-WARN: STAIRWELL STAIR_LATERAL_OPEN: 'mn01_stair_up' W side of the flight is open (largest gap 4.00 m > 0.5 m envelope) -- a stair floating open in the floor plate: a body walks/is pushed off the side, and the shaft reads as a hole in the AI navmesh. Fix by relocating it against a wall/corridor (stair_place edge zones) or enclosing the side with a wall or guard along the full flight and landing. A guarded feature stair is fine; a bare mid-floor one is not.
  STAIR-WARN: STAIRWELL STAIR_LATERAL_OPEN: 'mn01_stair_up' E side of the flight is open (largest gap 4.00 m > 0.5 m envelope) -- a stair floating open in the floor plate: a body walks/is pushed off the side, and the shaft reads as a hole in the AI navmesh. Fix by relocating it against a wall/corridor (stair_place edge zones) or enclosing the side with a wall or guard along the full flight and landing. A guarded feature stair is fine; a bare mid-floor one is not.
  pvp_heist profile for mansion_a01:
    attackers: 2   defenders: 1   objective rooms: wine_vault
    disjoint routes: 3   extraction via: extraction-facing exit (entry rooms)   protected rotation: yes
    flank: entries on faces ['E', 'N', 'S', 'W']   breaches: 2   stairs: 2   ladders: 0
  floorplan: 3 story SVG(s) -> build/floorplans/ (mansion_a01.floorB.svg, mansion_a01.floor0.svg, mansion_a01.floor1.svg)
    [basement]  (204 samples)
      death lane (longest clear sightline): 40.4 m  [long]
      objective room 'wine_vault': 2 entries
      intent mismatch: room 'cellar_hall' authored 'medium' but plays 'long' (28.3 m sightline)
      intent mismatch: room 'wine_vault' authored 'close' but plays 'long' (28.3 m sightline)
    [ground]  (204 samples)
      death lane (longest clear sightline): 37.6 m  [long]
      intent mismatch: room 'foyer' authored 'medium' but plays 'long' (36.5 m sightline)
      intent mismatch: room 'living_wing' authored 'medium' but plays 'long' (35.3 m sightline)
    [floor 1]  (216 samples)
      death lane (longest clear sightline): 36.7 m  [long]
      intent mismatch: room 'upper_hall' authored 'medium' but plays 'long' (36.1 m sightline)
      intent mismatch: room 'bedroom_wing' authored 'close' but plays 'long' (36.1 m sightline)
  sightlines: 3 overlay SVG(s) -> build/floorplans/
  -> OK

== mansion_a02.json ==
  loader OK: 'mansion_a02', 2 stories, 8 features, 0 assets
  TACTICAL-WARN: stair #0 pitch 44deg is steep (walkable but uncomfortable); run >= 5.3m gives a gentler ~35deg.
  scorecard for mansion_a02 [assault]:
    floors: 2   rooms: 5   markers: 7
    attacker entries: 4   objective rooms: 1   breach points: 2
    vertical links: 1   unreachable rooms: 0
    routes to objective (min): 1   chokepoints: none
    errors: 0   warnings: 0
  poly estimate for mansion_a02:
    ~648 tris across 28 mesh pieces (Environment budget: 50-500 target, 1000 cap per piece)
    biggest piece: ext_S_0 (~60 tris)
  enterability: 5 usable entry(s) (3 door/garage, 4 standing) on walls ['E', 'N', 'S']
  ENTRY-WARN: crouch-only entry on the S wall: 1.4 m tall.
  ENTRY-NOTE: entry swing/vault clearance on both faces is a walk-test fact ù offline can't confirm the space is physically clear.
  navigability (offline proxy) for mansion_a02:
    narrow openings: 0   isolated rooms: 0   (authoritative check = bake a navmesh in Godot)
  stairwell systems for mansion_a02:
    systems: 1   egress-role: 0   classified: 1   routes: room-graph   (authoritative check = walk it; this is room-graph intel)
  STAIR-WARN: STAIRWELL STAIR_NOT_ENCLOSED: 'mn02_stair_0' sits inside 'hall' (role 'public_entry') on story 0, not a stairwell -- it reads as a stair sprouting in the middle of an open room. Enclose it in a dedicated stairwell/corridor room (role in ['connector', 'corridor', 'hall', 'hallway', 'service', 'stairwell']) with a doored approach.
  STAIR-WARN: STAIRWELL STAIR_LATERAL_OPEN: 'mn02_stair_0' W side of the flight is open (largest gap 4.00 m > 0.5 m envelope) -- a stair floating open in the floor plate: a body walks/is pushed off the side, and the shaft reads as a hole in the AI navmesh. Fix by relocating it against a wall/corridor (stair_place edge zones) or enclosing the side with a wall or guard along the full flight and landing. A guarded feature stair is fine; a bare mid-floor one is not.
  STAIR-WARN: STAIRWELL STAIR_LATERAL_OPEN: 'mn02_stair_0' E side of the flight is open (largest gap 4.00 m > 0.5 m envelope) -- a stair floating open in the floor plate: a body walks/is pushed off the side, and the shaft reads as a hole in the AI navmesh. Fix by relocating it against a wall/corridor (stair_place edge zones) or enclosing the side with a wall or guard along the full flight and landing. A guarded feature stair is fine; a bare mid-floor one is not.
  pvp_heist profile for mansion_a02:
    attackers: 2   defenders: 1   objective rooms: master_suite
    disjoint routes: 4   extraction via: extraction-facing exit (entry rooms)   protected rotation: yes
    flank: entries on faces ['E', 'N', 'S']   breaches: 2   stairs: 1   ladders: 0
  floorplan: 2 story SVG(s) -> build/floorplans/ (mansion_a02.floor0.svg, mansion_a02.floor1.svg)
    [ground]  (184 samples)
      death lane (longest clear sightline): 35.1 m  [long]
      intent mismatch: room 'hall' authored 'medium' but plays 'long' (35.1 m sightline)
      intent mismatch: room 'kitchen_wing' authored 'close' but plays 'long' (33.5 m sightline)
    [floor 1]  (184 samples)
      death lane (longest clear sightline): 34.2 m  [long]
      objective room 'master_suite': 3 entries
      intent mismatch: room 'landing' authored 'medium' but plays 'long' (34.2 m sightline)
      intent mismatch: room 'guest_wing' authored 'close' but plays 'long' (21.5 m sightline)
      intent mismatch: room 'master_suite' authored 'close' but plays 'medium' (15.0 m sightline)
  sightlines: 2 overlay SVG(s) -> build/floorplans/
  -> OK

== mansion_a03.json ==
  loader OK: 'mansion_a03', 2 stories, 13 features, 0 assets
  TACTICAL-WARN: stair #0 pitch 44deg is steep (walkable but uncomfortable); run >= 5.3m gives a gentler ~35deg.
  TACTICAL-WARN: stair #1 pitch 44deg is steep (walkable but uncomfortable); run >= 5.3m gives a gentler ~35deg.
  TACTICAL-WARN: stair #2 pitch 44deg is steep (walkable but uncomfortable); run >= 5.3m gives a gentler ~35deg.
  scorecard for mansion_a03 [assault]:
    floors: 3   rooms: 7   markers: 8
    attacker entries: 4   objective rooms: 1   breach points: 2
    vertical links: 3   unreachable rooms: 0
    routes to objective (min): 1   chokepoints: none
    errors: 0   warnings: 0
  poly estimate for mansion_a03:
    ~1248 tris across 70 mesh pieces (Environment budget: 50-500 target, 1000 cap per piece)
    biggest piece: ext_S_0 (~84 tris)
  enterability: 7 usable entry(s) (3 door/garage, 4 standing) on walls ['E', 'N', 'S', 'W']
  ENTRY-WARN: crouch-only entry on the S wall: 1.4 m tall.
  ENTRY-WARN: crouch-only entry on the S wall: 1.4 m tall.
  ENTRY-WARN: crouch-only entry on the E wall: 1.4 m tall.
  ENTRY-NOTE: entry swing/vault clearance on both faces is a walk-test fact ù offline can't confirm the space is physically clear.
  navigability (offline proxy) for mansion_a03:
    narrow openings: 0   isolated rooms: 0   (authoritative check = bake a navmesh in Godot)
  stairwell systems for mansion_a03:
    systems: 3   egress-role: 0   classified: 3   routes: room-graph   (authoritative check = walk it; this is room-graph intel)
  STAIR-WARN: STAIRWELL STAIR_NOT_ENCLOSED: 'mn03_stair_dn' sits inside 'grand_foyer' (role 'public_entry') on story 0, not a stairwell -- it reads as a stair sprouting in the middle of an open room. Enclose it in a dedicated stairwell/corridor room (role in ['connector', 'corridor', 'hall', 'hallway', 'service', 'stairwell']) with a doored approach.
  STAIR-WARN: STAIRWELL STAIR_LATERAL_OPEN: 'mn03_stair_dn' S side of the flight is open (largest gap 4.00 m > 0.5 m envelope) -- a stair floating open in the floor plate: a body walks/is pushed off the side, and the shaft reads as a hole in the AI navmesh. Fix by relocating it against a wall/corridor (stair_place edge zones) or enclosing the side with a wall or guard along the full flight and landing. A guarded feature stair is fine; a bare mid-floor one is not.
  STAIR-WARN: STAIRWELL STAIR_LATERAL_OPEN: 'mn03_stair_dn' N side of the flight is open (largest gap 4.00 m > 0.5 m envelope) -- a stair floating open in the floor plate: a body walks/is pushed off the side, and the shaft reads as a hole in the AI navmesh. Fix by relocating it against a wall/corridor (stair_place edge zones) or enclosing the side with a wall or guard along the full flight and landing. A guarded feature stair is fine; a bare mid-floor one is not.
  STAIR-WARN: STAIRWELL STAIR_LATERAL_OPEN: 'mn03_stair_dn2' S side of the flight is open (largest gap 4.00 m > 0.5 m envelope) -- a stair floating open in the floor plate: a body walks/is pushed off the side, and the shaft reads as a hole in the AI navmesh. Fix by relocating it against a wall/corridor (stair_place edge zones) or enclosing the side with a wall or guard along the full flight and landing. A guarded feature stair is fine; a bare mid-floor one is not.
  STAIR-WARN: STAIRWELL STAIR_LATERAL_OPEN: 'mn03_stair_dn2' N side of the flight is open (largest gap 4.00 m > 0.5 m envelope) -- a stair floating open in the floor plate: a body walks/is pushed off the side, and the shaft reads as a hole in the AI navmesh. Fix by relocating it against a wall/corridor (stair_place edge zones) or enclosing the side with a wall or guard along the full flight and landing. A guarded feature stair is fine; a bare mid-floor one is not.
  STAIR-WARN: STAIRWELL STAIR_NOT_ENCLOSED: 'mn03_stair_up' sits inside 'grand_foyer' (role 'public_entry') on story 0, not a stairwell -- it reads as a stair sprouting in the middle of an open room. Enclose it in a dedicated stairwell/corridor room (role in ['connector', 'corridor', 'hall', 'hallway', 'service', 'stairwell']) with a doored approach.
  STAIR-WARN: STAIRWELL STAIR_LATERAL_OPEN: 'mn03_stair_up' W side of the flight is open (largest gap 4.00 m > 0.5 m envelope) -- a stair floating open in the floor plate: a body walks/is pushed off the side, and the shaft reads as a hole in the AI navmesh. Fix by relocating it against a wall/corridor (stair_place edge zones) or enclosing the side with a wall or guard along the full flight and landing. A guarded feature stair is fine; a bare mid-floor one is not.
  STAIR-WARN: STAIRWELL STAIR_LATERAL_OPEN: 'mn03_stair_up' E side of the flight is open (largest gap 4.00 m > 0.5 m envelope) -- a stair floating open in the floor plate: a body walks/is pushed off the side, and the shaft reads as a hole in the AI navmesh. Fix by relocating it against a wall/corridor (stair_place edge zones) or enclosing the side with a wall or guard along the full flight and landing. A guarded feature stair is fine; a bare mid-floor one is not.
  pvp_heist profile for mansion_a03:
    attackers: 2   defenders: 1   objective rooms: panic_room
    disjoint routes: 4   extraction via: extraction-facing exit (entry rooms)   protected rotation: yes
    flank: entries on faces ['E', 'N', 'S', 'W']   breaches: 2   stairs: 3   ladders: 0
  floorplan: 3 story SVG(s) -> build/floorplans/ (mansion_a03.floorB.svg, mansion_a03.floor0.svg, mansion_a03.floor1.svg)
    [basement]  (238 samples)
      death lane (longest clear sightline): 42.1 m  [long]
      objective room 'panic_room': 2 entries
      intent mismatch: room 'panic_approach' authored 'medium' but plays 'long' (34.2 m sightline)
      intent mismatch: room 'panic_room' authored 'close' but plays 'long' (29.5 m sightline)
    [ground]  (225 samples)
      death lane (longest clear sightline): 39.0 m  [long]
      weak cover 'None': in LOS of 1/2 attacker spawns
      intent mismatch: room 'gallery_wing' authored 'medium' but plays 'long' (26.6 m sightline)
      intent mismatch: room 'study' authored 'close' but plays 'medium' (10.8 m sightline)
    [floor 1]  (225 samples)
      death lane (longest clear sightline): 38.1 m  [long]
      intent mismatch: room 'upper_hall' authored 'medium' but plays 'long' (37.9 m sightline)
      intent mismatch: room 'private_wing' authored 'close' but plays 'long' (37.1 m sightline)
  sightlines: 3 overlay SVG(s) -> build/floorplans/
  -> OK

== marina_a01.json ==
  loader OK: 'marina_a01', 1 stories, 10 features, 0 assets
  TACTICAL-WARN: stair #0 pitch 50deg is at/over the 45deg walkable limit -- the ramp collider won't be climbable. Lengthen run (>= 7.0m for ~35deg) or add a controller step-up.
  TACTICAL-WARN: stair #1 pitch 50deg is at/over the 45deg walkable limit -- the ramp collider won't be climbable. Lengthen run (>= 7.0m for ~35deg) or add a controller step-up.
  scorecard for marina_a01 [assault]:
    floors: 2   rooms: 4   markers: 7
    attacker entries: 3   objective rooms: 1   breach points: 1
    vertical links: 2   unreachable rooms: 0
    routes to objective (min): 1   chokepoints: none
    errors: 0   warnings: 0
  poly estimate for marina_a01:
    ~912 tris across 60 mesh pieces (Environment budget: 50-500 target, 1000 cap per piece)
    biggest piece: ext_S_0 (~60 tris)
  enterability: 4 usable entry(s) (3 door/garage, 3 standing) on walls ['E', 'N', 'S']
  ENTRY-WARN: crouch-only entry on the E wall: 1.4 m tall.
  ENTRY-NOTE: entry swing/vault clearance on both faces is a walk-test fact ù offline can't confirm the space is physically clear.
  navigability (offline proxy) for marina_a01:
    narrow openings: 0   isolated rooms: 0   (authoritative check = bake a navmesh in Godot)
  stairwell systems for marina_a01:
    systems: 2   egress-role: 0   classified: 2   routes: room-graph   (authoritative check = walk it; this is room-graph intel)
  STAIR-WARN: STAIRWELL STAIR_LATERAL_OPEN: 'ma01_stair_n' S side of the flight is open (largest gap 4.20 m > 0.5 m envelope) -- a stair floating open in the floor plate: a body walks/is pushed off the side, and the shaft reads as a hole in the AI navmesh. Fix by relocating it against a wall/corridor (stair_place edge zones) or enclosing the side with a wall or guard along the full flight and landing. A guarded feature stair is fine; a bare mid-floor one is not.
  STAIR-WARN: STAIRWELL STAIR_LATERAL_OPEN: 'ma01_stair_n' N side of the flight is open (largest gap 4.20 m > 0.5 m envelope) -- a stair floating open in the floor plate: a body walks/is pushed off the side, and the shaft reads as a hole in the AI navmesh. Fix by relocating it against a wall/corridor (stair_place edge zones) or enclosing the side with a wall or guard along the full flight and landing. A guarded feature stair is fine; a bare mid-floor one is not.
  STAIR-WARN: STAIRWELL STAIR_NOT_ENCLOSED: 'ma01_stair_s' sits inside 'loading_floor' (role 'open_floor') on story 0, not a stairwell -- it reads as a stair sprouting in the middle of an open room. Enclose it in a dedicated stairwell/corridor room (role in ['connector', 'corridor', 'hall', 'hallway', 'service', 'stairwell']) with a doored approach.
  STAIR-WARN: STAIRWELL STAIR_LATERAL_OPEN: 'ma01_stair_s' S side of the flight is open (largest gap 4.20 m > 0.5 m envelope) -- a stair floating open in the floor plate: a body walks/is pushed off the side, and the shaft reads as a hole in the AI navmesh. Fix by relocating it against a wall/corridor (stair_place edge zones) or enclosing the side with a wall or guard along the full flight and landing. A guarded feature stair is fine; a bare mid-floor one is not.
  STAIR-WARN: STAIRWELL STAIR_LATERAL_OPEN: 'ma01_stair_s' N side of the flight is open (largest gap 4.20 m > 0.5 m envelope) -- a stair floating open in the floor plate: a body walks/is pushed off the side, and the shaft reads as a hole in the AI navmesh. Fix by relocating it against a wall/corridor (stair_place edge zones) or enclosing the side with a wall or guard along the full flight and landing. A guarded feature stair is fine; a bare mid-floor one is not.
  pvp_heist profile for marina_a01:
    attackers: 2   defenders: 1   objective rooms: basement_storage
    disjoint routes: 3   extraction via: extraction-facing exit (entry rooms)   protected rotation: yes
    flank: entries on faces ['N', 'S']   breaches: 1   stairs: 2   ladders: 0
  floorplan: 2 story SVG(s) -> build/floorplans/ (marina_a01.floorB.svg, marina_a01.floor0.svg)
    [basement]  (189 samples)
      death lane (longest clear sightline): 33.3 m  [long]
      objective room 'basement_storage': 2 entries
      intent mismatch: room 'basement_approach' authored 'medium' but plays 'long' (32.3 m sightline)
      intent mismatch: room 'basement_storage' authored 'close' but plays 'long' (31.3 m sightline)
    [ground]  (175 samples)
      death lane (longest clear sightline): 34.2 m  [long]
      intent mismatch: room 'office_wing' authored 'close' but plays 'long' (25.6 m sightline)
  sightlines: 2 overlay SVG(s) -> build/floorplans/
  -> OK

== marina_a02.json ==
  loader OK: 'marina_a02', 2 stories, 8 features, 0 assets
  TACTICAL-WARN: stair #0 pitch 49deg is at/over the 45deg walkable limit -- the ramp collider won't be climbable. Lengthen run (>= 5.9m for ~35deg) or add a controller step-up.
  scorecard for marina_a02 [assault]:
    floors: 2   rooms: 5   markers: 7
    attacker entries: 5   objective rooms: 1   breach points: 2
    vertical links: 1   unreachable rooms: 0
    routes to objective (min): 1   chokepoints: none
    errors: 0   warnings: 0
  poly estimate for marina_a02:
    ~672 tris across 30 mesh pieces (Environment budget: 50-500 target, 1000 cap per piece)
    biggest piece: ext_S_0 (~60 tris)
  enterability: 5 usable entry(s) (4 door/garage, 5 standing) on walls ['E', 'N', 'S']
  ENTRY-NOTE: entry swing/vault clearance on both faces is a walk-test fact ù offline can't confirm the space is physically clear.
  navigability (offline proxy) for marina_a02:
    narrow openings: 0   isolated rooms: 0   (authoritative check = bake a navmesh in Godot)
  stairwell systems for marina_a02:
    systems: 1   egress-role: 0   classified: 1   routes: room-graph   (authoritative check = walk it; this is room-graph intel)
  STAIR-WARN: STAIRWELL STAIR_NOT_ENCLOSED: 'ma02_stair_0' sits inside 'boat_hall' (role 'public_entry') on story 0, not a stairwell -- it reads as a stair sprouting in the middle of an open room. Enclose it in a dedicated stairwell/corridor room (role in ['connector', 'corridor', 'hall', 'hallway', 'service', 'stairwell']) with a doored approach.
  STAIR-WARN: STAIRWELL STAIR_LATERAL_OPEN: 'ma02_stair_0' S side of the flight is open (largest gap 3.60 m > 0.5 m envelope) -- a stair floating open in the floor plate: a body walks/is pushed off the side, and the shaft reads as a hole in the AI navmesh. Fix by relocating it against a wall/corridor (stair_place edge zones) or enclosing the side with a wall or guard along the full flight and landing. A guarded feature stair is fine; a bare mid-floor one is not.
  STAIR-WARN: STAIRWELL STAIR_LATERAL_OPEN: 'ma02_stair_0' N side of the flight is open (largest gap 3.60 m > 0.5 m envelope) -- a stair floating open in the floor plate: a body walks/is pushed off the side, and the shaft reads as a hole in the AI navmesh. Fix by relocating it against a wall/corridor (stair_place edge zones) or enclosing the side with a wall or guard along the full flight and landing. A guarded feature stair is fine; a bare mid-floor one is not.
  pvp_heist profile for marina_a02:
    attackers: 2   defenders: 1   objective rooms: harbormaster
    disjoint routes: 4   extraction via: extraction-facing exit (entry rooms)   protected rotation: yes
    flank: entries on faces ['E', 'N', 'S']   breaches: 2   stairs: 1   ladders: 0
  floorplan: 2 story SVG(s) -> build/floorplans/ (marina_a02.floor0.svg, marina_a02.floor1.svg)
    [ground]  (213 samples)
      death lane (longest clear sightline): 40.2 m  [long]
      intent mismatch: room 'shop_wing' authored 'medium' but plays 'long' (37.1 m sightline)
    [floor 1]  (225 samples)
      death lane (longest clear sightline): 37.9 m  [long]
      objective room 'harbormaster': 3 entries
      intent mismatch: room 'upper_deck' authored 'medium' but plays 'long' (37.9 m sightline)
      intent mismatch: room 'club_room' authored 'close' but plays 'long' (24.8 m sightline)
      intent mismatch: room 'harbormaster' authored 'close' but plays 'medium' (15.0 m sightline)
  sightlines: 2 overlay SVG(s) -> build/floorplans/
  -> OK

== marina_a03.json ==
  loader OK: 'marina_a03', 1 stories, 10 features, 0 assets
  scorecard for marina_a03 [assault]:
    floors: 1   rooms: 3   markers: 7
    attacker entries: 4   objective rooms: 1   breach points: 2
    vertical links: 1   unreachable rooms: 0
    routes to objective (min): 1   chokepoints: none
    errors: 0   warnings: 0
  poly estimate for marina_a03:
    ~588 tris across 29 mesh pieces (Environment budget: 50-500 target, 1000 cap per piece)
    biggest piece: ext_S_0 (~60 tris)
  enterability: 4 usable entry(s) (3 door/garage, 4 standing) on walls ['N', 'S', 'W']
  ENTRY-NOTE: entry swing/vault clearance on both faces is a walk-test fact ù offline can't confirm the space is physically clear.
  navigability (offline proxy) for marina_a03:
    narrow openings: 0   isolated rooms: 0   (authoritative check = bake a navmesh in Godot)
  ladder systems for marina_a03:
    ladders: 1   secondary-escape: 0   routes: room-graph   (a ladder is never ordinary egress; this is room-graph intel)
  pvp_heist profile for marina_a03:
    attackers: 2   defenders: 1   objective rooms: bonded_locker
    disjoint routes: 2   extraction via: extraction-facing exit (entry rooms)   protected rotation: yes
    flank: entries on faces ['N', 'S', 'W']   breaches: 2   stairs: 0   ladders: 1
  floorplan: 1 story SVG(s) -> build/floorplans/ (marina_a03.floor0.svg)
    [ground]  (187 samples)
      death lane (longest clear sightline): 35.1 m  [long]
      longest exposed approach (no cover within 2.5 m): 12.0 m
      objective room 'bonded_locker': 4 entries
      intent mismatch: room 'sales_floor' authored 'medium' but plays 'long' (34.6 m sightline)
      intent mismatch: room 'gear_hall' authored 'medium' but plays 'long' (23.7 m sightline)
      intent mismatch: room 'bonded_locker' authored 'close' but plays 'medium' (12.9 m sightline)
  sightlines: 1 overlay SVG(s) -> build/floorplans/
  -> OK

== market_hall_a01.json ==
  loader OK: 'market_hall_a01', 1 stories, 13 features, 0 assets
  scorecard for market_hall_a01 [assault]:
    floors: 1   rooms: 3   markers: 7
    attacker entries: 6   objective rooms: 1   breach points: 2
    vertical links: 1   unreachable rooms: 0
    routes to objective (min): 1   chokepoints: none
    errors: 0   warnings: 0
  poly estimate for market_hall_a01:
    ~792 tris across 40 mesh pieces (Environment budget: 50-500 target, 1000 cap per piece)
    biggest piece: ext_S_0 (~84 tris)
  enterability: 6 usable entry(s) (5 door/garage, 6 standing) on walls ['E', 'N', 'S', 'W']
  ENTRY-NOTE: entry swing/vault clearance on both faces is a walk-test fact ù offline can't confirm the space is physically clear.
  navigability (offline proxy) for market_hall_a01:
    narrow openings: 0   isolated rooms: 0   (authoritative check = bake a navmesh in Godot)
  ladder systems for market_hall_a01:
    ladders: 1   secondary-escape: 0   routes: room-graph   (a ladder is never ordinary egress; this is room-graph intel)
  pvp_heist profile for market_hall_a01:
    attackers: 2   defenders: 1   objective rooms: deposit_cage
    disjoint routes: 2   extraction via: extraction-facing exit (entry rooms)   protected rotation: yes
    flank: entries on faces ['E', 'N', 'S', 'W']   breaches: 2   stairs: 0   ladders: 1
  floorplan: 1 story SVG(s) -> build/floorplans/ (market_hall_a01.floor0.svg)
    [ground]  (220 samples)
      death lane (longest clear sightline): 49.9 m  [long]
      longest exposed approach (no cover within 2.5 m): 31.0 m
      objective room 'deposit_cage': 4 entries
      intent mismatch: room 'deposit_cage' authored 'close' but plays 'medium' (10.6 m sightline)
      intent mismatch: room 'loading_band' authored 'medium' but plays 'long' (36.3 m sightline)
  sightlines: 1 overlay SVG(s) -> build/floorplans/
  -> OK

== market_hall_a02.json ==
  loader OK: 'market_hall_a02', 1 stories, 12 features, 0 assets
  TACTICAL-WARN: stair #0 pitch 50deg is at/over the 45deg walkable limit -- the ramp collider won't be climbable. Lengthen run (>= 8.4m for ~35deg) or add a controller step-up.
  TACTICAL-WARN: stair #1 pitch 50deg is at/over the 45deg walkable limit -- the ramp collider won't be climbable. Lengthen run (>= 8.4m for ~35deg) or add a controller step-up.
  scorecard for market_hall_a02 [assault]:
    floors: 2   rooms: 4   markers: 7
    attacker entries: 6   objective rooms: 1   breach points: 2
    vertical links: 2   unreachable rooms: 0
    routes to objective (min): 1   chokepoints: none
    errors: 0   warnings: 0
  poly estimate for market_hall_a02:
    ~1176 tris across 72 mesh pieces (Environment budget: 50-500 target, 1000 cap per piece)
    biggest piece: ext_S_0 (~84 tris)
  enterability: 6 usable entry(s) (5 door/garage, 6 standing) on walls ['E', 'N', 'S', 'W']
  ENTRY-NOTE: entry swing/vault clearance on both faces is a walk-test fact ù offline can't confirm the space is physically clear.
  navigability (offline proxy) for market_hall_a02:
    narrow openings: 0   isolated rooms: 0   (authoritative check = bake a navmesh in Godot)
  stairwell systems for market_hall_a02:
    systems: 2   egress-role: 0   classified: 2   routes: room-graph   (authoritative check = walk it; this is room-graph intel)
  STAIR-WARN: STAIRWELL STAIR_LATERAL_OPEN: 'mh02_stair_n' S side of the flight is open (largest gap 5.10 m > 0.5 m envelope) -- a stair floating open in the floor plate: a body walks/is pushed off the side, and the shaft reads as a hole in the AI navmesh. Fix by relocating it against a wall/corridor (stair_place edge zones) or enclosing the side with a wall or guard along the full flight and landing. A guarded feature stair is fine; a bare mid-floor one is not.
  STAIR-WARN: STAIRWELL STAIR_LATERAL_OPEN: 'mh02_stair_n' N side of the flight is open (largest gap 5.10 m > 0.5 m envelope) -- a stair floating open in the floor plate: a body walks/is pushed off the side, and the shaft reads as a hole in the AI navmesh. Fix by relocating it against a wall/corridor (stair_place edge zones) or enclosing the side with a wall or guard along the full flight and landing. A guarded feature stair is fine; a bare mid-floor one is not.
  STAIR-WARN: STAIRWELL STAIR_NOT_ENCLOSED: 'mh02_stair_s' sits inside 'stall_floor' (role 'public_entry') on story 0, not a stairwell -- it reads as a stair sprouting in the middle of an open room. Enclose it in a dedicated stairwell/corridor room (role in ['connector', 'corridor', 'hall', 'hallway', 'service', 'stairwell']) with a doored approach.
  STAIR-WARN: STAIRWELL STAIR_LATERAL_OPEN: 'mh02_stair_s' S side of the flight is open (largest gap 5.10 m > 0.5 m envelope) -- a stair floating open in the floor plate: a body walks/is pushed off the side, and the shaft reads as a hole in the AI navmesh. Fix by relocating it against a wall/corridor (stair_place edge zones) or enclosing the side with a wall or guard along the full flight and landing. A guarded feature stair is fine; a bare mid-floor one is not.
  STAIR-WARN: STAIRWELL STAIR_LATERAL_OPEN: 'mh02_stair_s' N side of the flight is open (largest gap 5.10 m > 0.5 m envelope) -- a stair floating open in the floor plate: a body walks/is pushed off the side, and the shaft reads as a hole in the AI navmesh. Fix by relocating it against a wall/corridor (stair_place edge zones) or enclosing the side with a wall or guard along the full flight and landing. A guarded feature stair is fine; a bare mid-floor one is not.
  pvp_heist profile for market_hall_a02:
    attackers: 2   defenders: 1   objective rooms: cold_store
    disjoint routes: 3   extraction via: extraction-facing exit (entry rooms)   protected rotation: yes
    flank: entries on faces ['E', 'N', 'S', 'W']   breaches: 2   stairs: 2   ladders: 0
  floorplan: 2 story SVG(s) -> build/floorplans/ (market_hall_a02.floorB.svg, market_hall_a02.floor0.svg)
    [basement]  (200 samples)
      death lane (longest clear sightline): 43.2 m  [long]
      objective room 'cold_store': 2 entries
      intent mismatch: room 'under_hall' authored 'medium' but plays 'long' (34.5 m sightline)
      intent mismatch: room 'cold_store' authored 'close' but plays 'long' (34.5 m sightline)
    [ground]  (191 samples)
      death lane (longest clear sightline): 46.0 m  [long]
      intent mismatch: room 'loading_band' authored 'medium' but plays 'long' (42.7 m sightline)
  sightlines: 2 overlay SVG(s) -> build/floorplans/
  -> OK

== market_hall_a03.json ==
  loader OK: 'market_hall_a03', 2 stories, 13 features, 0 assets
  TACTICAL-WARN: stair #0 pitch 50deg is at/over the 45deg walkable limit -- the ramp collider won't be climbable. Lengthen run (>= 9.1m for ~35deg) or add a controller step-up.
  scorecard for market_hall_a03 [assault]:
    floors: 2   rooms: 5   markers: 7
    attacker entries: 6   objective rooms: 1   breach points: 2
    vertical links: 2   unreachable rooms: 0
    routes to objective (min): 1   chokepoints: none
    errors: 0   warnings: 0
  poly estimate for market_hall_a03:
    ~1272 tris across 72 mesh pieces (Environment budget: 50-500 target, 1000 cap per piece)
    biggest piece: ext_S_0 (~84 tris)
  enterability: 6 usable entry(s) (5 door/garage, 6 standing) on walls ['E', 'N', 'S', 'W']
  ENTRY-NOTE: entry swing/vault clearance on both faces is a walk-test fact ù offline can't confirm the space is physically clear.
  navigability (offline proxy) for market_hall_a03:
    narrow openings: 0   isolated rooms: 0   (authoritative check = bake a navmesh in Godot)
  stairwell systems for market_hall_a03:
    systems: 1   egress-role: 0   classified: 1   routes: room-graph   (authoritative check = walk it; this is room-graph intel)
  STAIR-WARN: STAIRWELL STAIR_NOT_ENCLOSED: 'mh03_stair_0' sits inside 'stall_floor' (role 'public_entry') on story 0, not a stairwell -- it reads as a stair sprouting in the middle of an open room. Enclose it in a dedicated stairwell/corridor room (role in ['connector', 'corridor', 'hall', 'hallway', 'service', 'stairwell']) with a doored approach.
  STAIR-WARN: STAIRWELL STAIR_LATERAL_OPEN: 'mh03_stair_0' W side of the flight is open (largest gap 5.50 m > 0.5 m envelope) -- a stair floating open in the floor plate: a body walks/is pushed off the side, and the shaft reads as a hole in the AI navmesh. Fix by relocating it against a wall/corridor (stair_place edge zones) or enclosing the side with a wall or guard along the full flight and landing. A guarded feature stair is fine; a bare mid-floor one is not.
  STAIR-WARN: STAIRWELL STAIR_LATERAL_OPEN: 'mh03_stair_0' E side of the flight is open (largest gap 5.50 m > 0.5 m envelope) -- a stair floating open in the floor plate: a body walks/is pushed off the side, and the shaft reads as a hole in the AI navmesh. Fix by relocating it against a wall/corridor (stair_place edge zones) or enclosing the side with a wall or guard along the full flight and landing. A guarded feature stair is fine; a bare mid-floor one is not.
  ladder systems for market_hall_a03:
    ladders: 1   secondary-escape: 0   routes: room-graph   (a ladder is never ordinary egress; this is room-graph intel)
  pvp_heist profile for market_hall_a03:
    attackers: 2   defenders: 1   objective rooms: mezz_office
    disjoint routes: 4   extraction via: extraction-facing exit (entry rooms)   protected rotation: yes
    flank: entries on faces ['E', 'N', 'S', 'W']   breaches: 2   stairs: 1   ladders: 1
  floorplan: 2 story SVG(s) -> build/floorplans/ (market_hall_a03.floor0.svg, market_hall_a03.floor1.svg)
    [ground]  (203 samples)
      death lane (longest clear sightline): 48.0 m  [long]
      intent mismatch: room 'loading_band' authored 'medium' but plays 'long' (45.2 m sightline)
    [floor 1]  (207 samples)
      death lane (longest clear sightline): 47.0 m  [long]
      objective room 'mezz_office': 3 entries
      intent mismatch: room 'upper_ring' authored 'medium' but plays 'long' (47.0 m sightline)
      intent mismatch: room 'upper_west' authored 'close' but plays 'long' (32.3 m sightline)
      intent mismatch: room 'mezz_office' authored 'close' but plays 'medium' (17.0 m sightline)
  sightlines: 2 overlay SVG(s) -> build/floorplans/
  -> OK

== museum_a01.json ==
  loader OK: 'museum_a01', 2 stories, 14 features, 0 assets
  TACTICAL-WARN: stair #0 pitch 50deg is at/over the 45deg walkable limit -- the ramp collider won't be climbable. Lengthen run (>= 7.6m for ~35deg) or add a controller step-up.
  TACTICAL-WARN: stair #1 pitch 50deg is at/over the 45deg walkable limit -- the ramp collider won't be climbable. Lengthen run (>= 7.6m for ~35deg) or add a controller step-up.
  scorecard for museum_a01 [assault]:
    floors: 2   rooms: 5   markers: 7
    attacker entries: 4   objective rooms: 1   breach points: 2
    vertical links: 2   unreachable rooms: 0
    routes to objective (min): 1   chokepoints: none
    errors: 0   warnings: 0
  poly estimate for museum_a01:
    ~1176 tris across 68 mesh pieces (Environment budget: 50-500 target, 1000 cap per piece)
    biggest piece: ext_S_0 (~84 tris)
  enterability: 4 usable entry(s) (3 door/garage, 4 standing) on walls ['E', 'S', 'W']
  ENTRY-NOTE: entry swing/vault clearance on both faces is a walk-test fact ù offline can't confirm the space is physically clear.
  navigability (offline proxy) for museum_a01:
    narrow openings: 0   isolated rooms: 0   (authoritative check = bake a navmesh in Godot)
  stairwell systems for museum_a01:
    systems: 2   egress-role: 0   classified: 2   routes: room-graph   (authoritative check = walk it; this is room-graph intel)
  STAIR-WARN: STAIRWELL STAIR_NOT_ENCLOSED: 'mu01_stair_w' sits inside 'upper_west' (role 'fortifiable') on story 1, not a stairwell -- it reads as a stair sprouting in the middle of an open room. Enclose it in a dedicated stairwell/corridor room (role in ['connector', 'corridor', 'hall', 'hallway', 'service', 'stairwell']) with a doored approach.
  STAIR-WARN: STAIRWELL STAIR_LATERAL_OPEN: 'mu01_stair_w' S side of the flight is open (largest gap 4.60 m > 0.5 m envelope) -- a stair floating open in the floor plate: a body walks/is pushed off the side, and the shaft reads as a hole in the AI navmesh. Fix by relocating it against a wall/corridor (stair_place edge zones) or enclosing the side with a wall or guard along the full flight and landing. A guarded feature stair is fine; a bare mid-floor one is not.
  STAIR-WARN: STAIRWELL STAIR_LATERAL_OPEN: 'mu01_stair_w' N side of the flight is open (largest gap 4.60 m > 0.5 m envelope) -- a stair floating open in the floor plate: a body walks/is pushed off the side, and the shaft reads as a hole in the AI navmesh. Fix by relocating it against a wall/corridor (stair_place edge zones) or enclosing the side with a wall or guard along the full flight and landing. A guarded feature stair is fine; a bare mid-floor one is not.
  STAIR-WARN: STAIRWELL STAIR_NOT_ENCLOSED: 'mu01_stair_e' sits inside 'great_hall' (role 'public_entry') on story 0, not a stairwell -- it reads as a stair sprouting in the middle of an open room. Enclose it in a dedicated stairwell/corridor room (role in ['connector', 'corridor', 'hall', 'hallway', 'service', 'stairwell']) with a doored approach.
  STAIR-WARN: STAIRWELL STAIR_LATERAL_OPEN: 'mu01_stair_e' S side of the flight is open (largest gap 4.60 m > 0.5 m envelope) -- a stair floating open in the floor plate: a body walks/is pushed off the side, and the shaft reads as a hole in the AI navmesh. Fix by relocating it against a wall/corridor (stair_place edge zones) or enclosing the side with a wall or guard along the full flight and landing. A guarded feature stair is fine; a bare mid-floor one is not.
  STAIR-WARN: STAIRWELL STAIR_LATERAL_OPEN: 'mu01_stair_e' N side of the flight is open (largest gap 4.60 m > 0.5 m envelope) -- a stair floating open in the floor plate: a body walks/is pushed off the side, and the shaft reads as a hole in the AI navmesh. Fix by relocating it against a wall/corridor (stair_place edge zones) or enclosing the side with a wall or guard along the full flight and landing. A guarded feature stair is fine; a bare mid-floor one is not.
  pvp_heist profile for museum_a01:
    attackers: 2   defenders: 1   objective rooms: special_exhibit
    disjoint routes: 4   extraction via: extraction-facing exit (entry rooms)   protected rotation: yes
    flank: entries on faces ['E', 'S', 'W']   breaches: 2   stairs: 2   ladders: 0
  floorplan: 2 story SVG(s) -> build/floorplans/ (museum_a01.floor0.svg, museum_a01.floor1.svg)
    [ground]  (192 samples)
      death lane (longest clear sightline): 50.4 m  [long]
      weak cover 'None': in LOS of 1/2 attacker spawns
      intent mismatch: room 'north_galleries' authored 'medium' but plays 'long' (46.9 m sightline)
    [floor 1]  (192 samples)
      death lane (longest clear sightline): 51.0 m  [long]
      objective room 'special_exhibit': 3 entries
      intent mismatch: room 'mezzanine' authored 'medium' but plays 'long' (49.3 m sightline)
      intent mismatch: room 'upper_west' authored 'close' but plays 'long' (32.3 m sightline)
      intent mismatch: room 'special_exhibit' authored 'close' but plays 'medium' (19.1 m sightline)
  sightlines: 2 overlay SVG(s) -> build/floorplans/
  -> OK

== museum_a02.json ==
  loader OK: 'museum_a02', 1 stories, 7 features, 0 assets
  TACTICAL-WARN: stair #0 pitch 50deg is at/over the 45deg walkable limit -- the ramp collider won't be climbable. Lengthen run (>= 7.0m for ~35deg) or add a controller step-up.
  TACTICAL-WARN: stair #1 pitch 50deg is at/over the 45deg walkable limit -- the ramp collider won't be climbable. Lengthen run (>= 7.0m for ~35deg) or add a controller step-up.
  scorecard for museum_a02 [assault]:
    floors: 2   rooms: 4   markers: 7
    attacker entries: 4   objective rooms: 1   breach points: 2
    vertical links: 2   unreachable rooms: 0
    routes to objective (min): 1   chokepoints: none
    errors: 0   warnings: 0
  poly estimate for museum_a02:
    ~900 tris across 57 mesh pieces (Environment budget: 50-500 target, 1000 cap per piece)
    biggest piece: ext_S_0 (~60 tris)
  enterability: 4 usable entry(s) (3 door/garage, 4 standing) on walls ['N', 'S', 'W']
  ENTRY-NOTE: entry swing/vault clearance on both faces is a walk-test fact ù offline can't confirm the space is physically clear.
  navigability (offline proxy) for museum_a02:
    narrow openings: 0   isolated rooms: 0   (authoritative check = bake a navmesh in Godot)
  stairwell systems for museum_a02:
    systems: 2   egress-role: 0   classified: 2   routes: room-graph   (authoritative check = walk it; this is room-graph intel)
  STAIR-WARN: STAIRWELL STAIR_LATERAL_OPEN: 'mu02_stair_n' S side of the flight is open (largest gap 4.20 m > 0.5 m envelope) -- a stair floating open in the floor plate: a body walks/is pushed off the side, and the shaft reads as a hole in the AI navmesh. Fix by relocating it against a wall/corridor (stair_place edge zones) or enclosing the side with a wall or guard along the full flight and landing. A guarded feature stair is fine; a bare mid-floor one is not.
  STAIR-WARN: STAIRWELL STAIR_LATERAL_OPEN: 'mu02_stair_n' N side of the flight is open (largest gap 4.20 m > 0.5 m envelope) -- a stair floating open in the floor plate: a body walks/is pushed off the side, and the shaft reads as a hole in the AI navmesh. Fix by relocating it against a wall/corridor (stair_place edge zones) or enclosing the side with a wall or guard along the full flight and landing. A guarded feature stair is fine; a bare mid-floor one is not.
  STAIR-WARN: STAIRWELL STAIR_NOT_ENCLOSED: 'mu02_stair_s' sits inside 'galleries' (role 'public_entry') on story 0, not a stairwell -- it reads as a stair sprouting in the middle of an open room. Enclose it in a dedicated stairwell/corridor room (role in ['connector', 'corridor', 'hall', 'hallway', 'service', 'stairwell']) with a doored approach.
  STAIR-WARN: STAIRWELL STAIR_LATERAL_OPEN: 'mu02_stair_s' S side of the flight is open (largest gap 4.20 m > 0.5 m envelope) -- a stair floating open in the floor plate: a body walks/is pushed off the side, and the shaft reads as a hole in the AI navmesh. Fix by relocating it against a wall/corridor (stair_place edge zones) or enclosing the side with a wall or guard along the full flight and landing. A guarded feature stair is fine; a bare mid-floor one is not.
  STAIR-WARN: STAIRWELL STAIR_LATERAL_OPEN: 'mu02_stair_s' N side of the flight is open (largest gap 4.20 m > 0.5 m envelope) -- a stair floating open in the floor plate: a body walks/is pushed off the side, and the shaft reads as a hole in the AI navmesh. Fix by relocating it against a wall/corridor (stair_place edge zones) or enclosing the side with a wall or guard along the full flight and landing. A guarded feature stair is fine; a bare mid-floor one is not.
  pvp_heist profile for museum_a02:
    attackers: 2   defenders: 1   objective rooms: art_storage
    disjoint routes: 3   extraction via: extraction-facing exit (entry rooms)   protected rotation: yes
    flank: entries on faces ['N', 'S', 'W']   breaches: 2   stairs: 2   ladders: 0
  floorplan: 2 story SVG(s) -> build/floorplans/ (museum_a02.floorB.svg, museum_a02.floor0.svg)
    [basement]  (230 samples)
      death lane (longest clear sightline): 46.1 m  [long]
      objective room 'art_storage': 2 entries
      intent mismatch: room 'archive_hall' authored 'medium' but plays 'long' (38.3 m sightline)
      intent mismatch: room 'art_storage' authored 'close' but plays 'long' (38.3 m sightline)
    [ground]  (223 samples)
      death lane (longest clear sightline): 50.8 m  [long]
      intent mismatch: room 'north_wing' authored 'medium' but plays 'long' (42.7 m sightline)
  sightlines: 2 overlay SVG(s) -> build/floorplans/
  -> OK

== museum_a03.json ==
  loader OK: 'museum_a03', 2 stories, 9 features, 0 assets
  TACTICAL-WARN: stair #0 pitch 50deg is at/over the 45deg walkable limit -- the ramp collider won't be climbable. Lengthen run (>= 7.0m for ~35deg) or add a controller step-up.
  scorecard for museum_a03 [assault]:
    floors: 2   rooms: 4   markers: 7
    attacker entries: 4   objective rooms: 1   breach points: 2
    vertical links: 2   unreachable rooms: 0
    routes to objective (min): 1   chokepoints: none
    errors: 0   warnings: 0
  poly estimate for museum_a03:
    ~960 tris across 56 mesh pieces (Environment budget: 50-500 target, 1000 cap per piece)
    biggest piece: ext_S_0 (~84 tris)
  enterability: 6 usable entry(s) (3 door/garage, 4 standing) on walls ['E', 'N', 'S']
  ENTRY-WARN: crouch-only entry on the S wall: 1.4 m tall.
  ENTRY-WARN: crouch-only entry on the S wall: 1.4 m tall.
  ENTRY-NOTE: entry swing/vault clearance on both faces is a walk-test fact ù offline can't confirm the space is physically clear.
  navigability (offline proxy) for museum_a03:
    narrow openings: 0   isolated rooms: 0   (authoritative check = bake a navmesh in Godot)
  stairwell systems for museum_a03:
    systems: 1   egress-role: 0   classified: 1   routes: room-graph   (authoritative check = walk it; this is room-graph intel)
  STAIR-WARN: STAIRWELL STAIR_NOT_ENCLOSED: 'mu03_stair_0' sits inside 'atrium' (role 'public_entry') on story 0, not a stairwell -- it reads as a stair sprouting in the middle of an open room. Enclose it in a dedicated stairwell/corridor room (role in ['connector', 'corridor', 'hall', 'hallway', 'service', 'stairwell']) with a doored approach.
  STAIR-WARN: STAIRWELL STAIR_LATERAL_OPEN: 'mu03_stair_0' S side of the flight is open (largest gap 4.20 m > 0.5 m envelope) -- a stair floating open in the floor plate: a body walks/is pushed off the side, and the shaft reads as a hole in the AI navmesh. Fix by relocating it against a wall/corridor (stair_place edge zones) or enclosing the side with a wall or guard along the full flight and landing. A guarded feature stair is fine; a bare mid-floor one is not.
  STAIR-WARN: STAIRWELL STAIR_LATERAL_OPEN: 'mu03_stair_0' N side of the flight is open (largest gap 4.20 m > 0.5 m envelope) -- a stair floating open in the floor plate: a body walks/is pushed off the side, and the shaft reads as a hole in the AI navmesh. Fix by relocating it against a wall/corridor (stair_place edge zones) or enclosing the side with a wall or guard along the full flight and landing. A guarded feature stair is fine; a bare mid-floor one is not.
  ladder systems for museum_a03:
    ladders: 1   secondary-escape: 0   routes: room-graph   (a ladder is never ordinary egress; this is room-graph intel)
  LADDER-WARN: LADDER: 'mu03_ladder_0' hatch ladder originates in 'upper_north' (role 'fortifiable') -- prefer a service, mechanical, or back-of-house room (spec s8.1).
  pvp_heist profile for museum_a03:
    attackers: 2   defenders: 1   objective rooms: artifact_wing
    disjoint routes: 3   extraction via: extraction-facing exit (entry rooms)   protected rotation: yes
    flank: entries on faces ['E', 'N', 'S']   breaches: 2   stairs: 1   ladders: 1
  floorplan: 2 story SVG(s) -> build/floorplans/ (museum_a03.floor0.svg, museum_a03.floor1.svg)
    [ground]  (174 samples)
      death lane (longest clear sightline): 41.9 m  [long]
      longest exposed approach (no cover within 2.5 m): 27.5 m
      objective room 'artifact_wing': 4 entries
      intent mismatch: room 'artifact_wing' authored 'close' but plays 'long' (30.4 m sightline)
    [floor 1]  (180 samples)
      death lane (longest clear sightline): 43.0 m  [long]
      intent mismatch: room 'upper_south' authored 'medium' but plays 'long' (40.8 m sightline)
      intent mismatch: room 'upper_north' authored 'close' but plays 'long' (40.8 m sightline)
  sightlines: 2 overlay SVG(s) -> build/floorplans/
  -> OK

== night_auto.json ==
  loader OK: 'night_auto', 2 stories, 17 features, 0 assets
  scorecard for night_auto [heist]:
    objectives: 1 (1 required)   entries: 6   markers: 9
    loot: 1 spawns, 3 bags, value 6000
    extraction zones: 1   secure/drop zones: 0   unreachable objectives: 0
    routes to objective (min): 1   chokepoints: none
    phases: ù
    errors: 0   warnings: 0
  poly estimate for night_auto:
    ~1164 tris across 67 mesh pieces (Environment budget: 50-500 target, 1000 cap per piece)
    biggest piece: ext_S_0 (~60 tris)
  enterability: 6 usable entry(s) (4 door/garage, 5 standing) on walls ['E', 'N', 'S', 'W']
  ENTRY-WARN: crouch-only entry on the W wall: 1.4 m tall.
  ENTRY-NOTE: entry swing/vault clearance on both faces is a walk-test fact ù offline can't confirm the space is physically clear.
  navigability (offline proxy) for night_auto:
    narrow openings: 6   isolated rooms: 0   (authoritative check = bake a navmesh in Godot)
  NAV-WARN: NAV: 6 opening(s) narrower than ~1.2m may block a 0.4m-radius nav agent: 1.10m door (ext S@0), 1.10m door (ext N@0), 1.10m door (ext E@0), 1.20m breach (ext N@1), 1.10m door (partition #0@0), 1.10m door (partition #0@0). (Widen, or confirm your agent radius is smaller; verify with a real navmesh.)
  stairwell systems for night_auto:
    systems: 1   egress-role: 0   classified: 1   routes: room-graph   (authoritative check = walk it; this is room-graph intel)
  STAIR-WARN: STAIRWELL STAIR_ACCESS_THROUGH_PROHIBITED_ROOM: 'night_auto_stair_0' on story 1 is approached through 'upper_office' (role 'objective_room') -- prohibited for a required stair (Rule 3).
  STAIR-WARN: STAIRWELL STAIR_LATERAL_OPEN: 'night_auto_stair_0' S side of the flight is open (largest gap 5.00 m > 0.5 m envelope) -- a stair floating open in the floor plate: a body walks/is pushed off the side, and the shaft reads as a hole in the AI navmesh. Fix by relocating it against a wall/corridor (stair_place edge zones) or enclosing the side with a wall or guard along the full flight and landing. A guarded feature stair is fine; a bare mid-floor one is not.
  STAIR-WARN: STAIRWELL STAIR_LATERAL_OPEN: 'night_auto_stair_0' N side of the flight is open (largest gap 5.00 m > 0.5 m envelope) -- a stair floating open in the floor plate: a body walks/is pushed off the side, and the shaft reads as a hole in the AI navmesh. Fix by relocating it against a wall/corridor (stair_place edge zones) or enclosing the side with a wall or guard along the full flight and landing. A guarded feature stair is fine; a bare mid-floor one is not.
  ladder systems for night_auto:
    ladders: 2   secondary-escape: 0   routes: room-graph   (a ladder is never ordinary egress; this is room-graph intel)
  LADDER-WARN: LADDER: 'night_auto_ladder_0' hatch ladder originates in 'upper_storage' (role 'fortifiable') -- prefer a service, mechanical, or back-of-house room (spec s8.1).
  LADDER-WARN: LADDER: 'night_auto_ladder_0' is an interior roof-hatch ladder with no access_control -- roof access is normally locked (locked_hatch / staff_room; Rule 13).
  floorplan: 2 story SVG(s) -> build/floorplans/ (night_auto.floor0.svg, night_auto.floor1.svg)
    [ground]  (204 samples)
      death lane (longest clear sightline): 28.0 m  [long]
      intent mismatch: room 'service_bay' authored 'medium' but plays 'long' (26.8 m sightline)
      intent mismatch: room 'parts_back' authored 'close' but plays 'long' (21.2 m sightline)
    [floor 1]  (204 samples)
      death lane (longest clear sightline): 28.6 m  [long]
      objective room 'upper_office': 2 entries
      intent mismatch: room 'upper_office' authored 'close' but plays 'long' (24.7 m sightline)
      intent mismatch: room 'upper_storage' authored 'close' but plays 'long' (25.6 m sightline)
  sightlines: 2 overlay SVG(s) -> build/floorplans/
  -> OK

== night_deli.json ==
  loader OK: 'night_deli', 2 stories, 34 features, 0 assets
  scorecard for night_deli [heist]:
    objectives: 3 (2 required)   entries: 7   markers: 34
    loot: 4 spawns, 7 bags, value 14700
    extraction zones: 1   secure/drop zones: 2   unreachable objectives: 0
    routes to objective (min): 1   chokepoints: none
    phases: loud, stealth
    errors: 0   warnings: 0
  poly estimate for night_deli:
    ~2076 tris across 117 mesh pieces (Environment budget: 50-500 target, 1000 cap per piece)
    biggest piece: ext_S_0 (~84 tris)
  enterability: 9 usable entry(s) (4 door/garage, 6 standing) on walls ['E', 'N', 'S', 'W']
  ENTRY-WARN: crouch-only entry on the S wall: 1.4 m tall.
  ENTRY-WARN: crouch-only entry on the E wall: 1.4 m tall.
  ENTRY-WARN: crouch-only entry on the E wall: 1.4 m tall.
  ENTRY-NOTE: entry swing/vault clearance on both faces is a walk-test fact ù offline can't confirm the space is physically clear.
  navigability (offline proxy) for night_deli:
    narrow openings: 7   isolated rooms: 0   (authoritative check = bake a navmesh in Godot)
  NAV-WARN: NAV: 7 opening(s) narrower than ~1.2m may block a 0.4m-radius nav agent: 1.20m door (ext S@0), 1.10m door (ext N@0), 1.10m door (partition #0@0), 1.10m door (partition #1@0), 1.10m door (partition #2@1), 1.10m door (partition #4@-1), 1.10m door (partition #5@-1). (Widen, or confirm your agent radius is smaller; verify with a real navmesh.)
  stairwell systems for night_deli:
    systems: 1   egress-role: 0   classified: 1   routes: room-graph   (authoritative check = walk it; this is room-graph intel)
  STAIR-WARN: STAIRWELL STAIR_NOT_ENCLOSED: 'night_deli_stair_0' sits inside 'cold_storage' (role 'loot_room') on story -1, not a stairwell -- it reads as a stair sprouting in the middle of an open room. Enclose it in a dedicated stairwell/corridor room (role in ['connector', 'corridor', 'hall', 'hallway', 'service', 'stairwell']) with a doored approach.
  STAIR-WARN: STAIRWELL STAIR_LATERAL_OPEN: 'night_deli_stair_0' W side of the flight is open (largest gap 4.22 m > 0.5 m envelope) -- a stair floating open in the floor plate: a body walks/is pushed off the side, and the shaft reads as a hole in the AI navmesh. Fix by relocating it against a wall/corridor (stair_place edge zones) or enclosing the side with a wall or guard along the full flight and landing. A guarded feature stair is fine; a bare mid-floor one is not.
  STAIR-WARN: STAIRWELL STAIR_LATERAL_OPEN: 'night_deli_stair_0' E side of the flight is open (largest gap 5.29 m > 0.5 m envelope) -- a stair floating open in the floor plate: a body walks/is pushed off the side, and the shaft reads as a hole in the AI navmesh. Fix by relocating it against a wall/corridor (stair_place edge zones) or enclosing the side with a wall or guard along the full flight and landing. A guarded feature stair is fine; a bare mid-floor one is not.
  ladder systems for night_deli:
    ladders: 2   secondary-escape: 0   routes: room-graph   (a ladder is never ordinary egress; this is room-graph intel)
  LADDER-WARN: LADDER: 'night_deli_ladder_0' is an interior roof-hatch ladder with no access_control -- roof access is normally locked (locked_hatch / staff_room; Rule 13).
  floorplan: 3 story SVG(s) -> build/floorplans/ (night_deli.floorB.svg, night_deli.floor0.svg, night_deli.floor1.svg)
    [basement]  (238 samples)
      death lane (longest clear sightline): 37.5 m  [long]
      objective room 'basement_vault': 2 entries
      intent mismatch: room 'basement_corridor' authored 'medium' but plays 'long' (21.6 m sightline)
      intent mismatch: room 'cold_storage' authored 'close' but plays 'long' (21.6 m sightline)
      intent mismatch: room 'basement_vault' authored 'close' but plays 'medium' (19.6 m sightline)
      intent mismatch: room 'utility_room' authored 'medium' but plays 'long' (20.4 m sightline)
    [ground]  (223 samples)
      death lane (longest clear sightline): 36.7 m  [long]
      longest exposed approach (no cover within 2.5 m): 14.0 m
      objective room 'deli_counter': 2 entries
      intent mismatch: room 'deli_counter' authored 'close' but plays 'medium' (10.8 m sightline)
      intent mismatch: room 'market_aisles' authored 'medium' but plays 'long' (21.3 m sightline)
      intent mismatch: room 'kitchen' authored 'close' but plays 'long' (20.1 m sightline)
      intent mismatch: room 'stairwell' authored 'close' but plays 'medium' (9.5 m sightline)
    [floor 1]  (238 samples)
      death lane (longest clear sightline): 37.0 m  [long]
      objective room 'manager_office': 2 entries
      objective room 'server_room': 3 entries
      intent mismatch: room 'manager_office' authored 'medium' but plays 'long' (21.2 m sightline)
      intent mismatch: room 'apartment_hideout' authored 'close' but plays 'long' (23.7 m sightline)
      intent mismatch: room 'server_room' authored 'medium' but plays 'long' (20.4 m sightline)
  sightlines: 3 overlay SVG(s) -> build/floorplans/
  -> OK

== night_pawn.json ==
  loader OK: 'night_pawn', 2 stories, 18 features, 0 assets
  scorecard for night_pawn [heist]:
    objectives: 1 (1 required)   entries: 5   markers: 9
    loot: 1 spawns, 2 bags, value 5000
    extraction zones: 1   secure/drop zones: 0   unreachable objectives: 0
    routes to objective (min): 1   chokepoints: none
    phases: ù
    errors: 0   warnings: 0
  poly estimate for night_pawn:
    ~1092 tris across 65 mesh pieces (Environment budget: 50-500 target, 1000 cap per piece)
    biggest piece: ext_S_0 (~60 tris)
  enterability: 6 usable entry(s) (3 door/garage, 4 standing) on walls ['E', 'N', 'S', 'W']
  ENTRY-WARN: crouch-only entry on the S wall: 1.4 m tall.
  ENTRY-WARN: crouch-only entry on the W wall: 1.4 m tall.
  ENTRY-NOTE: entry swing/vault clearance on both faces is a walk-test fact ù offline can't confirm the space is physically clear.
  navigability (offline proxy) for night_pawn:
    narrow openings: 6   isolated rooms: 0   (authoritative check = bake a navmesh in Godot)
  NAV-WARN: NAV: 6 opening(s) narrower than ~1.2m may block a 0.4m-radius nav agent: 1.10m door (ext N@0), 1.10m breach (ext N@0), 1.10m door (ext E@0), 1.20m breach (ext N@1), 1.10m door (partition #0@0), 1.10m door (partition #1@1). (Widen, or confirm your agent radius is smaller; verify with a real navmesh.)
  stairwell systems for night_pawn:
    systems: 1   egress-role: 0   classified: 1   routes: room-graph   (authoritative check = walk it; this is room-graph intel)
  STAIR-WARN: STAIRWELL STAIR_NOT_ENCLOSED: 'night_pawn_stair_0' sits inside 'shop_floor' (role 'public_entry') on story 0, not a stairwell -- it reads as a stair sprouting in the middle of an open room. Enclose it in a dedicated stairwell/corridor room (role in ['connector', 'corridor', 'hall', 'hallway', 'service', 'stairwell']) with a doored approach.
  STAIR-WARN: STAIRWELL STAIR_LATERAL_OPEN: 'night_pawn_stair_0' W side of the flight is open (largest gap 4.80 m > 0.5 m envelope) -- a stair floating open in the floor plate: a body walks/is pushed off the side, and the shaft reads as a hole in the AI navmesh. Fix by relocating it against a wall/corridor (stair_place edge zones) or enclosing the side with a wall or guard along the full flight and landing. A guarded feature stair is fine; a bare mid-floor one is not.
  STAIR-WARN: STAIRWELL STAIR_LATERAL_OPEN: 'night_pawn_stair_0' E side of the flight is open (largest gap 4.80 m > 0.5 m envelope) -- a stair floating open in the floor plate: a body walks/is pushed off the side, and the shaft reads as a hole in the AI navmesh. Fix by relocating it against a wall/corridor (stair_place edge zones) or enclosing the side with a wall or guard along the full flight and landing. A guarded feature stair is fine; a bare mid-floor one is not.
  STAIR-WARN: STAIRWELL STAIR_DOOR_OPENS_ONTO_TREAD: a door in partition @story 0 sits over 'night_pawn_stair_0' mid-run at (5.6, 2.0) -- doors belong on landings, never treads (Rule 4).
  ladder systems for night_pawn:
    ladders: 2   secondary-escape: 0   routes: room-graph   (a ladder is never ordinary egress; this is room-graph intel)
  LADDER-WARN: LADDER: 'night_pawn_ladder_0' hatch ladder originates in 'upper_storage' (role 'fortifiable') -- prefer a service, mechanical, or back-of-house room (spec s8.1).
  LADDER-WARN: LADDER: 'night_pawn_ladder_0' is an interior roof-hatch ladder with no access_control -- roof access is normally locked (locked_hatch / staff_room; Rule 13).
  floorplan: 2 story SVG(s) -> build/floorplans/ (night_pawn.floor0.svg, night_pawn.floor1.svg)
    [ground]  (99 samples)
      death lane (longest clear sightline): 17.1 m  [medium]
      objective room 'safe_room': 5 entries
      intent mismatch: room 'shop_floor' authored 'close' but plays 'medium' (16.8 m sightline)
      intent mismatch: room 'safe_room' authored 'close' but plays 'medium' (15.3 m sightline)
    [floor 1]  (110 samples)
      death lane (longest clear sightline): 19.8 m  [medium]
      intent mismatch: room 'apartment' authored 'close' but plays 'medium' (16.2 m sightline)
      intent mismatch: room 'upper_storage' authored 'close' but plays 'medium' (16.2 m sightline)
  sightlines: 2 overlay SVG(s) -> build/floorplans/
  -> OK

== office.json ==
  loader OK: 'office', 3 stories, 21 features, 0 assets
  TACTICAL-WARN: stair #0 pitch 42deg is steep (walkable but uncomfortable); run >= 5.0m gives a gentler ~35deg.
  scorecard for office [assault]:
    floors: 3   rooms: 6   markers: 8
    attacker entries: 5   objective rooms: 1   breach points: 1
    vertical links: 1   unreachable rooms: 0
    routes to objective (min): 1   chokepoints: floor_1
    errors: 0   warnings: 0
  poly estimate for office:
    ~1104 tris across 60 mesh pieces (Environment budget: 50-500 target, 1000 cap per piece)
    biggest piece: ext_S_0 (~108 tris)
  enterability: 8 usable entry(s) (4 door/garage, 8 standing) on walls ['E', 'N', 'S', 'W']
  ENTRY-NOTE: entry swing/vault clearance on both faces is a walk-test fact ù offline can't confirm the space is physically clear.
  navigability (offline proxy) for office:
    narrow openings: 4   isolated rooms: 0   (authoritative check = bake a navmesh in Godot)
  NAV-WARN: NAV: 4 opening(s) narrower than ~1.2m may block a 0.4m-radius nav agent: 1.20m door (ext N@0), 1.20m door (ext W@0), 1.10m door (partition #0@2), 1.10m door (partition #1@2). (Widen, or confirm your agent radius is smaller; verify with a real navmesh.)
  stairwell systems for office:
    systems: 1   egress-role: 0   classified: 1   routes: room-graph   (authoritative check = walk it; this is room-graph intel)
  STAIR-WARN: STAIRWELL STAIR_NOT_ENCLOSED: 'office_stair_0' sits inside 'lobby' (role 'public_entry') on story 0, not a stairwell -- it reads as a stair sprouting in the middle of an open room. Enclose it in a dedicated stairwell/corridor room (role in ['connector', 'corridor', 'hall', 'hallway', 'service', 'stairwell']) with a doored approach.
  STAIR-WARN: STAIRWELL STAIR_LATERAL_OPEN: 'office_stair_0' W side of the flight is open (largest gap 4.00 m > 0.5 m envelope) -- a stair floating open in the floor plate: a body walks/is pushed off the side, and the shaft reads as a hole in the AI navmesh. Fix by relocating it against a wall/corridor (stair_place edge zones) or enclosing the side with a wall or guard along the full flight and landing. A guarded feature stair is fine; a bare mid-floor one is not.
  STAIR-WARN: STAIRWELL STAIR_LATERAL_OPEN: 'office_stair_0' E side of the flight is open (largest gap 4.00 m > 0.5 m envelope) -- a stair floating open in the floor plate: a body walks/is pushed off the side, and the shaft reads as a hole in the AI navmesh. Fix by relocating it against a wall/corridor (stair_place edge zones) or enclosing the side with a wall or guard along the full flight and landing. A guarded feature stair is fine; a bare mid-floor one is not.
  STAIR-WARN: STAIRWELL STAIR_OPENING_UNGUARDED: 'office_stair_0' N edge of the reserved opening is unguarded (largest gap 3.20 m > 0.5 m envelope) -- a body on the upper floor can walk into the stairwell; guard every floor-opening edge except the stair mouth (Rule 4).
  STAIR-WARN: STAIRWELL STAIR_LOW_ARCHETYPE_FIT: 'office_stair_0' at (0, 0) sits in none of 'office_lowrise''s candidate zones (core_edge, corridor_end, perimeter_bay, exterior_corner) -- see stair_place.py for a placement proposal.
  floorplan: 3 story SVG(s) -> build/floorplans/ (office.floor0.svg, office.floor1.svg, office.floor2.svg)
    [ground]  (183 samples)
      death lane (longest clear sightline): 37.9 m  [long]
      weak cover 'CUBE_W0': in LOS of 2/2 attacker spawns
      weak cover 'CUBE_E0': in LOS of 2/2 attacker spawns
      weak cover 'RECEPTION': in LOS of 2/2 attacker spawns
    [floor 1]  (184 samples)
      death lane (longest clear sightline): 39.1 m  [long]
    [floor 2]  (184 samples)
      death lane (longest clear sightline): 37.9 m  [long]
      objective room 'exec_suite': 2 entries
      intent mismatch: room 'exec_anteroom' authored 'close' but plays 'medium' (16.2 m sightline)
      intent mismatch: room 'exec_suite' authored 'close' but plays 'medium' (8.7 m sightline)
  sightlines: 3 overlay SVG(s) -> build/floorplans/
  -> OK

== parking_garage.json ==
  loader OK: 'parking_garage', 2 stories, 36 features, 0 assets
  scorecard for parking_garage [assault]:
    floors: 2   rooms: 4   markers: 8
    attacker entries: 7   objective rooms: 1   breach points: 1
    vertical links: 1   unreachable rooms: 0
    routes to objective (min): 1   chokepoints: none
    errors: 0   warnings: 0
  poly estimate for parking_garage:
    ~1044 tris across 53 mesh pieces (Environment budget: 50-500 target, 1000 cap per piece)
    biggest piece: ext_S_0 (~84 tris)
  enterability: 7 usable entry(s) (6 door/garage, 7 standing) on walls ['E', 'N', 'S', 'W']
  ENTRY-NOTE: entry swing/vault clearance on both faces is a walk-test fact ù offline can't confirm the space is physically clear.
  navigability (offline proxy) for parking_garage:
    narrow openings: 6   isolated rooms: 0   (authoritative check = bake a navmesh in Godot)
  NAV-WARN: NAV: 6 opening(s) narrower than ~1.2m may block a 0.4m-radius nav agent: 1.10m door (ext S@0), 1.10m door (ext N@0), 1.10m door (ext W@0), 1.10m door (ext E@0), 1.00m door (partition #0@0), 1.00m door (partition #1@0). (Widen, or confirm your agent radius is smaller; verify with a real navmesh.)
  stairwell systems for parking_garage:
    systems: 1   egress-role: 1   classified: 1   routes: room-graph   (authoritative check = walk it; this is room-graph intel)
  STAIR-WARN: STAIRWELL STAIR_LATERAL_OPEN: 'parking_garage_stair_0' S side of the flight is open (largest gap 3.75 m > 0.5 m envelope) -- a stair floating open in the floor plate: a body walks/is pushed off the side, and the shaft reads as a hole in the AI navmesh. Fix by relocating it against a wall/corridor (stair_place edge zones) or enclosing the side with a wall or guard along the full flight and landing. A guarded feature stair is fine; a bare mid-floor one is not.
  STAIR-WARN: STAIRWELL STAIR_LATERAL_OPEN: 'parking_garage_stair_0' N side of the flight is open (largest gap 4.00 m > 0.5 m envelope) -- a stair floating open in the floor plate: a body walks/is pushed off the side, and the shaft reads as a hole in the AI navmesh. Fix by relocating it against a wall/corridor (stair_place edge zones) or enclosing the side with a wall or guard along the full flight and landing. A guarded feature stair is fine; a bare mid-floor one is not.
  floorplan: 2 story SVG(s) -> build/floorplans/ (parking_garage.floor0.svg, parking_garage.floor1.svg)
    [ground]  (225 samples)
      death lane (longest clear sightline): 44.2 m  [long]
      longest exposed approach (no cover within 2.5 m): 24.0 m
      objective room 'attendant_booth': 2 entries
    [floor 1]  (225 samples)
      death lane (longest clear sightline): 42.9 m  [long]
  sightlines: 2 overlay SVG(s) -> build/floorplans/
  -> OK

== parking_garage_a01.json ==
  loader OK: 'parking_garage_a01', 2 stories, 36 features, 0 assets
  scorecard for parking_garage_a01 [assault]:
    floors: 2   rooms: 4   markers: 9
    attacker entries: 6   objective rooms: 1   breach points: 1
    vertical links: 1   unreachable rooms: 0
    routes to objective (min): 1   chokepoints: none
    errors: 0   warnings: 0
  poly estimate for parking_garage_a01:
    ~1020 tris across 53 mesh pieces (Environment budget: 50-500 target, 1000 cap per piece)
    biggest piece: ext_S_0 (~84 tris)
  enterability: 6 usable entry(s) (5 door/garage, 6 standing) on walls ['N', 'S', 'W']
  ENTRY-NOTE: entry swing/vault clearance on both faces is a walk-test fact ù offline can't confirm the space is physically clear.
  navigability (offline proxy) for parking_garage_a01:
    narrow openings: 0   isolated rooms: 0   (authoritative check = bake a navmesh in Godot)
  stairwell systems for parking_garage_a01:
    systems: 1   egress-role: 1   classified: 1   routes: room-graph   (authoritative check = walk it; this is room-graph intel)
  STAIR-WARN: STAIRWELL STAIR_LATERAL_OPEN: 'parking_garage_stair_0' S side of the flight is open (largest gap 3.75 m > 0.5 m envelope) -- a stair floating open in the floor plate: a body walks/is pushed off the side, and the shaft reads as a hole in the AI navmesh. Fix by relocating it against a wall/corridor (stair_place edge zones) or enclosing the side with a wall or guard along the full flight and landing. A guarded feature stair is fine; a bare mid-floor one is not.
  STAIR-WARN: STAIRWELL STAIR_LATERAL_OPEN: 'parking_garage_stair_0' N side of the flight is open (largest gap 4.00 m > 0.5 m envelope) -- a stair floating open in the floor plate: a body walks/is pushed off the side, and the shaft reads as a hole in the AI navmesh. Fix by relocating it against a wall/corridor (stair_place edge zones) or enclosing the side with a wall or guard along the full flight and landing. A guarded feature stair is fine; a bare mid-floor one is not.
  pvp_heist profile for parking_garage_a01:
    attackers: 2   defenders: 1   objective rooms: attendant_booth
    disjoint routes: 3   extraction via: extraction-facing exit (entry rooms)   protected rotation: yes
    flank: entries on faces ['N', 'S', 'W']   breaches: 1   stairs: 1   ladders: 0
  floorplan: 2 story SVG(s) -> build/floorplans/ (parking_garage_a01.floor0.svg, parking_garage_a01.floor1.svg)
    [ground]  (225 samples)
      death lane (longest clear sightline): 44.2 m  [long]
      longest exposed approach (no cover within 2.5 m): 24.5 m
      objective room 'attendant_booth': 2 entries
    [floor 1]  (225 samples)
      death lane (longest clear sightline): 42.9 m  [long]
  sightlines: 2 overlay SVG(s) -> build/floorplans/
  -> OK

== parking_garage_a02.json ==
  loader OK: 'parking_garage_a02', 2 stories, 39 features, 0 assets
  scorecard for parking_garage_a02 [assault]:
    floors: 2   rooms: 6   markers: 9
    attacker entries: 6   objective rooms: 1   breach points: 2
    vertical links: 1   unreachable rooms: 0
    routes to objective (min): 1   chokepoints: none
    errors: 0   warnings: 0
  poly estimate for parking_garage_a02:
    ~1140 tris across 57 mesh pieces (Environment budget: 50-500 target, 1000 cap per piece)
    biggest piece: ext_S_0 (~84 tris)
  enterability: 6 usable entry(s) (5 door/garage, 6 standing) on walls ['E', 'N', 'S', 'W']
  ENTRY-NOTE: entry swing/vault clearance on both faces is a walk-test fact ù offline can't confirm the space is physically clear.
  navigability (offline proxy) for parking_garage_a02:
    narrow openings: 0   isolated rooms: 0   (authoritative check = bake a navmesh in Godot)
  stairwell systems for parking_garage_a02:
    systems: 1   egress-role: 1   classified: 1   routes: room-graph   (authoritative check = walk it; this is room-graph intel)
  STAIR-WARN: STAIRWELL STAIR_LATERAL_OPEN: 'parking_garage_stair_0' S side of the flight is open (largest gap 3.75 m > 0.5 m envelope) -- a stair floating open in the floor plate: a body walks/is pushed off the side, and the shaft reads as a hole in the AI navmesh. Fix by relocating it against a wall/corridor (stair_place edge zones) or enclosing the side with a wall or guard along the full flight and landing. A guarded feature stair is fine; a bare mid-floor one is not.
  STAIR-WARN: STAIRWELL STAIR_LATERAL_OPEN: 'parking_garage_stair_0' N side of the flight is open (largest gap 4.00 m > 0.5 m envelope) -- a stair floating open in the floor plate: a body walks/is pushed off the side, and the shaft reads as a hole in the AI navmesh. Fix by relocating it against a wall/corridor (stair_place edge zones) or enclosing the side with a wall or guard along the full flight and landing. A guarded feature stair is fine; a bare mid-floor one is not.
  pvp_heist profile for parking_garage_a02:
    attackers: 2   defenders: 1   objective rooms: armored_pen
    disjoint routes: 3   extraction via: extraction-facing exit (entry rooms)   protected rotation: yes
    flank: entries on faces ['E', 'N', 'S', 'W']   breaches: 2   stairs: 1   ladders: 0
  floorplan: 2 story SVG(s) -> build/floorplans/ (parking_garage_a02.floor0.svg, parking_garage_a02.floor1.svg)
    [ground]  (175 samples)
      death lane (longest clear sightline): 44.5 m  [long]
    [floor 1]  (179 samples)
      death lane (longest clear sightline): 47.4 m  [long]
      objective room 'armored_pen': 3 entries
      intent mismatch: room 'deck_1_west' authored 'medium' but plays 'long' (23.3 m sightline)
      intent mismatch: room 'armored_pen' authored 'close' but plays 'medium' (15.7 m sightline)
  sightlines: 2 overlay SVG(s) -> build/floorplans/
  -> OK

== pawn_shop_a01.json ==
  loader OK: 'pawn_shop_a01', 2 stories, 18 features, 0 assets
  TACTICAL-WARN: stair #0 pitch 40deg is steep (walkable but uncomfortable); run >= 4.8m gives a gentler ~35deg.
  scorecard for pawn_shop_a01 [assault]:
    floors: 2   rooms: 4   markers: 7
    attacker entries: 5   objective rooms: 1   breach points: 2
    vertical links: 3   unreachable rooms: 0
    routes to objective (min): 1   chokepoints: none
    errors: 0   warnings: 0
  poly estimate for pawn_shop_a01:
    ~1092 tris across 65 mesh pieces (Environment budget: 50-500 target, 1000 cap per piece)
    biggest piece: ext_S_0 (~60 tris)
  enterability: 6 usable entry(s) (3 door/garage, 4 standing) on walls ['E', 'N', 'S', 'W']
  ENTRY-WARN: crouch-only entry on the S wall: 1.4 m tall.
  ENTRY-WARN: crouch-only entry on the W wall: 1.4 m tall.
  ENTRY-NOTE: entry swing/vault clearance on both faces is a walk-test fact ù offline can't confirm the space is physically clear.
  navigability (offline proxy) for pawn_shop_a01:
    narrow openings: 2   isolated rooms: 0   (authoritative check = bake a navmesh in Godot)
  NAV-WARN: NAV: 2 opening(s) narrower than ~1.2m may block a 0.4m-radius nav agent: 1.10m breach (ext N@0), 1.20m breach (ext N@1). (Widen, or confirm your agent radius is smaller; verify with a real navmesh.)
  stairwell systems for pawn_shop_a01:
    systems: 1   egress-role: 0   classified: 1   routes: room-graph   (authoritative check = walk it; this is room-graph intel)
  STAIR-WARN: STAIRWELL STAIR_NOT_ENCLOSED: 'pw01_stair_0' sits inside 'shop_floor' (role 'public_entry') on story 0, not a stairwell -- it reads as a stair sprouting in the middle of an open room. Enclose it in a dedicated stairwell/corridor room (role in ['connector', 'corridor', 'hall', 'hallway', 'service', 'stairwell']) with a doored approach.
  STAIR-WARN: STAIRWELL STAIR_LATERAL_OPEN: 'pw01_stair_0' N side of the flight is open (largest gap 4.00 m > 0.5 m envelope) -- a stair floating open in the floor plate: a body walks/is pushed off the side, and the shaft reads as a hole in the AI navmesh. Fix by relocating it against a wall/corridor (stair_place edge zones) or enclosing the side with a wall or guard along the full flight and landing. A guarded feature stair is fine; a bare mid-floor one is not.
  ladder systems for pawn_shop_a01:
    ladders: 2   secondary-escape: 0   routes: room-graph   (a ladder is never ordinary egress; this is room-graph intel)
  LADDER-WARN: LADDER: 'night_pawn_ladder_0' hatch ladder originates in 'upper_storage' (role 'fortifiable') -- prefer a service, mechanical, or back-of-house room (spec s8.1).
  LADDER-WARN: LADDER: 'night_pawn_ladder_0' is an interior roof-hatch ladder with no access_control -- roof access is normally locked (locked_hatch / staff_room; Rule 13).
  pvp_heist profile for pawn_shop_a01:
    attackers: 2   defenders: 1   objective rooms: safe_room
    disjoint routes: 2   extraction via: extraction-facing exit (entry rooms)   protected rotation: yes
    flank: entries on faces ['E', 'N', 'S']   breaches: 2   stairs: 1   ladders: 2
  floorplan: 2 story SVG(s) -> build/floorplans/ (pawn_shop_a01.floor0.svg, pawn_shop_a01.floor1.svg)
    [ground]  (99 samples)
      death lane (longest clear sightline): 17.1 m  [medium]
      longest exposed approach (no cover within 2.5 m): 15.0 m
      objective room 'safe_room': 5 entries
      intent mismatch: room 'shop_floor' authored 'close' but plays 'medium' (16.8 m sightline)
      intent mismatch: room 'safe_room' authored 'close' but plays 'medium' (15.3 m sightline)
    [floor 1]  (110 samples)
      death lane (longest clear sightline): 19.8 m  [medium]
      intent mismatch: room 'apartment' authored 'close' but plays 'medium' (16.2 m sightline)
      intent mismatch: room 'upper_storage' authored 'close' but plays 'medium' (16.2 m sightline)
  sightlines: 2 overlay SVG(s) -> build/floorplans/
  -> OK

== pawn_shop_a02.json ==
  loader OK: 'pawn_shop_a02', 2 stories, 8 features, 0 assets
  TACTICAL-WARN: stair #0 pitch 39deg is steep (walkable but uncomfortable); run >= 4.5m gives a gentler ~35deg.
  scorecard for pawn_shop_a02 [assault]:
    floors: 2   rooms: 5   markers: 7
    attacker entries: 3   objective rooms: 1   breach points: 2
    vertical links: 1   unreachable rooms: 0
    routes to objective (min): 1   chokepoints: none
    errors: 0   warnings: 0
  poly estimate for pawn_shop_a02:
    ~588 tris across 25 mesh pieces (Environment budget: 50-500 target, 1000 cap per piece)
    biggest piece: ext_S_0 (~60 tris)
  enterability: 4 usable entry(s) (2 door/garage, 3 standing) on walls ['E', 'N', 'S']
  ENTRY-WARN: crouch-only entry on the S wall: 1.4 m tall.
  ENTRY-NOTE: entry swing/vault clearance on both faces is a walk-test fact ù offline can't confirm the space is physically clear.
  navigability (offline proxy) for pawn_shop_a02:
    narrow openings: 0   isolated rooms: 0   (authoritative check = bake a navmesh in Godot)
  stairwell systems for pawn_shop_a02:
    systems: 1   egress-role: 0   classified: 1   routes: room-graph   (authoritative check = walk it; this is room-graph intel)
  STAIR-WARN: STAIRWELL STAIR_NOT_ENCLOSED: 'pw02_stair_0' sits inside 'upper_flat' (role 'fortifiable') on story 1, not a stairwell -- it reads as a stair sprouting in the middle of an open room. Enclose it in a dedicated stairwell/corridor room (role in ['connector', 'corridor', 'hall', 'hallway', 'service', 'stairwell']) with a doored approach.
  STAIR-WARN: STAIRWELL STAIR_LATERAL_OPEN: 'pw02_stair_0' N side of the flight is open (largest gap 4.00 m > 0.5 m envelope) -- a stair floating open in the floor plate: a body walks/is pushed off the side, and the shaft reads as a hole in the AI navmesh. Fix by relocating it against a wall/corridor (stair_place edge zones) or enclosing the side with a wall or guard along the full flight and landing. A guarded feature stair is fine; a bare mid-floor one is not.
  pvp_heist profile for pawn_shop_a02:
    attackers: 2   defenders: 1   objective rooms: lockup
    disjoint routes: 4   extraction via: extraction-facing exit (entry rooms)   protected rotation: yes
    flank: entries on faces ['E', 'N', 'S']   breaches: 2   stairs: 1   ladders: 0
  floorplan: 2 story SVG(s) -> build/floorplans/ (pawn_shop_a02.floor0.svg, pawn_shop_a02.floor1.svg)
    [ground]  (108 samples)
      death lane (longest clear sightline): 19.6 m  [medium]
      intent mismatch: room 'back_room' authored 'close' but plays 'medium' (16.8 m sightline)
    [floor 1]  (120 samples)
      death lane (longest clear sightline): 18.1 m  [medium]
      objective room 'lockup': 3 entries
      intent mismatch: room 'upper_flat' authored 'close' but plays 'medium' (10.8 m sightline)
      intent mismatch: room 'lockup' authored 'close' but plays 'medium' (8.5 m sightline)
  sightlines: 2 overlay SVG(s) -> build/floorplans/
  -> OK

== pharmacy_a01.json ==
  loader OK: 'pharmacy_a01', 1 stories, 8 features, 0 assets
  scorecard for pharmacy_a01 [assault]:
    floors: 1   rooms: 3   markers: 7
    attacker entries: 3   objective rooms: 1   breach points: 2
    vertical links: 0   unreachable rooms: 0
    routes to objective (min): 1   chokepoints: none
    errors: 0   warnings: 0
  poly estimate for pharmacy_a01:
    ~324 tris across 9 mesh pieces (Environment budget: 50-500 target, 1000 cap per piece)
    biggest piece: ext_S_0 (~60 tris)
  enterability: 4 usable entry(s) (2 door/garage, 3 standing) on walls ['E', 'N', 'S']
  ENTRY-WARN: crouch-only entry on the S wall: 1.4 m tall.
  ENTRY-NOTE: entry swing/vault clearance on both faces is a walk-test fact ù offline can't confirm the space is physically clear.
  navigability (offline proxy) for pharmacy_a01:
    narrow openings: 0   isolated rooms: 0   (authoritative check = bake a navmesh in Godot)
  pvp_heist profile for pharmacy_a01:
    attackers: 2   defenders: 1   objective rooms: rx_vault
    disjoint routes: 2   extraction via: extraction-facing exit (entry rooms)   protected rotation: yes
    flank: entries on faces ['E', 'N', 'S']   breaches: 2   stairs: 0   ladders: 0
  floorplan: 1 story SVG(s) -> build/floorplans/ (pharmacy_a01.floor0.svg)
    [ground]  (182 samples)
      death lane (longest clear sightline): 22.9 m  [long]
      longest exposed approach (no cover within 2.5 m): 10.0 m
      objective room 'rx_vault': 4 entries
      intent mismatch: room 'retail_floor' authored 'medium' but plays 'long' (22.5 m sightline)
      intent mismatch: room 'rx_counter' authored 'close' but plays 'medium' (16.2 m sightline)
      intent mismatch: room 'rx_vault' authored 'close' but plays 'medium' (8.5 m sightline)
  sightlines: 1 overlay SVG(s) -> build/floorplans/
  -> OK

== pharmacy_a02.json ==
  loader OK: 'pharmacy_a02', 1 stories, 7 features, 0 assets
  TACTICAL-WARN: stair #0 pitch 40deg is steep (walkable but uncomfortable); run >= 4.8m gives a gentler ~35deg.
  TACTICAL-WARN: stair #1 pitch 40deg is steep (walkable but uncomfortable); run >= 4.8m gives a gentler ~35deg.
  scorecard for pharmacy_a02 [assault]:
    floors: 2   rooms: 4   markers: 7
    attacker entries: 4   objective rooms: 1   breach points: 2
    vertical links: 2   unreachable rooms: 0
    routes to objective (min): 1   chokepoints: none
    errors: 0   warnings: 0
  poly estimate for pharmacy_a02:
    ~732 tris across 41 mesh pieces (Environment budget: 50-500 target, 1000 cap per piece)
    biggest piece: ext_S_0 (~60 tris)
  enterability: 6 usable entry(s) (3 door/garage, 4 standing) on walls ['N', 'S', 'W']
  ENTRY-WARN: crouch-only entry on the S wall: 1.4 m tall.
  ENTRY-WARN: crouch-only entry on the W wall: 1.4 m tall.
  ENTRY-NOTE: entry swing/vault clearance on both faces is a walk-test fact ù offline can't confirm the space is physically clear.
  navigability (offline proxy) for pharmacy_a02:
    narrow openings: 0   isolated rooms: 0   (authoritative check = bake a navmesh in Godot)
  stairwell systems for pharmacy_a02:
    systems: 2   egress-role: 0   classified: 2   routes: room-graph   (authoritative check = walk it; this is room-graph intel)
  STAIR-WARN: STAIRWELL STAIR_ACCESS_THROUGH_PROHIBITED_ROOM: 'ph02_stair_w' on story -1 is approached through 'schedule_vault' (role 'objective_room') -- prohibited for a required stair (Rule 3).
  STAIR-WARN: STAIRWELL STAIR_NOT_ENCLOSED: 'ph02_stair_w' sits inside 'rx_area' (role 'fortifiable') on story 0, not a stairwell -- it reads as a stair sprouting in the middle of an open room. Enclose it in a dedicated stairwell/corridor room (role in ['connector', 'corridor', 'hall', 'hallway', 'service', 'stairwell']) with a doored approach.
  STAIR-WARN: STAIRWELL STAIR_LATERAL_OPEN: 'ph02_stair_w' S side of the flight is open (largest gap 4.00 m > 0.5 m envelope) -- a stair floating open in the floor plate: a body walks/is pushed off the side, and the shaft reads as a hole in the AI navmesh. Fix by relocating it against a wall/corridor (stair_place edge zones) or enclosing the side with a wall or guard along the full flight and landing. A guarded feature stair is fine; a bare mid-floor one is not.
  STAIR-WARN: STAIRWELL STAIR_LATERAL_OPEN: 'ph02_stair_w' N side of the flight is open (largest gap 4.00 m > 0.5 m envelope) -- a stair floating open in the floor plate: a body walks/is pushed off the side, and the shaft reads as a hole in the AI navmesh. Fix by relocating it against a wall/corridor (stair_place edge zones) or enclosing the side with a wall or guard along the full flight and landing. A guarded feature stair is fine; a bare mid-floor one is not.
  STAIR-WARN: STAIRWELL STAIR_NOT_ENCLOSED: 'ph02_stair_e' sits inside 'retail_floor' (role 'public_entry') on story 0, not a stairwell -- it reads as a stair sprouting in the middle of an open room. Enclose it in a dedicated stairwell/corridor room (role in ['connector', 'corridor', 'hall', 'hallway', 'service', 'stairwell']) with a doored approach.
  STAIR-WARN: STAIRWELL STAIR_LATERAL_OPEN: 'ph02_stair_e' S side of the flight is open (largest gap 4.00 m > 0.5 m envelope) -- a stair floating open in the floor plate: a body walks/is pushed off the side, and the shaft reads as a hole in the AI navmesh. Fix by relocating it against a wall/corridor (stair_place edge zones) or enclosing the side with a wall or guard along the full flight and landing. A guarded feature stair is fine; a bare mid-floor one is not.
  STAIR-WARN: STAIRWELL STAIR_LATERAL_OPEN: 'ph02_stair_e' N side of the flight is open (largest gap 4.00 m > 0.5 m envelope) -- a stair floating open in the floor plate: a body walks/is pushed off the side, and the shaft reads as a hole in the AI navmesh. Fix by relocating it against a wall/corridor (stair_place edge zones) or enclosing the side with a wall or guard along the full flight and landing. A guarded feature stair is fine; a bare mid-floor one is not.
  pvp_heist profile for pharmacy_a02:
    attackers: 2   defenders: 1   objective rooms: schedule_vault
    disjoint routes: 3   extraction via: extraction-facing exit (entry rooms)   protected rotation: yes
    flank: entries on faces ['N', 'S', 'W']   breaches: 2   stairs: 2   ladders: 0
  floorplan: 2 story SVG(s) -> build/floorplans/ (pharmacy_a02.floorB.svg, pharmacy_a02.floor0.svg)
    [basement]  (238 samples)
      death lane (longest clear sightline): 26.6 m  [long]
      objective room 'schedule_vault': 2 entries
      intent mismatch: room 'stock_hall' authored 'medium' but plays 'long' (25.6 m sightline)
      intent mismatch: room 'schedule_vault' authored 'close' but plays 'long' (25.6 m sightline)
    [ground]  (238 samples)
      death lane (longest clear sightline): 28.0 m  [long]
      intent mismatch: room 'retail_floor' authored 'medium' but plays 'long' (26.8 m sightline)
      intent mismatch: room 'rx_area' authored 'close' but plays 'long' (24.7 m sightline)
  sightlines: 2 overlay SVG(s) -> build/floorplans/
  -> OK

== primos_pizza.json ==
  loader OK: 'primos_pizza', 2 stories, 42 features, 0 assets
  scorecard for primos_pizza [heist]:
    objectives: 1 (1 required)   entries: 4   markers: 13
    loot: 3 spawns, 7 bags, value 16300
    extraction zones: 1   secure/drop zones: 1   unreachable objectives: 0
    routes to objective (min): 1   chokepoints: none
    phases: ù
    errors: 0   warnings: 0
  poly estimate for primos_pizza:
    ~1932 tris across 115 mesh pieces (Environment budget: 50-500 target, 1000 cap per piece)
    biggest piece: ext_S_0 (~108 tris)
  enterability: 7 usable entry(s) (3 door/garage, 4 standing) on walls ['E', 'N', 'S', 'W']
  ENTRY-WARN: crouch-only entry on the S wall: 1.4 m tall.
  ENTRY-WARN: crouch-only entry on the S wall: 1.4 m tall.
  ENTRY-WARN: crouch-only entry on the W wall: 1.4 m tall.
  ENTRY-NOTE: entry swing/vault clearance on both faces is a walk-test fact ù offline can't confirm the space is physically clear.
  navigability (offline proxy) for primos_pizza:
    narrow openings: 7   isolated rooms: 0   (authoritative check = bake a navmesh in Godot)
  NAV-WARN: NAV: 7 opening(s) narrower than ~1.2m may block a 0.4m-radius nav agent: 1.20m door (ext E@0), 1.10m door (partition #0@0), 1.20m door (partition #1@0), 1.20m door (partition #1@0), 1.10m door (partition #2@0), 1.20m door (partition #4@1), 1.20m door (partition #6@-1). (Widen, or confirm your agent radius is smaller; verify with a real navmesh.)
  stairwell systems for primos_pizza:
    systems: 1   egress-role: 0   classified: 1   routes: room-graph   (authoritative check = walk it; this is room-graph intel)
  STAIR-WARN: STAIRWELL STAIR_NOT_ENCLOSED: 'primos_pizza_stair_0' sits inside 'stash_room' (role 'None') on story -1, not a stairwell -- it reads as a stair sprouting in the middle of an open room. Enclose it in a dedicated stairwell/corridor room (role in ['connector', 'corridor', 'hall', 'hallway', 'service', 'stairwell']) with a doored approach.
  STAIR-WARN: STAIRWELL STAIR_VOLUME_INVADED: 'primos_pizza_stair_0' reserved volume is occupied by volume 'supply_shelf' -- stair runs, landings, and discharge are reserved space, not leftover space (Rule 10).
  STAIR-WARN: STAIRWELL STAIR_LATERAL_OPEN: 'primos_pizza_stair_0' W side of the flight is open (largest gap 5.20 m > 0.5 m envelope) -- a stair floating open in the floor plate: a body walks/is pushed off the side, and the shaft reads as a hole in the AI navmesh. Fix by relocating it against a wall/corridor (stair_place edge zones) or enclosing the side with a wall or guard along the full flight and landing. A guarded feature stair is fine; a bare mid-floor one is not.
  STAIR-WARN: STAIRWELL STAIR_LATERAL_OPEN: 'primos_pizza_stair_0' E side of the flight is open (largest gap 4.85 m > 0.5 m envelope) -- a stair floating open in the floor plate: a body walks/is pushed off the side, and the shaft reads as a hole in the AI navmesh. Fix by relocating it against a wall/corridor (stair_place edge zones) or enclosing the side with a wall or guard along the full flight and landing. A guarded feature stair is fine; a bare mid-floor one is not.
  ladder systems for primos_pizza:
    ladders: 3   secondary-escape: 0   routes: room-graph   (a ladder is never ordinary egress; this is room-graph intel)
  floorplan: 3 story SVG(s) -> build/floorplans/ (primos_pizza.floorB.svg, primos_pizza.floor0.svg, primos_pizza.floor1.svg)
    [basement]  (124 samples)
      death lane (longest clear sightline): 22.5 m  [long]
      intent mismatch: room 'dough_cellar' authored 'close' but plays 'medium' (15.0 m sightline)
      intent mismatch: room 'stash_room' authored 'close' but plays 'medium' (15.0 m sightline)
    [ground]  (113 samples)
      death lane (longest clear sightline): 19.5 m  [medium]
      intent mismatch: room 'kitchen' authored 'close' but plays 'medium' (8.5 m sightline)
      intent mismatch: room 'rear_hall' authored 'close' but plays 'medium' (8.7 m sightline)
    [floor 1]  (115 samples)
      death lane (longest clear sightline): 19.8 m  [medium]
      objective room 'count_room': 2 entries
      intent mismatch: room 'count_room' authored 'close' but plays 'medium' (8.5 m sightline)
  sightlines: 3 overlay SVG(s) -> build/floorplans/
  -> OK

== pvp_station_ref.json ==
  loader OK: 'pvp_station_ref', 2 stories, 19 features, 0 assets
  TACTICAL-WARN: stair #0 pitch 42deg is steep (walkable but uncomfortable); run >= 5.0m gives a gentler ~35deg.
  scorecard for pvp_station_ref [assault]:
    floors: 2   rooms: 7   markers: 8
    attacker entries: 4   objective rooms: 1   breach points: 2
    vertical links: 3   unreachable rooms: 0
    routes to objective (min): 1   chokepoints: none
    errors: 0   warnings: 0
  poly estimate for pvp_station_ref:
    ~1188 tris across 57 mesh pieces (Environment budget: 50-500 target, 1000 cap per piece)
    biggest piece: ext_S_0 (~60 tris)
  enterability: 5 usable entry(s) (3 door/garage, 4 standing) on walls ['E', 'N', 'S', 'W']
  ENTRY-WARN: crouch-only entry on the S wall: 1.4 m tall.
  ENTRY-NOTE: entry swing/vault clearance on both faces is a walk-test fact ù offline can't confirm the space is physically clear.
  navigability (offline proxy) for pvp_station_ref:
    narrow openings: 0   isolated rooms: 0   (authoritative check = bake a navmesh in Godot)
  stairwell systems for pvp_station_ref:
    systems: 1   egress-role: 0   classified: 1   routes: room-graph   (authoritative check = walk it; this is room-graph intel)
  STAIR-WARN: STAIRWELL STAIR_NOT_ENCLOSED: '07_police_station_stair_0' sits inside 'holding_cells' (role 'fortifiable') on story 0, not a stairwell -- it reads as a stair sprouting in the middle of an open room. Enclose it in a dedicated stairwell/corridor room (role in ['connector', 'corridor', 'hall', 'hallway', 'service', 'stairwell']) with a doored approach.
  STAIR-WARN: STAIRWELL STAIR_LATERAL_OPEN: '07_police_station_stair_0' S side of the flight is open (largest gap 2.50 m > 0.5 m envelope) -- a stair floating open in the floor plate: a body walks/is pushed off the side, and the shaft reads as a hole in the AI navmesh. Fix by relocating it against a wall/corridor (stair_place edge zones) or enclosing the side with a wall or guard along the full flight and landing. A guarded feature stair is fine; a bare mid-floor one is not.
  STAIR-WARN: STAIRWELL STAIR_LATERAL_OPEN: '07_police_station_stair_0' N side of the flight is open (largest gap 4.00 m > 0.5 m envelope) -- a stair floating open in the floor plate: a body walks/is pushed off the side, and the shaft reads as a hole in the AI navmesh. Fix by relocating it against a wall/corridor (stair_place edge zones) or enclosing the side with a wall or guard along the full flight and landing. A guarded feature stair is fine; a bare mid-floor one is not.
  ladder systems for pvp_station_ref:
    ladders: 1   secondary-escape: 0   routes: room-graph   (a ladder is never ordinary egress; this is room-graph intel)
  pvp_heist profile for pvp_station_ref:
    attackers: 3   defenders: 1   objective rooms: armory
    disjoint routes: 8   extraction via: extraction-facing exit (entry rooms)   protected rotation: yes
    flank: entries on faces ['E', 'N', 'S', 'W']   breaches: 2   stairs: 1   ladders: 1
  floorplan: 3 story SVG(s) -> build/floorplans/ (pvp_station_ref.floor0.svg, pvp_station_ref.floor1.svg, pvp_station_ref.floor2.svg)
    [ground]  (191 samples)
      death lane (longest clear sightline): 35.3 m  [long]
      intent mismatch: room 'holding_cells' authored 'close' but plays 'medium' (15.0 m sightline)
    [floor 1]  (200 samples)
      death lane (longest clear sightline): 35.1 m  [long]
      objective room 'armory': 2 entries
      intent mismatch: room 'detective_offices' authored 'medium' but plays 'long' (35.1 m sightline)
      intent mismatch: room 'interrogation' authored 'close' but plays 'long' (22.8 m sightline)
      intent mismatch: room 'armory' authored 'close' but plays 'medium' (13.4 m sightline)
    [floor 2]  (0 samples)
      death lane (longest clear sightline): 0.0 m  [close]
  sightlines: 3 overlay SVG(s) -> build/floorplans/
  -> OK

== rail_station_a01.json ==
  loader OK: 'rail_station_a01', 2 stories, 11 features, 0 assets
  TACTICAL-WARN: stair #0 pitch 50deg is at/over the 45deg walkable limit -- the ramp collider won't be climbable. Lengthen run (>= 6.4m for ~35deg) or add a controller step-up.
  TACTICAL-WARN: stair #1 pitch 50deg is at/over the 45deg walkable limit -- the ramp collider won't be climbable. Lengthen run (>= 6.4m for ~35deg) or add a controller step-up.
  scorecard for rail_station_a01 [assault]:
    floors: 2   rooms: 5   markers: 7
    attacker entries: 4   objective rooms: 1   breach points: 2
    vertical links: 2   unreachable rooms: 0
    routes to objective (min): 1   chokepoints: none
    errors: 0   warnings: 0
  poly estimate for rail_station_a01:
    ~1068 tris across 57 mesh pieces (Environment budget: 50-500 target, 1000 cap per piece)
    biggest piece: ext_S_0 (~84 tris)
  enterability: 4 usable entry(s) (3 door/garage, 4 standing) on walls ['N', 'S']
  ENTRY-NOTE: entry swing/vault clearance on both faces is a walk-test fact ù offline can't confirm the space is physically clear.
  navigability (offline proxy) for rail_station_a01:
    narrow openings: 0   isolated rooms: 0   (authoritative check = bake a navmesh in Godot)
  stairwell systems for rail_station_a01:
    systems: 2   egress-role: 0   classified: 2   routes: room-graph   (authoritative check = walk it; this is room-graph intel)
  STAIR-WARN: STAIRWELL STAIR_NOT_ENCLOSED: 'rs01_stair_w' sits inside 'fare_hall' (role 'public_entry') on story 0, not a stairwell -- it reads as a stair sprouting in the middle of an open room. Enclose it in a dedicated stairwell/corridor room (role in ['connector', 'corridor', 'hall', 'hallway', 'service', 'stairwell']) with a doored approach.
  STAIR-WARN: STAIRWELL STAIR_LATERAL_OPEN: 'rs01_stair_w' W side of the flight is open (largest gap 3.90 m > 0.5 m envelope) -- a stair floating open in the floor plate: a body walks/is pushed off the side, and the shaft reads as a hole in the AI navmesh. Fix by relocating it against a wall/corridor (stair_place edge zones) or enclosing the side with a wall or guard along the full flight and landing. A guarded feature stair is fine; a bare mid-floor one is not.
  STAIR-WARN: STAIRWELL STAIR_LATERAL_OPEN: 'rs01_stair_w' E side of the flight is open (largest gap 3.90 m > 0.5 m envelope) -- a stair floating open in the floor plate: a body walks/is pushed off the side, and the shaft reads as a hole in the AI navmesh. Fix by relocating it against a wall/corridor (stair_place edge zones) or enclosing the side with a wall or guard along the full flight and landing. A guarded feature stair is fine; a bare mid-floor one is not.
  STAIR-WARN: STAIRWELL STAIR_NOT_ENCLOSED: 'rs01_stair_e' sits inside 'fare_hall' (role 'public_entry') on story 0, not a stairwell -- it reads as a stair sprouting in the middle of an open room. Enclose it in a dedicated stairwell/corridor room (role in ['connector', 'corridor', 'hall', 'hallway', 'service', 'stairwell']) with a doored approach.
  STAIR-WARN: STAIRWELL STAIR_LATERAL_OPEN: 'rs01_stair_e' W side of the flight is open (largest gap 3.90 m > 0.5 m envelope) -- a stair floating open in the floor plate: a body walks/is pushed off the side, and the shaft reads as a hole in the AI navmesh. Fix by relocating it against a wall/corridor (stair_place edge zones) or enclosing the side with a wall or guard along the full flight and landing. A guarded feature stair is fine; a bare mid-floor one is not.
  STAIR-WARN: STAIRWELL STAIR_LATERAL_OPEN: 'rs01_stair_e' E side of the flight is open (largest gap 3.90 m > 0.5 m envelope) -- a stair floating open in the floor plate: a body walks/is pushed off the side, and the shaft reads as a hole in the AI navmesh. Fix by relocating it against a wall/corridor (stair_place edge zones) or enclosing the side with a wall or guard along the full flight and landing. A guarded feature stair is fine; a bare mid-floor one is not.
  pvp_heist profile for rail_station_a01:
    attackers: 2   defenders: 1   objective rooms: money_room
    disjoint routes: 3   extraction via: extraction-facing exit (entry rooms)   protected rotation: yes
    flank: entries on faces ['N', 'S']   breaches: 2   stairs: 2   ladders: 0
  floorplan: 2 story SVG(s) -> build/floorplans/ (rail_station_a01.floor0.svg, rail_station_a01.floor1.svg)
    [ground]  (232 samples)
      death lane (longest clear sightline): 45.5 m  [long]
      longest exposed approach (no cover within 2.5 m): 35.0 m
      objective room 'money_room': 4 entries
      intent mismatch: room 'money_room' authored 'close' but plays 'medium' (11.4 m sightline)
      intent mismatch: room 'service_hall' authored 'medium' but plays 'long' (30.1 m sightline)
    [floor 1]  (230 samples)
      death lane (longest clear sightline): 43.5 m  [long]
  sightlines: 2 overlay SVG(s) -> build/floorplans/
  -> OK

== rail_station_a02.json ==
  loader OK: 'rail_station_a02', 1 stories, 8 features, 0 assets
  TACTICAL-WARN: stair #0 pitch 50deg is at/over the 45deg walkable limit -- the ramp collider won't be climbable. Lengthen run (>= 7.0m for ~35deg) or add a controller step-up.
  TACTICAL-WARN: stair #1 pitch 50deg is at/over the 45deg walkable limit -- the ramp collider won't be climbable. Lengthen run (>= 7.0m for ~35deg) or add a controller step-up.
  scorecard for rail_station_a02 [assault]:
    floors: 2   rooms: 4   markers: 7
    attacker entries: 4   objective rooms: 1   breach points: 2
    vertical links: 2   unreachable rooms: 0
    routes to objective (min): 1   chokepoints: none
    errors: 0   warnings: 0
  poly estimate for rail_station_a02:
    ~936 tris across 58 mesh pieces (Environment budget: 50-500 target, 1000 cap per piece)
    biggest piece: ext_S_0 (~84 tris)
  enterability: 4 usable entry(s) (3 door/garage, 4 standing) on walls ['E', 'S', 'W']
  ENTRY-NOTE: entry swing/vault clearance on both faces is a walk-test fact ù offline can't confirm the space is physically clear.
  navigability (offline proxy) for rail_station_a02:
    narrow openings: 0   isolated rooms: 0   (authoritative check = bake a navmesh in Godot)
  stairwell systems for rail_station_a02:
    systems: 2   egress-role: 0   classified: 2   routes: room-graph   (authoritative check = walk it; this is room-graph intel)
  STAIR-WARN: STAIRWELL STAIR_LATERAL_OPEN: 'rs02_stair_n' S side of the flight is open (largest gap 4.20 m > 0.5 m envelope) -- a stair floating open in the floor plate: a body walks/is pushed off the side, and the shaft reads as a hole in the AI navmesh. Fix by relocating it against a wall/corridor (stair_place edge zones) or enclosing the side with a wall or guard along the full flight and landing. A guarded feature stair is fine; a bare mid-floor one is not.
  STAIR-WARN: STAIRWELL STAIR_LATERAL_OPEN: 'rs02_stair_n' N side of the flight is open (largest gap 4.20 m > 0.5 m envelope) -- a stair floating open in the floor plate: a body walks/is pushed off the side, and the shaft reads as a hole in the AI navmesh. Fix by relocating it against a wall/corridor (stair_place edge zones) or enclosing the side with a wall or guard along the full flight and landing. A guarded feature stair is fine; a bare mid-floor one is not.
  STAIR-WARN: STAIRWELL STAIR_NOT_ENCLOSED: 'rs02_stair_s' sits inside 'concourse' (role 'public_entry') on story 0, not a stairwell -- it reads as a stair sprouting in the middle of an open room. Enclose it in a dedicated stairwell/corridor room (role in ['connector', 'corridor', 'hall', 'hallway', 'service', 'stairwell']) with a doored approach.
  STAIR-WARN: STAIRWELL STAIR_LATERAL_OPEN: 'rs02_stair_s' S side of the flight is open (largest gap 4.20 m > 0.5 m envelope) -- a stair floating open in the floor plate: a body walks/is pushed off the side, and the shaft reads as a hole in the AI navmesh. Fix by relocating it against a wall/corridor (stair_place edge zones) or enclosing the side with a wall or guard along the full flight and landing. A guarded feature stair is fine; a bare mid-floor one is not.
  STAIR-WARN: STAIRWELL STAIR_LATERAL_OPEN: 'rs02_stair_s' N side of the flight is open (largest gap 4.20 m > 0.5 m envelope) -- a stair floating open in the floor plate: a body walks/is pushed off the side, and the shaft reads as a hole in the AI navmesh. Fix by relocating it against a wall/corridor (stair_place edge zones) or enclosing the side with a wall or guard along the full flight and landing. A guarded feature stair is fine; a bare mid-floor one is not.
  pvp_heist profile for rail_station_a02:
    attackers: 2   defenders: 1   objective rooms: fare_vault
    disjoint routes: 3   extraction via: extraction-facing exit (entry rooms)   protected rotation: yes
    flank: entries on faces ['E', 'S', 'W']   breaches: 2   stairs: 2   ladders: 0
  floorplan: 2 story SVG(s) -> build/floorplans/ (rail_station_a02.floorB.svg, rail_station_a02.floor0.svg)
    [basement]  (230 samples)
      death lane (longest clear sightline): 40.8 m  [long]
      objective room 'fare_vault': 2 entries
      intent mismatch: room 'vault_approach' authored 'medium' but plays 'long' (28.3 m sightline)
      intent mismatch: room 'fare_vault' authored 'close' but plays 'long' (31.9 m sightline)
    [ground]  (230 samples)
      death lane (longest clear sightline): 44.3 m  [long]
      intent mismatch: room 'agent_wing' authored 'medium' but plays 'long' (39.5 m sightline)
  sightlines: 2 overlay SVG(s) -> build/floorplans/
  -> OK

== rail_station_a03.json ==
  loader OK: 'rail_station_a03', 2 stories, 11 features, 0 assets
  TACTICAL-WARN: stair #0 pitch 50deg is at/over the 45deg walkable limit -- the ramp collider won't be climbable. Lengthen run (>= 6.4m for ~35deg) or add a controller step-up.
  scorecard for rail_station_a03 [assault]:
    floors: 2   rooms: 5   markers: 7
    attacker entries: 4   objective rooms: 1   breach points: 2
    vertical links: 2   unreachable rooms: 0
    routes to objective (min): 1   chokepoints: none
    errors: 0   warnings: 0
  poly estimate for rail_station_a03:
    ~972 tris across 55 mesh pieces (Environment budget: 50-500 target, 1000 cap per piece)
    biggest piece: ext_S_0 (~60 tris)
  enterability: 4 usable entry(s) (3 door/garage, 4 standing) on walls ['N', 'S', 'W']
  ENTRY-NOTE: entry swing/vault clearance on both faces is a walk-test fact ù offline can't confirm the space is physically clear.
  navigability (offline proxy) for rail_station_a03:
    narrow openings: 0   isolated rooms: 0   (authoritative check = bake a navmesh in Godot)
  stairwell systems for rail_station_a03:
    systems: 1   egress-role: 0   classified: 1   routes: room-graph   (authoritative check = walk it; this is room-graph intel)
  STAIR-WARN: STAIRWELL STAIR_NOT_ENCLOSED: 'rs03_stair_0' sits inside 'waiting_hall' (role 'public_entry') on story 0, not a stairwell -- it reads as a stair sprouting in the middle of an open room. Enclose it in a dedicated stairwell/corridor room (role in ['connector', 'corridor', 'hall', 'hallway', 'service', 'stairwell']) with a doored approach.
  STAIR-WARN: STAIRWELL STAIR_LATERAL_OPEN: 'rs03_stair_0' S side of the flight is open (largest gap 3.90 m > 0.5 m envelope) -- a stair floating open in the floor plate: a body walks/is pushed off the side, and the shaft reads as a hole in the AI navmesh. Fix by relocating it against a wall/corridor (stair_place edge zones) or enclosing the side with a wall or guard along the full flight and landing. A guarded feature stair is fine; a bare mid-floor one is not.
  STAIR-WARN: STAIRWELL STAIR_LATERAL_OPEN: 'rs03_stair_0' N side of the flight is open (largest gap 3.90 m > 0.5 m envelope) -- a stair floating open in the floor plate: a body walks/is pushed off the side, and the shaft reads as a hole in the AI navmesh. Fix by relocating it against a wall/corridor (stair_place edge zones) or enclosing the side with a wall or guard along the full flight and landing. A guarded feature stair is fine; a bare mid-floor one is not.
  ladder systems for rail_station_a03:
    ladders: 1   secondary-escape: 0   routes: room-graph   (a ladder is never ordinary egress; this is room-graph intel)
  pvp_heist profile for rail_station_a03:
    attackers: 2   defenders: 1   objective rooms: dispatch_office
    disjoint routes: 4   extraction via: extraction-facing exit (entry rooms)   protected rotation: yes
    flank: entries on faces ['N', 'S', 'W']   breaches: 2   stairs: 1   ladders: 1
  floorplan: 2 story SVG(s) -> build/floorplans/ (rail_station_a03.floor0.svg, rail_station_a03.floor1.svg)
    [ground]  (186 samples)
      death lane (longest clear sightline): 47.0 m  [long]
      intent mismatch: room 'north_gates' authored 'medium' but plays 'long' (45.2 m sightline)
    [floor 1]  (183 samples)
      death lane (longest clear sightline): 45.9 m  [long]
      objective room 'dispatch_office': 3 entries
      intent mismatch: room 'mezz_hall' authored 'medium' but plays 'long' (45.9 m sightline)
      intent mismatch: room 'office_row' authored 'close' but plays 'long' (31.3 m sightline)
      intent mismatch: room 'dispatch_office' authored 'close' but plays 'medium' (15.0 m sightline)
  sightlines: 2 overlay SVG(s) -> build/floorplans/
  -> OK

== rarity_demo.json ==
  loader OK: 'rarity_demo', 1 stories, 2 features, 0 assets
  TACTICAL-WARN: non-tactical spec (no rooms defined); tactical rules skipped
  poly estimate for rarity_demo:
    ~108 tris across 3 mesh pieces (Environment budget: 50-500 target, 1000 cap per piece)
    biggest piece: ext_S_0 (~60 tris)
  enterability: 3 usable entry(s) (1 door/garage, 2 standing) on walls ['E', 'S']
  ENTRY-WARN: crouch-only entry on the E wall: 1.4 m tall.
  ENTRY-NOTE: entry swing/vault clearance on both faces is a walk-test fact ù offline can't confirm the space is physically clear.
  navigability (offline proxy) for rarity_demo:
    narrow openings: 1   isolated rooms: 0   (authoritative check = bake a navmesh in Godot)
  NAV-WARN: NAV: 1 opening(s) narrower than ~1.2m may block a 0.4m-radius nav agent: 1.20m door (ext S@0). (Widen, or confirm your agent radius is smaller; verify with a real navmesh.)
  floorplan: 1 story SVG(s) -> build/floorplans/ (rarity_demo.floor0.svg)
    [ground]  (0 samples)
      death lane (longest clear sightline): 0.0 m  [close]
  sightlines: 1 overlay SVG(s) -> build/floorplans/
  -> OK

== rowhouse_raid.json ==
  loader OK: 'rowhouse_raid', 2 stories, 11 features, 0 assets
  TACTICAL-WARN: stair #0 pitch 39deg is steep (walkable but uncomfortable); run >= 4.5m gives a gentler ~35deg.
  scorecard for rowhouse_raid [assault]:
    floors: 3   rooms: 7   markers: 6
    attacker entries: 4   objective rooms: 1   breach points: 4
    vertical links: 4   unreachable rooms: 0
    routes to objective (min): 1   chokepoints: none
    errors: 0   warnings: 0
  poly estimate for rowhouse_raid:
    ~1092 tris across 67 mesh pieces (Environment budget: 50-500 target, 1000 cap per piece)
    biggest piece: ext_S_0 (~84 tris)
  enterability: 5 usable entry(s) (2 door/garage, 4 standing) on walls ['N', 'S']
  ENTRY-WARN: crouch-only entry on the S wall: 1.4 m tall.
  ENTRY-NOTE: entry swing/vault clearance on both faces is a walk-test fact ù offline can't confirm the space is physically clear.
  navigability (offline proxy) for rowhouse_raid:
    narrow openings: 3   isolated rooms: 0   (authoritative check = bake a navmesh in Godot)
  NAV-WARN: NAV: 3 opening(s) narrower than ~1.2m may block a 0.4m-radius nav agent: 1.10m door (ext S@0), 1.20m door (partition #0@0), 1.20m door (partition #1@1). (Widen, or confirm your agent radius is smaller; verify with a real navmesh.)
  stairwell systems for rowhouse_raid:
    systems: 1   egress-role: 0   classified: 1   routes: room-graph   (authoritative check = walk it; this is room-graph intel)
  STAIR-WARN: STAIRWELL STAIR_NOT_ENCLOSED: 'rowhouse_raid_stair_0' sits inside 'garage_bay' (role 'public_entry') on story 0, not a stairwell -- it reads as a stair sprouting in the middle of an open room. Enclose it in a dedicated stairwell/corridor room (role in ['connector', 'corridor', 'hall', 'hallway', 'service', 'stairwell']) with a doored approach.
  STAIR-WARN: STAIRWELL STAIR_LATERAL_OPEN: 'rowhouse_raid_stair_0' S side of the flight is open (largest gap 4.00 m > 0.5 m envelope) -- a stair floating open in the floor plate: a body walks/is pushed off the side, and the shaft reads as a hole in the AI navmesh. Fix by relocating it against a wall/corridor (stair_place edge zones) or enclosing the side with a wall or guard along the full flight and landing. A guarded feature stair is fine; a bare mid-floor one is not.
  STAIR-WARN: STAIRWELL STAIR_LATERAL_OPEN: 'rowhouse_raid_stair_0' N side of the flight is open (largest gap 4.00 m > 0.5 m envelope) -- a stair floating open in the floor plate: a body walks/is pushed off the side, and the shaft reads as a hole in the AI navmesh. Fix by relocating it against a wall/corridor (stair_place edge zones) or enclosing the side with a wall or guard along the full flight and landing. A guarded feature stair is fine; a bare mid-floor one is not.
  ladder systems for rowhouse_raid:
    ladders: 1   secondary-escape: 1   routes: room-graph   (a ladder is never ordinary egress; this is room-graph intel)
  LADDER-WARN: LADDER LEGACY_FIRE_ESCAPE_PROFILE: 'fire_escape_drop_ladder' counts as secondary escape -- this depends on an existing-building exception; confirm the profile allows it (s15.2).
  floorplan: 3 story SVG(s) -> build/floorplans/ (rowhouse_raid.floorB.svg, rowhouse_raid.floor0.svg, rowhouse_raid.floor1.svg)
    [basement]  (165 samples)
      death lane (longest clear sightline): 25.4 m  [long]
      objective room 'basement_vault': 1 entries  <- FUNNEL (single entry)
      intent mismatch: room 'basement_vault' authored 'close' but plays 'medium' (16.8 m sightline)
    [ground]  (174 samples)
      death lane (longest clear sightline): 23.5 m  [long]
      intent mismatch: room 'kitchen' authored 'close' but plays 'medium' (11.7 m sightline)
    [floor 1]  (180 samples)
      death lane (longest clear sightline): 25.0 m  [long]
      intent mismatch: room 'office' authored 'medium' but plays 'long' (20.4 m sightline)
      intent mismatch: room 'bedroom' authored 'close' but plays 'medium' (18.1 m sightline)
  sightlines: 3 overlay SVG(s) -> build/floorplans/
  -> OK

== self_storage_a01.json ==
  loader OK: 'self_storage_a01', 1 stories, 11 features, 0 assets
  scorecard for self_storage_a01 [assault]:
    floors: 1   rooms: 4   markers: 7
    attacker entries: 6   objective rooms: 1   breach points: 4
    vertical links: 1   unreachable rooms: 0
    routes to objective (min): 1   chokepoints: none
    errors: 0   warnings: 0
  poly estimate for self_storage_a01:
    ~660 tris across 27 mesh pieces (Environment budget: 50-500 target, 1000 cap per piece)
    biggest piece: partition_0_0 (~84 tris)
  enterability: 6 usable entry(s) (4 door/garage, 6 standing) on walls ['E', 'N', 'S', 'W']
  ENTRY-NOTE: entry swing/vault clearance on both faces is a walk-test fact ù offline can't confirm the space is physically clear.
  navigability (offline proxy) for self_storage_a01:
    narrow openings: 0   isolated rooms: 0   (authoritative check = bake a navmesh in Godot)
  ladder systems for self_storage_a01:
    ladders: 1   secondary-escape: 0   routes: room-graph   (a ladder is never ordinary egress; this is room-graph intel)
  pvp_heist profile for self_storage_a01:
    attackers: 2   defenders: 1   objective rooms: vault_unit
    disjoint routes: 2   extraction via: extraction-facing exit (entry rooms)   protected rotation: yes
    flank: entries on faces ['E', 'N', 'S', 'W']   breaches: 4   stairs: 0   ladders: 1
  floorplan: 1 story SVG(s) -> build/floorplans/ (self_storage_a01.floor0.svg)
    [ground]  (229 samples)
      death lane (longest clear sightline): 41.0 m  [long]
      longest exposed approach (no cover within 2.5 m): 27.5 m
      objective room 'vault_unit': 5 entries
      intent mismatch: room 'mid_aisle' authored 'medium' but plays 'long' (39.1 m sightline)
      intent mismatch: room 'north_aisle' authored 'medium' but plays 'long' (30.6 m sightline)
  sightlines: 1 overlay SVG(s) -> build/floorplans/
  -> OK

== self_storage_a02.json ==
  loader OK: 'self_storage_a02', 2 stories, 8 features, 0 assets
  TACTICAL-WARN: stair #0 pitch 39deg is steep (walkable but uncomfortable); run >= 4.5m gives a gentler ~35deg.
  scorecard for self_storage_a02 [assault]:
    floors: 2   rooms: 5   markers: 7
    attacker entries: 3   objective rooms: 1   breach points: 2
    vertical links: 1   unreachable rooms: 0
    routes to objective (min): 1   chokepoints: none
    errors: 0   warnings: 0
  poly estimate for self_storage_a02:
    ~588 tris across 25 mesh pieces (Environment budget: 50-500 target, 1000 cap per piece)
    biggest piece: ext_S_0 (~60 tris)
  enterability: 3 usable entry(s) (2 door/garage, 3 standing) on walls ['N', 'S', 'W']
  ENTRY-NOTE: entry swing/vault clearance on both faces is a walk-test fact ù offline can't confirm the space is physically clear.
  navigability (offline proxy) for self_storage_a02:
    narrow openings: 0   isolated rooms: 0   (authoritative check = bake a navmesh in Godot)
  stairwell systems for self_storage_a02:
    systems: 1   egress-role: 0   classified: 1   routes: room-graph   (authoritative check = walk it; this is room-graph intel)
  STAIR-WARN: STAIRWELL STAIR_NOT_ENCLOSED: 'ss02_stair_0' sits inside 'lobby_aisle' (role 'public_entry') on story 0, not a stairwell -- it reads as a stair sprouting in the middle of an open room. Enclose it in a dedicated stairwell/corridor room (role in ['connector', 'corridor', 'hall', 'hallway', 'service', 'stairwell']) with a doored approach.
  STAIR-WARN: STAIRWELL STAIR_LATERAL_OPEN: 'ss02_stair_0' W side of the flight is open (largest gap 4.00 m > 0.5 m envelope) -- a stair floating open in the floor plate: a body walks/is pushed off the side, and the shaft reads as a hole in the AI navmesh. Fix by relocating it against a wall/corridor (stair_place edge zones) or enclosing the side with a wall or guard along the full flight and landing. A guarded feature stair is fine; a bare mid-floor one is not.
  STAIR-WARN: STAIRWELL STAIR_LATERAL_OPEN: 'ss02_stair_0' E side of the flight is open (largest gap 4.00 m > 0.5 m envelope) -- a stair floating open in the floor plate: a body walks/is pushed off the side, and the shaft reads as a hole in the AI navmesh. Fix by relocating it against a wall/corridor (stair_place edge zones) or enclosing the side with a wall or guard along the full flight and landing. A guarded feature stair is fine; a bare mid-floor one is not.
  pvp_heist profile for self_storage_a02:
    attackers: 2   defenders: 1   objective rooms: corner_unit
    disjoint routes: 4   extraction via: extraction-facing exit (entry rooms)   protected rotation: yes
    flank: entries on faces ['N', 'S', 'W']   breaches: 2   stairs: 1   ladders: 0
  floorplan: 2 story SVG(s) -> build/floorplans/ (self_storage_a02.floor0.svg, self_storage_a02.floor1.svg)
    [ground]  (213 samples)
      death lane (longest clear sightline): 38.1 m  [long]
      weak cover 'None': in LOS of 1/2 attacker spawns
      intent mismatch: room 'lobby_aisle' authored 'medium' but plays 'long' (37.9 m sightline)
      intent mismatch: room 'ground_units' authored 'medium' but plays 'long' (37.1 m sightline)
    [floor 1]  (225 samples)
      death lane (longest clear sightline): 38.3 m  [long]
      objective room 'corner_unit': 3 entries
      intent mismatch: room 'upper_aisle' authored 'medium' but plays 'long' (37.9 m sightline)
      intent mismatch: room 'upper_units' authored 'close' but plays 'long' (25.6 m sightline)
      intent mismatch: room 'corner_unit' authored 'close' but plays 'medium' (15.0 m sightline)
  sightlines: 2 overlay SVG(s) -> build/floorplans/
  -> OK

== self_storage_a03.json ==
  loader OK: 'self_storage_a03', 1 stories, 6 features, 0 assets
  TACTICAL-WARN: stair #0 pitch 40deg is steep (walkable but uncomfortable); run >= 4.8m gives a gentler ~35deg.
  TACTICAL-WARN: stair #1 pitch 40deg is steep (walkable but uncomfortable); run >= 4.8m gives a gentler ~35deg.
  scorecard for self_storage_a03 [assault]:
    floors: 2   rooms: 4   markers: 7
    attacker entries: 4   objective rooms: 1   breach points: 2
    vertical links: 2   unreachable rooms: 0
    routes to objective (min): 1   chokepoints: none
    errors: 0   warnings: 0
  poly estimate for self_storage_a03:
    ~672 tris across 40 mesh pieces (Environment budget: 50-500 target, 1000 cap per piece)
    biggest piece: ext_S_0 (~60 tris)
  enterability: 4 usable entry(s) (3 door/garage, 4 standing) on walls ['E', 'S']
  ENTRY-NOTE: entry swing/vault clearance on both faces is a walk-test fact ù offline can't confirm the space is physically clear.
  navigability (offline proxy) for self_storage_a03:
    narrow openings: 0   isolated rooms: 0   (authoritative check = bake a navmesh in Godot)
  stairwell systems for self_storage_a03:
    systems: 2   egress-role: 0   classified: 2   routes: room-graph   (authoritative check = walk it; this is room-graph intel)
  STAIR-WARN: STAIRWELL STAIR_LATERAL_OPEN: 'ss03_stair_n' S side of the flight is open (largest gap 4.00 m > 0.5 m envelope) -- a stair floating open in the floor plate: a body walks/is pushed off the side, and the shaft reads as a hole in the AI navmesh. Fix by relocating it against a wall/corridor (stair_place edge zones) or enclosing the side with a wall or guard along the full flight and landing. A guarded feature stair is fine; a bare mid-floor one is not.
  STAIR-WARN: STAIRWELL STAIR_LATERAL_OPEN: 'ss03_stair_n' N side of the flight is open (largest gap 4.00 m > 0.5 m envelope) -- a stair floating open in the floor plate: a body walks/is pushed off the side, and the shaft reads as a hole in the AI navmesh. Fix by relocating it against a wall/corridor (stair_place edge zones) or enclosing the side with a wall or guard along the full flight and landing. A guarded feature stair is fine; a bare mid-floor one is not.
  STAIR-WARN: STAIRWELL STAIR_NOT_ENCLOSED: 'ss03_stair_s' sits inside 'ground_aisle' (role 'public_entry') on story 0, not a stairwell -- it reads as a stair sprouting in the middle of an open room. Enclose it in a dedicated stairwell/corridor room (role in ['connector', 'corridor', 'hall', 'hallway', 'service', 'stairwell']) with a doored approach.
  STAIR-WARN: STAIRWELL STAIR_LATERAL_OPEN: 'ss03_stair_s' S side of the flight is open (largest gap 4.00 m > 0.5 m envelope) -- a stair floating open in the floor plate: a body walks/is pushed off the side, and the shaft reads as a hole in the AI navmesh. Fix by relocating it against a wall/corridor (stair_place edge zones) or enclosing the side with a wall or guard along the full flight and landing. A guarded feature stair is fine; a bare mid-floor one is not.
  STAIR-WARN: STAIRWELL STAIR_LATERAL_OPEN: 'ss03_stair_s' N side of the flight is open (largest gap 4.00 m > 0.5 m envelope) -- a stair floating open in the floor plate: a body walks/is pushed off the side, and the shaft reads as a hole in the AI navmesh. Fix by relocating it against a wall/corridor (stair_place edge zones) or enclosing the side with a wall or guard along the full flight and landing. A guarded feature stair is fine; a bare mid-floor one is not.
  pvp_heist profile for self_storage_a03:
    attackers: 2   defenders: 1   objective rooms: climate_vault
    disjoint routes: 3   extraction via: extraction-facing exit (entry rooms)   protected rotation: yes
    flank: entries on faces ['E', 'S']   breaches: 2   stairs: 2   ladders: 0
  floorplan: 2 story SVG(s) -> build/floorplans/ (self_storage_a03.floorB.svg, self_storage_a03.floor0.svg)
    [basement]  (204 samples)
      death lane (longest clear sightline): 35.6 m  [long]
      objective room 'climate_vault': 2 entries
      intent mismatch: room 'cellar_aisle' authored 'medium' but plays 'long' (28.3 m sightline)
      intent mismatch: room 'climate_vault' authored 'close' but plays 'long' (28.3 m sightline)
    [ground]  (216 samples)
      death lane (longest clear sightline): 38.1 m  [long]
      intent mismatch: room 'ground_aisle' authored 'medium' but plays 'long' (37.0 m sightline)
      intent mismatch: room 'rear_units' authored 'medium' but plays 'long' (35.3 m sightline)
  sightlines: 2 overlay SVG(s) -> build/floorplans/
  -> OK

== stadium_a01.json ==
  loader OK: 'stadium_a01', 1 stories, 11 features, 0 assets
  TACTICAL-WARN: stair #0 pitch 49deg is at/over the 45deg walkable limit -- the ramp collider won't be climbable. Lengthen run (>= 7.7m for ~35deg) or add a controller step-up.
  TACTICAL-WARN: stair #1 pitch 49deg is at/over the 45deg walkable limit -- the ramp collider won't be climbable. Lengthen run (>= 7.7m for ~35deg) or add a controller step-up.
  scorecard for stadium_a01 [assault]:
    floors: 2   rooms: 4   markers: 7
    attacker entries: 6   objective rooms: 1   breach points: 2
    vertical links: 2   unreachable rooms: 0
    routes to objective (min): 1   chokepoints: none
    errors: 0   warnings: 0
  poly estimate for stadium_a01:
    ~1116 tris across 67 mesh pieces (Environment budget: 50-500 target, 1000 cap per piece)
    biggest piece: ext_S_0 (~84 tris)
  enterability: 6 usable entry(s) (5 door/garage, 6 standing) on walls ['E', 'N', 'S', 'W']
  ENTRY-NOTE: entry swing/vault clearance on both faces is a walk-test fact ù offline can't confirm the space is physically clear.
  navigability (offline proxy) for stadium_a01:
    narrow openings: 0   isolated rooms: 0   (authoritative check = bake a navmesh in Godot)
  stairwell systems for stadium_a01:
    systems: 2   egress-role: 0   classified: 2   routes: room-graph   (authoritative check = walk it; this is room-graph intel)
  STAIR-WARN: STAIRWELL STAIR_LATERAL_OPEN: 'st01_stair_n' S side of the flight is open (largest gap 4.70 m > 0.5 m envelope) -- a stair floating open in the floor plate: a body walks/is pushed off the side, and the shaft reads as a hole in the AI navmesh. Fix by relocating it against a wall/corridor (stair_place edge zones) or enclosing the side with a wall or guard along the full flight and landing. A guarded feature stair is fine; a bare mid-floor one is not.
  STAIR-WARN: STAIRWELL STAIR_LATERAL_OPEN: 'st01_stair_n' N side of the flight is open (largest gap 4.70 m > 0.5 m envelope) -- a stair floating open in the floor plate: a body walks/is pushed off the side, and the shaft reads as a hole in the AI navmesh. Fix by relocating it against a wall/corridor (stair_place edge zones) or enclosing the side with a wall or guard along the full flight and landing. A guarded feature stair is fine; a bare mid-floor one is not.
  STAIR-WARN: STAIRWELL STAIR_NOT_ENCLOSED: 'st01_stair_s' sits inside 'concourse' (role 'public_entry') on story 0, not a stairwell -- it reads as a stair sprouting in the middle of an open room. Enclose it in a dedicated stairwell/corridor room (role in ['connector', 'corridor', 'hall', 'hallway', 'service', 'stairwell']) with a doored approach.
  STAIR-WARN: STAIRWELL STAIR_LATERAL_OPEN: 'st01_stair_s' S side of the flight is open (largest gap 4.70 m > 0.5 m envelope) -- a stair floating open in the floor plate: a body walks/is pushed off the side, and the shaft reads as a hole in the AI navmesh. Fix by relocating it against a wall/corridor (stair_place edge zones) or enclosing the side with a wall or guard along the full flight and landing. A guarded feature stair is fine; a bare mid-floor one is not.
  STAIR-WARN: STAIRWELL STAIR_LATERAL_OPEN: 'st01_stair_s' N side of the flight is open (largest gap 4.70 m > 0.5 m envelope) -- a stair floating open in the floor plate: a body walks/is pushed off the side, and the shaft reads as a hole in the AI navmesh. Fix by relocating it against a wall/corridor (stair_place edge zones) or enclosing the side with a wall or guard along the full flight and landing. A guarded feature stair is fine; a bare mid-floor one is not.
  pvp_heist profile for stadium_a01:
    attackers: 2   defenders: 1   objective rooms: count_room
    disjoint routes: 3   extraction via: extraction-facing exit (entry rooms)   protected rotation: yes
    flank: entries on faces ['E', 'N', 'S', 'W']   breaches: 2   stairs: 2   ladders: 0
  floorplan: 2 story SVG(s) -> build/floorplans/ (stadium_a01.floorB.svg, stadium_a01.floor0.svg)
    [basement]  (228 samples)
      death lane (longest clear sightline): 56.4 m  [long]
      objective room 'count_room': 2 entries
      intent mismatch: room 'under_hall' authored 'medium' but plays 'long' (40.4 m sightline)
      intent mismatch: room 'count_room' authored 'close' but plays 'long' (40.4 m sightline)
    [ground]  (219 samples)
      death lane (longest clear sightline): 54.4 m  [long]
      intent mismatch: room 'ops_band' authored 'medium' but plays 'long' (54.3 m sightline)
  sightlines: 2 overlay SVG(s) -> build/floorplans/
  -> OK

== stadium_a02.json ==
  loader OK: 'stadium_a02', 1 stories, 11 features, 0 assets
  scorecard for stadium_a02 [assault]:
    floors: 1   rooms: 3   markers: 7
    attacker entries: 6   objective rooms: 1   breach points: 2
    vertical links: 1   unreachable rooms: 0
    routes to objective (min): 1   chokepoints: none
    errors: 0   warnings: 0
  poly estimate for stadium_a02:
    ~756 tris across 37 mesh pieces (Environment budget: 50-500 target, 1000 cap per piece)
    biggest piece: ext_S_0 (~84 tris)
  enterability: 6 usable entry(s) (5 door/garage, 6 standing) on walls ['E', 'N', 'S', 'W']
  ENTRY-NOTE: entry swing/vault clearance on both faces is a walk-test fact ù offline can't confirm the space is physically clear.
  navigability (offline proxy) for stadium_a02:
    narrow openings: 0   isolated rooms: 0   (authoritative check = bake a navmesh in Godot)
  ladder systems for stadium_a02:
    ladders: 1   secondary-escape: 0   routes: room-graph   (a ladder is never ordinary egress; this is room-graph intel)
  pvp_heist profile for stadium_a02:
    attackers: 2   defenders: 1   objective rooms: cage_room
    disjoint routes: 2   extraction via: extraction-facing exit (entry rooms)   protected rotation: yes
    flank: entries on faces ['E', 'N', 'S', 'W']   breaches: 2   stairs: 0   ladders: 1
  floorplan: 1 story SVG(s) -> build/floorplans/ (stadium_a02.floor0.svg)
    [ground]  (214 samples)
      death lane (longest clear sightline): 60.7 m  [long]
      longest exposed approach (no cover within 2.5 m): 33.5 m
      objective room 'cage_room': 4 entries
      intent mismatch: room 'cage_room' authored 'close' but plays 'medium' (12.7 m sightline)
      intent mismatch: room 'ops_band' authored 'medium' but plays 'long' (44.1 m sightline)
  sightlines: 1 overlay SVG(s) -> build/floorplans/
  -> OK

== stadium_a03.json ==
  loader OK: 'stadium_a03', 1 stories, 12 features, 0 assets
  TACTICAL-WARN: stair #0 pitch 50deg is at/over the 45deg walkable limit -- the ramp collider won't be climbable. Lengthen run (>= 7.0m for ~35deg) or add a controller step-up.
  TACTICAL-WARN: stair #1 pitch 50deg is at/over the 45deg walkable limit -- the ramp collider won't be climbable. Lengthen run (>= 7.0m for ~35deg) or add a controller step-up.
  scorecard for stadium_a03 [assault]:
    floors: 2   rooms: 4   markers: 7
    attacker entries: 6   objective rooms: 1   breach points: 2
    vertical links: 2   unreachable rooms: 0
    routes to objective (min): 1   chokepoints: none
    errors: 0   warnings: 0
  poly estimate for stadium_a03:
    ~1056 tris across 62 mesh pieces (Environment budget: 50-500 target, 1000 cap per piece)
    biggest piece: ext_S_0 (~84 tris)
  enterability: 6 usable entry(s) (5 door/garage, 6 standing) on walls ['E', 'N', 'S', 'W']
  ENTRY-NOTE: entry swing/vault clearance on both faces is a walk-test fact ù offline can't confirm the space is physically clear.
  navigability (offline proxy) for stadium_a03:
    narrow openings: 0   isolated rooms: 0   (authoritative check = bake a navmesh in Godot)
  stairwell systems for stadium_a03:
    systems: 2   egress-role: 0   classified: 2   routes: room-graph   (authoritative check = walk it; this is room-graph intel)
  STAIR-WARN: STAIRWELL STAIR_LATERAL_OPEN: 'st03_stair_n' S side of the flight is open (largest gap 4.20 m > 0.5 m envelope) -- a stair floating open in the floor plate: a body walks/is pushed off the side, and the shaft reads as a hole in the AI navmesh. Fix by relocating it against a wall/corridor (stair_place edge zones) or enclosing the side with a wall or guard along the full flight and landing. A guarded feature stair is fine; a bare mid-floor one is not.
  STAIR-WARN: STAIRWELL STAIR_LATERAL_OPEN: 'st03_stair_n' N side of the flight is open (largest gap 4.20 m > 0.5 m envelope) -- a stair floating open in the floor plate: a body walks/is pushed off the side, and the shaft reads as a hole in the AI navmesh. Fix by relocating it against a wall/corridor (stair_place edge zones) or enclosing the side with a wall or guard along the full flight and landing. A guarded feature stair is fine; a bare mid-floor one is not.
  STAIR-WARN: STAIRWELL STAIR_NOT_ENCLOSED: 'st03_stair_s' sits inside 'concourse' (role 'public_entry') on story 0, not a stairwell -- it reads as a stair sprouting in the middle of an open room. Enclose it in a dedicated stairwell/corridor room (role in ['connector', 'corridor', 'hall', 'hallway', 'service', 'stairwell']) with a doored approach.
  STAIR-WARN: STAIRWELL STAIR_LATERAL_OPEN: 'st03_stair_s' S side of the flight is open (largest gap 4.20 m > 0.5 m envelope) -- a stair floating open in the floor plate: a body walks/is pushed off the side, and the shaft reads as a hole in the AI navmesh. Fix by relocating it against a wall/corridor (stair_place edge zones) or enclosing the side with a wall or guard along the full flight and landing. A guarded feature stair is fine; a bare mid-floor one is not.
  STAIR-WARN: STAIRWELL STAIR_LATERAL_OPEN: 'st03_stair_s' N side of the flight is open (largest gap 4.20 m > 0.5 m envelope) -- a stair floating open in the floor plate: a body walks/is pushed off the side, and the shaft reads as a hole in the AI navmesh. Fix by relocating it against a wall/corridor (stair_place edge zones) or enclosing the side with a wall or guard along the full flight and landing. A guarded feature stair is fine; a bare mid-floor one is not.
  pvp_heist profile for stadium_a03:
    attackers: 2   defenders: 1   objective rooms: strong_room
    disjoint routes: 3   extraction via: extraction-facing exit (entry rooms)   protected rotation: yes
    flank: entries on faces ['E', 'N', 'S', 'W']   breaches: 2   stairs: 2   ladders: 0
  floorplan: 2 story SVG(s) -> build/floorplans/ (stadium_a03.floorB.svg, stadium_a03.floor0.svg)
    [basement]  (238 samples)
      death lane (longest clear sightline): 50.8 m  [long]
      objective room 'strong_room': 2 entries
      intent mismatch: room 'under_hall' authored 'medium' but plays 'long' (36.1 m sightline)
      intent mismatch: room 'strong_room' authored 'close' but plays 'long' (36.1 m sightline)
    [ground]  (229 samples)
      death lane (longest clear sightline): 52.6 m  [long]
      intent mismatch: room 'concourse' authored 'medium' but plays 'long' (49.9 m sightline)
      intent mismatch: room 'ops_band' authored 'medium' but plays 'long' (48.6 m sightline)
  sightlines: 2 overlay SVG(s) -> build/floorplans/
  -> OK

== stadium_a04.json ==
  loader OK: 'stadium_a04', 2 stories, 13 features, 0 assets
  TACTICAL-WARN: stair #0 pitch 50deg is at/over the 45deg walkable limit -- the ramp collider won't be climbable. Lengthen run (>= 7.0m for ~35deg) or add a controller step-up.
  scorecard for stadium_a04 [assault]:
    floors: 2   rooms: 5   markers: 7
    attacker entries: 6   objective rooms: 1   breach points: 2
    vertical links: 2   unreachable rooms: 0
    routes to objective (min): 1   chokepoints: none
    errors: 0   warnings: 0
  poly estimate for stadium_a04:
    ~1128 tris across 60 mesh pieces (Environment budget: 50-500 target, 1000 cap per piece)
    biggest piece: ext_S_0 (~84 tris)
  enterability: 6 usable entry(s) (5 door/garage, 6 standing) on walls ['E', 'N', 'S', 'W']
  ENTRY-NOTE: entry swing/vault clearance on both faces is a walk-test fact ù offline can't confirm the space is physically clear.
  navigability (offline proxy) for stadium_a04:
    narrow openings: 0   isolated rooms: 0   (authoritative check = bake a navmesh in Godot)
  stairwell systems for stadium_a04:
    systems: 1   egress-role: 0   classified: 1   routes: room-graph   (authoritative check = walk it; this is room-graph intel)
  STAIR-WARN: STAIRWELL STAIR_NOT_ENCLOSED: 'st04_stair_0' sits inside 'club_lobby' (role 'public_entry') on story 0, not a stairwell -- it reads as a stair sprouting in the middle of an open room. Enclose it in a dedicated stairwell/corridor room (role in ['connector', 'corridor', 'hall', 'hallway', 'service', 'stairwell']) with a doored approach.
  STAIR-WARN: STAIRWELL STAIR_LATERAL_OPEN: 'st04_stair_0' W side of the flight is open (largest gap 4.20 m > 0.5 m envelope) -- a stair floating open in the floor plate: a body walks/is pushed off the side, and the shaft reads as a hole in the AI navmesh. Fix by relocating it against a wall/corridor (stair_place edge zones) or enclosing the side with a wall or guard along the full flight and landing. A guarded feature stair is fine; a bare mid-floor one is not.
  STAIR-WARN: STAIRWELL STAIR_LATERAL_OPEN: 'st04_stair_0' E side of the flight is open (largest gap 4.20 m > 0.5 m envelope) -- a stair floating open in the floor plate: a body walks/is pushed off the side, and the shaft reads as a hole in the AI navmesh. Fix by relocating it against a wall/corridor (stair_place edge zones) or enclosing the side with a wall or guard along the full flight and landing. A guarded feature stair is fine; a bare mid-floor one is not.
  ladder systems for stadium_a04:
    ladders: 1   secondary-escape: 0   routes: room-graph   (a ladder is never ordinary egress; this is room-graph intel)
  pvp_heist profile for stadium_a04:
    attackers: 2   defenders: 1   objective rooms: premium_suite
    disjoint routes: 4   extraction via: extraction-facing exit (entry rooms)   protected rotation: yes
    flank: entries on faces ['E', 'N', 'S', 'W']   breaches: 2   stairs: 1   ladders: 1
  floorplan: 2 story SVG(s) -> build/floorplans/ (stadium_a04.floor0.svg, stadium_a04.floor1.svg)
    [ground]  (193 samples)
      death lane (longest clear sightline): 55.2 m  [long]
      intent mismatch: room 'ops_band' authored 'medium' but plays 'long' (51.1 m sightline)
    [floor 1]  (190 samples)
      death lane (longest clear sightline): 53.2 m  [long]
      objective room 'premium_suite': 3 entries
      intent mismatch: room 'upper_ring' authored 'medium' but plays 'long' (53.2 m sightline)
      intent mismatch: room 'upper_west' authored 'close' but plays 'long' (34.3 m sightline)
      intent mismatch: room 'premium_suite' authored 'close' but plays 'long' (21.2 m sightline)
  sightlines: 2 overlay SVG(s) -> build/floorplans/
  -> OK

== stop_n_go.json ==
  loader OK: 'stop_n_go', 1 stories, 12 features, 0 assets
  scorecard for stop_n_go [assault]:
    floors: 1   rooms: 4   markers: 7
    attacker entries: 4   objective rooms: 1   breach points: 2
    vertical links: 0   unreachable rooms: 0
    routes to objective (min): 1   chokepoints: none
    errors: 0   warnings: 0
  poly estimate for stop_n_go:
    ~444 tris across 13 mesh pieces (Environment budget: 50-500 target, 1000 cap per piece)
    biggest piece: ext_S_0 (~84 tris)
  enterability: 7 usable entry(s) (3 door/garage, 4 standing) on walls ['E', 'N', 'S', 'W']
  ENTRY-WARN: crouch-only entry on the S wall: 1.4 m tall.
  ENTRY-WARN: crouch-only entry on the S wall: 1.4 m tall.
  ENTRY-WARN: crouch-only entry on the W wall: 1.4 m tall.
  ENTRY-NOTE: entry swing/vault clearance on both faces is a walk-test fact ù offline can't confirm the space is physically clear.
  navigability (offline proxy) for stop_n_go:
    narrow openings: 7   isolated rooms: 0   (authoritative check = bake a navmesh in Godot)
  NAV-WARN: NAV: 7 opening(s) narrower than ~1.2m may block a 0.4m-radius nav agent: 1.00m door (ext N@0), 1.00m door (ext E@0), 1.20m door (partition #0@0), 1.20m door (partition #0@0), 1.00m door (partition #1@0), 1.20m breach (partition #1@0), 1.20m door (partition #2@0). (Widen, or confirm your agent radius is smaller; verify with a real navmesh.)
  floorplan: 1 story SVG(s) -> build/floorplans/ (stop_n_go.floor0.svg)
    [ground]  (159 samples)
      death lane (longest clear sightline): 21.8 m  [long]
      longest exposed approach (no cover within 2.5 m): 11.0 m
      objective room 'walkin_cooler': 5 entries
      weak cover 'None': in LOS of 1/2 attacker spawns
      intent mismatch: room 'back_hall' authored 'medium' but plays 'close' (5.4 m sightline)
  sightlines: 1 overlay SVG(s) -> build/floorplans/
  -> OK

== strip_club_a01.json ==
  loader OK: 'strip_club_a01', 1 stories, 7 features, 0 assets
  scorecard for strip_club_a01 [assault]:
    floors: 1   rooms: 3   markers: 7
    attacker entries: 4   objective rooms: 1   breach points: 2
    vertical links: 0   unreachable rooms: 0
    routes to objective (min): 1   chokepoints: none
    errors: 0   warnings: 0
  poly estimate for strip_club_a01:
    ~312 tris across 8 mesh pieces (Environment budget: 50-500 target, 1000 cap per piece)
    biggest piece: ext_S_0 (~60 tris)
  enterability: 4 usable entry(s) (3 door/garage, 4 standing) on walls ['E', 'N', 'S']
  ENTRY-NOTE: entry swing/vault clearance on both faces is a walk-test fact ù offline can't confirm the space is physically clear.
  navigability (offline proxy) for strip_club_a01:
    narrow openings: 0   isolated rooms: 0   (authoritative check = bake a navmesh in Godot)
  pvp_heist profile for strip_club_a01:
    attackers: 2   defenders: 1   objective rooms: cash_office
    disjoint routes: 2   extraction via: extraction-facing exit (entry rooms)   protected rotation: yes
    flank: entries on faces ['E', 'N', 'S']   breaches: 2   stairs: 0   ladders: 0
  floorplan: 1 story SVG(s) -> build/floorplans/ (strip_club_a01.floor0.svg)
    [ground]  (184 samples)
      death lane (longest clear sightline): 36.5 m  [long]
      longest exposed approach (no cover within 2.5 m): 22.0 m
      objective room 'cash_office': 5 entries
      intent mismatch: room 'main_floor' authored 'medium' but plays 'long' (35.1 m sightline)
      intent mismatch: room 'vip_wing' authored 'close' but plays 'long' (23.7 m sightline)
      intent mismatch: room 'cash_office' authored 'close' but plays 'medium' (10.8 m sightline)
  sightlines: 1 overlay SVG(s) -> build/floorplans/
  -> OK

== strip_club_a02.json ==
  loader OK: 'strip_club_a02', 1 stories, 7 features, 0 assets
  TACTICAL-WARN: stair #0 pitch 42deg is steep (walkable but uncomfortable); run >= 5.0m gives a gentler ~35deg.
  TACTICAL-WARN: stair #1 pitch 42deg is steep (walkable but uncomfortable); run >= 5.0m gives a gentler ~35deg.
  scorecard for strip_club_a02 [assault]:
    floors: 2   rooms: 4   markers: 7
    attacker entries: 4   objective rooms: 1   breach points: 2
    vertical links: 2   unreachable rooms: 0
    routes to objective (min): 1   chokepoints: none
    errors: 0   warnings: 0
  poly estimate for strip_club_a02:
    ~708 tris across 43 mesh pieces (Environment budget: 50-500 target, 1000 cap per piece)
    biggest piece: ext_W_0 (~60 tris)
  enterability: 4 usable entry(s) (3 door/garage, 4 standing) on walls ['N', 'S', 'W']
  ENTRY-NOTE: entry swing/vault clearance on both faces is a walk-test fact ù offline can't confirm the space is physically clear.
  navigability (offline proxy) for strip_club_a02:
    narrow openings: 0   isolated rooms: 0   (authoritative check = bake a navmesh in Godot)
  stairwell systems for strip_club_a02:
    systems: 2   egress-role: 0   classified: 2   routes: room-graph   (authoritative check = walk it; this is room-graph intel)
  STAIR-WARN: STAIRWELL STAIR_LATERAL_OPEN: 'sc02_stair_n' S side of the flight is open (largest gap 4.00 m > 0.5 m envelope) -- a stair floating open in the floor plate: a body walks/is pushed off the side, and the shaft reads as a hole in the AI navmesh. Fix by relocating it against a wall/corridor (stair_place edge zones) or enclosing the side with a wall or guard along the full flight and landing. A guarded feature stair is fine; a bare mid-floor one is not.
  STAIR-WARN: STAIRWELL STAIR_LATERAL_OPEN: 'sc02_stair_n' N side of the flight is open (largest gap 4.00 m > 0.5 m envelope) -- a stair floating open in the floor plate: a body walks/is pushed off the side, and the shaft reads as a hole in the AI navmesh. Fix by relocating it against a wall/corridor (stair_place edge zones) or enclosing the side with a wall or guard along the full flight and landing. A guarded feature stair is fine; a bare mid-floor one is not.
  STAIR-WARN: STAIRWELL STAIR_NOT_ENCLOSED: 'sc02_stair_s' sits inside 'main_floor' (role 'public_entry') on story 0, not a stairwell -- it reads as a stair sprouting in the middle of an open room. Enclose it in a dedicated stairwell/corridor room (role in ['connector', 'corridor', 'hall', 'hallway', 'service', 'stairwell']) with a doored approach.
  STAIR-WARN: STAIRWELL STAIR_LATERAL_OPEN: 'sc02_stair_s' S side of the flight is open (largest gap 4.00 m > 0.5 m envelope) -- a stair floating open in the floor plate: a body walks/is pushed off the side, and the shaft reads as a hole in the AI navmesh. Fix by relocating it against a wall/corridor (stair_place edge zones) or enclosing the side with a wall or guard along the full flight and landing. A guarded feature stair is fine; a bare mid-floor one is not.
  STAIR-WARN: STAIRWELL STAIR_LATERAL_OPEN: 'sc02_stair_s' N side of the flight is open (largest gap 4.00 m > 0.5 m envelope) -- a stair floating open in the floor plate: a body walks/is pushed off the side, and the shaft reads as a hole in the AI navmesh. Fix by relocating it against a wall/corridor (stair_place edge zones) or enclosing the side with a wall or guard along the full flight and landing. A guarded feature stair is fine; a bare mid-floor one is not.
  pvp_heist profile for strip_club_a02:
    attackers: 2   defenders: 1   objective rooms: count_room
    disjoint routes: 3   extraction via: extraction-facing exit (entry rooms)   protected rotation: yes
    flank: entries on faces ['N', 'S', 'W']   breaches: 2   stairs: 2   ladders: 0
  floorplan: 2 story SVG(s) -> build/floorplans/ (strip_club_a02.floorB.svg, strip_club_a02.floor0.svg)
    [basement]  (158 samples)
      death lane (longest clear sightline): 32.3 m  [long]
      objective room 'count_room': 2 entries
      intent mismatch: room 'cellar_hall' authored 'medium' but plays 'long' (24.2 m sightline)
      intent mismatch: room 'count_room' authored 'close' but plays 'long' (25.8 m sightline)
    [ground]  (158 samples)
      death lane (longest clear sightline): 33.3 m  [long]
      weak cover 'None': in LOS of 1/2 attacker spawns
      intent mismatch: room 'main_floor' authored 'medium' but plays 'long' (32.3 m sightline)
      intent mismatch: room 'back_rooms' authored 'close' but plays 'long' (30.6 m sightline)
  sightlines: 2 overlay SVG(s) -> build/floorplans/
  -> OK

== strip_club_a03.json ==
  loader OK: 'strip_club_a03', 2 stories, 8 features, 0 assets
  TACTICAL-WARN: stair #0 pitch 42deg is steep (walkable but uncomfortable); run >= 5.0m gives a gentler ~35deg.
  scorecard for strip_club_a03 [assault]:
    floors: 2   rooms: 5   markers: 7
    attacker entries: 3   objective rooms: 1   breach points: 2
    vertical links: 1   unreachable rooms: 0
    routes to objective (min): 1   chokepoints: none
    errors: 0   warnings: 0
  poly estimate for strip_club_a03:
    ~612 tris across 27 mesh pieces (Environment budget: 50-500 target, 1000 cap per piece)
    biggest piece: ext_S_0 (~60 tris)
  enterability: 3 usable entry(s) (2 door/garage, 3 standing) on walls ['E', 'S']
  ENTRY-NOTE: entry swing/vault clearance on both faces is a walk-test fact ù offline can't confirm the space is physically clear.
  navigability (offline proxy) for strip_club_a03:
    narrow openings: 0   isolated rooms: 0   (authoritative check = bake a navmesh in Godot)
  stairwell systems for strip_club_a03:
    systems: 1   egress-role: 0   classified: 1   routes: room-graph   (authoritative check = walk it; this is room-graph intel)
  STAIR-WARN: STAIRWELL STAIR_NOT_ENCLOSED: 'sc03_stair_0' sits inside 'main_floor' (role 'public_entry') on story 0, not a stairwell -- it reads as a stair sprouting in the middle of an open room. Enclose it in a dedicated stairwell/corridor room (role in ['connector', 'corridor', 'hall', 'hallway', 'service', 'stairwell']) with a doored approach.
  STAIR-WARN: STAIRWELL STAIR_LATERAL_OPEN: 'sc03_stair_0' W side of the flight is open (largest gap 4.00 m > 0.5 m envelope) -- a stair floating open in the floor plate: a body walks/is pushed off the side, and the shaft reads as a hole in the AI navmesh. Fix by relocating it against a wall/corridor (stair_place edge zones) or enclosing the side with a wall or guard along the full flight and landing. A guarded feature stair is fine; a bare mid-floor one is not.
  STAIR-WARN: STAIRWELL STAIR_LATERAL_OPEN: 'sc03_stair_0' E side of the flight is open (largest gap 4.00 m > 0.5 m envelope) -- a stair floating open in the floor plate: a body walks/is pushed off the side, and the shaft reads as a hole in the AI navmesh. Fix by relocating it against a wall/corridor (stair_place edge zones) or enclosing the side with a wall or guard along the full flight and landing. A guarded feature stair is fine; a bare mid-floor one is not.
  pvp_heist profile for strip_club_a03:
    attackers: 2   defenders: 1   objective rooms: mezz_office
    disjoint routes: 4   extraction via: extraction-facing exit (entry rooms)   protected rotation: yes
    flank: entries on faces ['E', 'S']   breaches: 2   stairs: 1   ladders: 0
  floorplan: 2 story SVG(s) -> build/floorplans/ (strip_club_a03.floor0.svg, strip_club_a03.floor1.svg)
    [ground]  (192 samples)
      death lane (longest clear sightline): 36.4 m  [long]
      intent mismatch: room 'main_floor' authored 'medium' but plays 'long' (36.1 m sightline)
      intent mismatch: room 'back_bar' authored 'close' but plays 'long' (35.3 m sightline)
    [floor 1]  (192 samples)
      death lane (longest clear sightline): 36.5 m  [long]
      objective room 'mezz_office': 3 entries
      intent mismatch: room 'vip_mezz' authored 'medium' but plays 'long' (35.7 m sightline)
      intent mismatch: room 'champagne_wing' authored 'close' but plays 'long' (24.2 m sightline)
      intent mismatch: room 'mezz_office' authored 'close' but plays 'medium' (13.8 m sightline)
  sightlines: 2 overlay SVG(s) -> build/floorplans/
  -> OK

== strip_retail_a01.json ==
  loader OK: 'strip_retail_a01', 2 stories, 43 features, 0 assets
  TACTICAL-WARN: stair #0 pitch 39deg is steep (walkable but uncomfortable); run >= 4.5m gives a gentler ~35deg.
  TACTICAL-WARN: stair #1 pitch 39deg is steep (walkable but uncomfortable); run >= 4.5m gives a gentler ~35deg.
  scorecard for strip_retail_a01 [assault]:
    floors: 3   rooms: 10   markers: 7
    attacker entries: 4   objective rooms: 1   breach points: 2
    vertical links: 4   unreachable rooms: 0
    routes to objective (min): 1   chokepoints: none
    errors: 0   warnings: 0
  poly estimate for strip_retail_a01:
    ~1932 tris across 115 mesh pieces (Environment budget: 50-500 target, 1000 cap per piece)
    biggest piece: ext_S_0 (~108 tris)
  enterability: 7 usable entry(s) (3 door/garage, 4 standing) on walls ['E', 'N', 'S', 'W']
  ENTRY-WARN: crouch-only entry on the S wall: 1.4 m tall.
  ENTRY-WARN: crouch-only entry on the S wall: 1.4 m tall.
  ENTRY-WARN: crouch-only entry on the W wall: 1.4 m tall.
  ENTRY-NOTE: entry swing/vault clearance on both faces is a walk-test fact ù offline can't confirm the space is physically clear.
  navigability (offline proxy) for strip_retail_a01:
    narrow openings: 0   isolated rooms: 0   (authoritative check = bake a navmesh in Godot)
  stairwell systems for strip_retail_a01:
    systems: 2   egress-role: 0   classified: 2   routes: room-graph   (authoritative check = walk it; this is room-graph intel)
  STAIR-WARN: STAIRWELL STAIR_NOT_ENCLOSED: 'sr01_stair_dn' sits inside 'stash_room' (role 'None') on story -1, not a stairwell -- it reads as a stair sprouting in the middle of an open room. Enclose it in a dedicated stairwell/corridor room (role in ['connector', 'corridor', 'hall', 'hallway', 'service', 'stairwell']) with a doored approach.
  STAIR-WARN: STAIRWELL STAIR_LATERAL_OPEN: 'sr01_stair_dn' S side of the flight is open (largest gap 4.00 m > 0.5 m envelope) -- a stair floating open in the floor plate: a body walks/is pushed off the side, and the shaft reads as a hole in the AI navmesh. Fix by relocating it against a wall/corridor (stair_place edge zones) or enclosing the side with a wall or guard along the full flight and landing. A guarded feature stair is fine; a bare mid-floor one is not.
  STAIR-WARN: STAIRWELL STAIR_LATERAL_OPEN: 'sr01_stair_dn' N side of the flight is open (largest gap 4.00 m > 0.5 m envelope) -- a stair floating open in the floor plate: a body walks/is pushed off the side, and the shaft reads as a hole in the AI navmesh. Fix by relocating it against a wall/corridor (stair_place edge zones) or enclosing the side with a wall or guard along the full flight and landing. A guarded feature stair is fine; a bare mid-floor one is not.
  STAIR-WARN: STAIRWELL STAIR_DOOR_OPENS_ONTO_TREAD: a door in partition @story 0 sits over 'sr01_stair_dn' mid-run at (4.0, 4.0) -- doors belong on landings, never treads (Rule 4).
  STAIR-WARN: STAIRWELL STAIR_NOT_ENCLOSED: 'sr01_stair_up' sits inside 'rear_hall' (role 'None') on story 0, not a stairwell -- it reads as a stair sprouting in the middle of an open room. Enclose it in a dedicated stairwell/corridor room (role in ['connector', 'corridor', 'hall', 'hallway', 'service', 'stairwell']) with a doored approach.
  STAIR-WARN: STAIRWELL STAIR_LATERAL_OPEN: 'sr01_stair_up' S side of the flight is open (largest gap 4.00 m > 0.5 m envelope) -- a stair floating open in the floor plate: a body walks/is pushed off the side, and the shaft reads as a hole in the AI navmesh. Fix by relocating it against a wall/corridor (stair_place edge zones) or enclosing the side with a wall or guard along the full flight and landing. A guarded feature stair is fine; a bare mid-floor one is not.
  STAIR-WARN: STAIRWELL STAIR_LATERAL_OPEN: 'sr01_stair_up' N side of the flight is open (largest gap 4.00 m > 0.5 m envelope) -- a stair floating open in the floor plate: a body walks/is pushed off the side, and the shaft reads as a hole in the AI navmesh. Fix by relocating it against a wall/corridor (stair_place edge zones) or enclosing the side with a wall or guard along the full flight and landing. A guarded feature stair is fine; a bare mid-floor one is not.
  ladder systems for strip_retail_a01:
    ladders: 3   secondary-escape: 0   routes: room-graph   (a ladder is never ordinary egress; this is room-graph intel)
  pvp_heist profile for strip_retail_a01:
    attackers: 2   defenders: 1   objective rooms: count_room
    disjoint routes: 6   extraction via: extraction-facing exit (entry rooms)   protected rotation: yes
    flank: entries on faces ['E', 'N', 'S']   breaches: 2   stairs: 2   ladders: 3
  floorplan: 3 story SVG(s) -> build/floorplans/ (strip_retail_a01.floorB.svg, strip_retail_a01.floor0.svg, strip_retail_a01.floor1.svg)
    [basement]  (124 samples)
      death lane (longest clear sightline): 22.5 m  [long]
      intent mismatch: room 'dough_cellar' authored 'close' but plays 'medium' (15.0 m sightline)
      intent mismatch: room 'stash_room' authored 'close' but plays 'medium' (15.0 m sightline)
    [ground]  (113 samples)
      death lane (longest clear sightline): 19.5 m  [medium]
      intent mismatch: room 'kitchen' authored 'close' but plays 'medium' (8.5 m sightline)
      intent mismatch: room 'rear_hall' authored 'close' but plays 'medium' (8.7 m sightline)
    [floor 1]  (115 samples)
      death lane (longest clear sightline): 19.8 m  [medium]
      objective room 'count_room': 2 entries
      intent mismatch: room 'count_room' authored 'close' but plays 'medium' (8.5 m sightline)
  sightlines: 3 overlay SVG(s) -> build/floorplans/
  -> OK

== strip_retail_a02.json ==
  loader OK: 'strip_retail_a02', 1 stories, 7 features, 0 assets
  scorecard for strip_retail_a02 [assault]:
    floors: 1   rooms: 3   markers: 7
    attacker entries: 3   objective rooms: 1   breach points: 2
    vertical links: 0   unreachable rooms: 0
    routes to objective (min): 1   chokepoints: none
    errors: 0   warnings: 0
  poly estimate for strip_retail_a02:
    ~312 tris across 8 mesh pieces (Environment budget: 50-500 target, 1000 cap per piece)
    biggest piece: ext_S_0 (~60 tris)
  enterability: 4 usable entry(s) (2 door/garage, 3 standing) on walls ['N', 'S']
  ENTRY-WARN: crouch-only entry on the S wall: 1.4 m tall.
  ENTRY-NOTE: entry swing/vault clearance on both faces is a walk-test fact ù offline can't confirm the space is physically clear.
  navigability (offline proxy) for strip_retail_a02:
    narrow openings: 0   isolated rooms: 0   (authoritative check = bake a navmesh in Godot)
  pvp_heist profile for strip_retail_a02:
    attackers: 2   defenders: 1   objective rooms: stone_vault
    disjoint routes: 2   extraction via: extraction-facing exit (entry rooms)   protected rotation: yes
    flank: entries on faces ['N', 'S']   breaches: 2   stairs: 0   ladders: 0
  floorplan: 1 story SVG(s) -> build/floorplans/ (strip_retail_a02.floor0.svg)
    [ground]  (108 samples)
      death lane (longest clear sightline): 18.3 m  [medium]
      longest exposed approach (no cover within 2.5 m): 7.5 m
      objective room 'stone_vault': 4 entries
      weak cover 'None': in LOS of 1/2 attacker spawns
      intent mismatch: room 'workshop' authored 'close' but plays 'medium' (11.4 m sightline)
  sightlines: 1 overlay SVG(s) -> build/floorplans/
  -> OK

== supermarket_a01.json ==
  loader OK: 'supermarket_a01', 1 stories, 12 features, 0 assets
  scorecard for supermarket_a01 [assault]:
    floors: 1   rooms: 3   markers: 7
    attacker entries: 5   objective rooms: 1   breach points: 2
    vertical links: 0   unreachable rooms: 0
    routes to objective (min): 1   chokepoints: none
    errors: 0   warnings: 0
  poly estimate for supermarket_a01:
    ~444 tris across 13 mesh pieces (Environment budget: 50-500 target, 1000 cap per piece)
    biggest piece: ext_S_0 (~84 tris)
  enterability: 6 usable entry(s) (4 door/garage, 5 standing) on walls ['N', 'S', 'W']
  ENTRY-WARN: crouch-only entry on the S wall: 1.4 m tall.
  ENTRY-NOTE: entry swing/vault clearance on both faces is a walk-test fact ù offline can't confirm the space is physically clear.
  navigability (offline proxy) for supermarket_a01:
    narrow openings: 0   isolated rooms: 0   (authoritative check = bake a navmesh in Godot)
  pvp_heist profile for supermarket_a01:
    attackers: 2   defenders: 1   objective rooms: cash_office
    disjoint routes: 2   extraction via: extraction-facing exit (entry rooms)   protected rotation: yes
    flank: entries on faces ['N', 'S', 'W']   breaches: 2   stairs: 0   ladders: 0
  floorplan: 1 story SVG(s) -> build/floorplans/ (supermarket_a01.floor0.svg)
    [ground]  (195 samples)
      death lane (longest clear sightline): 42.1 m  [long]
      longest exposed approach (no cover within 2.5 m): 41.0 m
      objective room 'cash_office': 3 entries
      intent mismatch: room 'cash_office' authored 'close' but plays 'medium' (10.1 m sightline)
      intent mismatch: room 'back_stock' authored 'medium' but plays 'long' (33.1 m sightline)
  sightlines: 1 overlay SVG(s) -> build/floorplans/
  -> OK

== supermarket_a02.json ==
  loader OK: 'supermarket_a02', 2 stories, 9 features, 0 assets
  TACTICAL-WARN: stair #0 pitch 45deg is at/over the 45deg walkable limit -- the ramp collider won't be climbable. Lengthen run (>= 5.6m for ~35deg) or add a controller step-up.
  scorecard for supermarket_a02 [assault]:
    floors: 2   rooms: 5   markers: 7
    attacker entries: 4   objective rooms: 1   breach points: 2
    vertical links: 2   unreachable rooms: 0
    routes to objective (min): 1   chokepoints: none
    errors: 0   warnings: 0
  poly estimate for supermarket_a02:
    ~888 tris across 48 mesh pieces (Environment budget: 50-500 target, 1000 cap per piece)
    biggest piece: ext_S_0 (~60 tris)
  enterability: 5 usable entry(s) (3 door/garage, 4 standing) on walls ['E', 'N', 'S']
  ENTRY-WARN: crouch-only entry on the S wall: 1.4 m tall.
  ENTRY-NOTE: entry swing/vault clearance on both faces is a walk-test fact ù offline can't confirm the space is physically clear.
  navigability (offline proxy) for supermarket_a02:
    narrow openings: 0   isolated rooms: 0   (authoritative check = bake a navmesh in Godot)
  stairwell systems for supermarket_a02:
    systems: 1   egress-role: 0   classified: 1   routes: room-graph   (authoritative check = walk it; this is room-graph intel)
  STAIR-WARN: STAIRWELL STAIR_NOT_ENCLOSED: 'sm02_stair_0' sits inside 'stockroom' (role 'open_floor') on story 0, not a stairwell -- it reads as a stair sprouting in the middle of an open room. Enclose it in a dedicated stairwell/corridor room (role in ['connector', 'corridor', 'hall', 'hallway', 'service', 'stairwell']) with a doored approach.
  STAIR-WARN: STAIRWELL STAIR_LATERAL_OPEN: 'sm02_stair_0' W side of the flight is open (largest gap 4.00 m > 0.5 m envelope) -- a stair floating open in the floor plate: a body walks/is pushed off the side, and the shaft reads as a hole in the AI navmesh. Fix by relocating it against a wall/corridor (stair_place edge zones) or enclosing the side with a wall or guard along the full flight and landing. A guarded feature stair is fine; a bare mid-floor one is not.
  STAIR-WARN: STAIRWELL STAIR_LATERAL_OPEN: 'sm02_stair_0' E side of the flight is open (largest gap 4.00 m > 0.5 m envelope) -- a stair floating open in the floor plate: a body walks/is pushed off the side, and the shaft reads as a hole in the AI navmesh. Fix by relocating it against a wall/corridor (stair_place edge zones) or enclosing the side with a wall or guard along the full flight and landing. A guarded feature stair is fine; a bare mid-floor one is not.
  ladder systems for supermarket_a02:
    ladders: 1   secondary-escape: 0   routes: room-graph   (a ladder is never ordinary egress; this is room-graph intel)
  pvp_heist profile for supermarket_a02:
    attackers: 2   defenders: 1   objective rooms: manager_suite
    disjoint routes: 4   extraction via: extraction-facing exit (entry rooms)   protected rotation: yes
    flank: entries on faces ['E', 'N', 'S']   breaches: 2   stairs: 1   ladders: 1
  floorplan: 2 story SVG(s) -> build/floorplans/ (supermarket_a02.floor0.svg, supermarket_a02.floor1.svg)
    [ground]  (213 samples)
      death lane (longest clear sightline): 51.3 m  [long]
      weak cover 'None': in LOS of 1/2 attacker spawns
      intent mismatch: room 'stockroom' authored 'medium' but plays 'long' (42.1 m sightline)
    [floor 1]  (203 samples)
      death lane (longest clear sightline): 45.3 m  [long]
      objective room 'manager_suite': 3 entries
      intent mismatch: room 'mezz_floor' authored 'medium' but plays 'long' (45.1 m sightline)
      intent mismatch: room 'mezz_hall' authored 'medium' but plays 'long' (29.5 m sightline)
      intent mismatch: room 'manager_suite' authored 'close' but plays 'medium' (14.8 m sightline)
  sightlines: 2 overlay SVG(s) -> build/floorplans/
  -> OK

== supermarket_a03.json ==
  loader OK: 'supermarket_a03', 1 stories, 11 features, 0 assets
  TACTICAL-WARN: stair #0 pitch 46deg is at/over the 45deg walkable limit -- the ramp collider won't be climbable. Lengthen run (>= 5.9m for ~35deg) or add a controller step-up.
  TACTICAL-WARN: stair #1 pitch 46deg is at/over the 45deg walkable limit -- the ramp collider won't be climbable. Lengthen run (>= 5.9m for ~35deg) or add a controller step-up.
  scorecard for supermarket_a03 [assault]:
    floors: 2   rooms: 4   markers: 7
    attacker entries: 4   objective rooms: 1   breach points: 2
    vertical links: 2   unreachable rooms: 0
    routes to objective (min): 1   chokepoints: none
    errors: 0   warnings: 0
  poly estimate for supermarket_a03:
    ~852 tris across 53 mesh pieces (Environment budget: 50-500 target, 1000 cap per piece)
    biggest piece: ext_S_0 (~60 tris)
  enterability: 5 usable entry(s) (3 door/garage, 4 standing) on walls ['N', 'S', 'W']
  ENTRY-WARN: crouch-only entry on the S wall: 1.4 m tall.
  ENTRY-NOTE: entry swing/vault clearance on both faces is a walk-test fact ù offline can't confirm the space is physically clear.
  navigability (offline proxy) for supermarket_a03:
    narrow openings: 0   isolated rooms: 0   (authoritative check = bake a navmesh in Godot)
  stairwell systems for supermarket_a03:
    systems: 2   egress-role: 0   classified: 2   routes: room-graph   (authoritative check = walk it; this is room-graph intel)
  STAIR-WARN: STAIRWELL STAIR_LATERAL_OPEN: 'sm03_stair_n' S side of the flight is open (largest gap 4.00 m > 0.5 m envelope) -- a stair floating open in the floor plate: a body walks/is pushed off the side, and the shaft reads as a hole in the AI navmesh. Fix by relocating it against a wall/corridor (stair_place edge zones) or enclosing the side with a wall or guard along the full flight and landing. A guarded feature stair is fine; a bare mid-floor one is not.
  STAIR-WARN: STAIRWELL STAIR_LATERAL_OPEN: 'sm03_stair_n' N side of the flight is open (largest gap 4.00 m > 0.5 m envelope) -- a stair floating open in the floor plate: a body walks/is pushed off the side, and the shaft reads as a hole in the AI navmesh. Fix by relocating it against a wall/corridor (stair_place edge zones) or enclosing the side with a wall or guard along the full flight and landing. A guarded feature stair is fine; a bare mid-floor one is not.
  STAIR-WARN: STAIRWELL STAIR_NOT_ENCLOSED: 'sm03_stair_s' sits inside 'sales_floor' (role 'public_entry') on story 0, not a stairwell -- it reads as a stair sprouting in the middle of an open room. Enclose it in a dedicated stairwell/corridor room (role in ['connector', 'corridor', 'hall', 'hallway', 'service', 'stairwell']) with a doored approach.
  STAIR-WARN: STAIRWELL STAIR_LATERAL_OPEN: 'sm03_stair_s' S side of the flight is open (largest gap 4.00 m > 0.5 m envelope) -- a stair floating open in the floor plate: a body walks/is pushed off the side, and the shaft reads as a hole in the AI navmesh. Fix by relocating it against a wall/corridor (stair_place edge zones) or enclosing the side with a wall or guard along the full flight and landing. A guarded feature stair is fine; a bare mid-floor one is not.
  STAIR-WARN: STAIRWELL STAIR_LATERAL_OPEN: 'sm03_stair_s' N side of the flight is open (largest gap 4.00 m > 0.5 m envelope) -- a stair floating open in the floor plate: a body walks/is pushed off the side, and the shaft reads as a hole in the AI navmesh. Fix by relocating it against a wall/corridor (stair_place edge zones) or enclosing the side with a wall or guard along the full flight and landing. A guarded feature stair is fine; a bare mid-floor one is not.
  pvp_heist profile for supermarket_a03:
    attackers: 2   defenders: 1   objective rooms: count_cage
    disjoint routes: 3   extraction via: extraction-facing exit (entry rooms)   protected rotation: yes
    flank: entries on faces ['N', 'S', 'W']   breaches: 2   stairs: 2   ladders: 0
  floorplan: 2 story SVG(s) -> build/floorplans/ (supermarket_a03.floorB.svg, supermarket_a03.floor0.svg)
    [basement]  (180 samples)
      death lane (longest clear sightline): 46.2 m  [long]
      objective room 'count_cage': 2 entries
      intent mismatch: room 'cellar_west' authored 'medium' but plays 'long' (34.5 m sightline)
      intent mismatch: room 'count_cage' authored 'close' but plays 'long' (32.2 m sightline)
    [ground]  (170 samples)
      death lane (longest clear sightline): 39.1 m  [long]
      intent mismatch: room 'receiving' authored 'medium' but plays 'long' (39.1 m sightline)
  sightlines: 2 overlay SVG(s) -> build/floorplans/
  -> OK

== survival_demo.json ==
  loader OK: 'survival_demo', 2 stories, 5 features, 0 assets
  TACTICAL-WARN: stair #0 pitch 40deg is steep (walkable but uncomfortable); run >= 4.6m gives a gentler ~35deg.
  scorecard for survival_demo [survival]:
    safe rooms: 1   finales: 1   rescue zones: 0
    horde spawns: 3   entries: 2   markers: 5
    rooms: 4   vertical links: 1   finale reachable: yes
    run: 1 hops, 1 route(s)   chokepoints: none
    errors: 0   warnings: 0
  poly estimate for survival_demo:
    ~360 tris across 22 mesh pieces (Environment budget: 50-500 target, 1000 cap per piece)
    biggest piece: ext_S_0 (~36 tris)
  enterability: 2 usable entry(s) (1 door/garage, 2 standing) on walls ['N', 'S']
  ENTRY-NOTE: entry swing/vault clearance on both faces is a walk-test fact ù offline can't confirm the space is physically clear.
  navigability (offline proxy) for survival_demo:
    narrow openings: 2   isolated rooms: 0   (authoritative check = bake a navmesh in Godot)
  NAV-WARN: NAV: 2 opening(s) narrower than ~1.2m may block a 0.4m-radius nav agent: 1.20m door (partition #0@0), 1.20m door (partition #1@1). (Widen, or confirm your agent radius is smaller; verify with a real navmesh.)
  stairwell systems for survival_demo:
    systems: 1   egress-role: 0   classified: 1   routes: room-graph   (authoritative check = walk it; this is room-graph intel)
  STAIR-WARN: STAIRWELL STAIR_NOT_ENCLOSED: 'survival_demo_stair_0' sits inside 'ground_back' (role 'route_node') on story 0, not a stairwell -- it reads as a stair sprouting in the middle of an open room. Enclose it in a dedicated stairwell/corridor room (role in ['connector', 'corridor', 'hall', 'hallway', 'service', 'stairwell']) with a doored approach.
  STAIR-WARN: STAIRWELL STAIR_LATERAL_OPEN: 'survival_demo_stair_0' W side of the flight is open (largest gap 4.00 m > 0.5 m envelope) -- a stair floating open in the floor plate: a body walks/is pushed off the side, and the shaft reads as a hole in the AI navmesh. Fix by relocating it against a wall/corridor (stair_place edge zones) or enclosing the side with a wall or guard along the full flight and landing. A guarded feature stair is fine; a bare mid-floor one is not.
  STAIR-WARN: STAIRWELL STAIR_LATERAL_OPEN: 'survival_demo_stair_0' E side of the flight is open (largest gap 4.00 m > 0.5 m envelope) -- a stair floating open in the floor plate: a body walks/is pushed off the side, and the shaft reads as a hole in the AI navmesh. Fix by relocating it against a wall/corridor (stair_place edge zones) or enclosing the side with a wall or guard along the full flight and landing. A guarded feature stair is fine; a bare mid-floor one is not.
  floorplan: 2 story SVG(s) -> build/floorplans/ (survival_demo.floor0.svg, survival_demo.floor1.svg)
    [ground]  (160 samples)
      death lane (longest clear sightline): 34.2 m  [long]
      intent mismatch: room 'start_lobby' authored 'medium' but plays 'long' (29.9 m sightline)
      intent mismatch: room 'ground_back' authored 'medium' but plays 'long' (29.9 m sightline)
    [floor 1]  (160 samples)
      death lane (longest clear sightline): 34.2 m  [long]
      intent mismatch: room 'upper_hall' authored 'medium' but plays 'long' (29.9 m sightline)
      intent mismatch: room 'roof_holdout' authored 'close' but plays 'long' (29.9 m sightline)
  sightlines: 2 overlay SVG(s) -> build/floorplans/
  -> OK

== train_yard_a01.json ==
  loader OK: 'train_yard_a01', 1 stories, 10 features, 0 assets
  scorecard for train_yard_a01 [assault]:
    floors: 1   rooms: 3   markers: 7
    attacker entries: 6   objective rooms: 1   breach points: 2
    vertical links: 1   unreachable rooms: 0
    routes to objective (min): 1   chokepoints: none
    errors: 0   warnings: 0
  poly estimate for train_yard_a01:
    ~696 tris across 32 mesh pieces (Environment budget: 50-500 target, 1000 cap per piece)
    biggest piece: ext_S_0 (~84 tris)
  enterability: 6 usable entry(s) (5 door/garage, 6 standing) on walls ['E', 'N', 'S', 'W']
  ENTRY-NOTE: entry swing/vault clearance on both faces is a walk-test fact ù offline can't confirm the space is physically clear.
  navigability (offline proxy) for train_yard_a01:
    narrow openings: 0   isolated rooms: 0   (authoritative check = bake a navmesh in Godot)
  ladder systems for train_yard_a01:
    ladders: 1   secondary-escape: 0   routes: room-graph   (a ladder is never ordinary egress; this is room-graph intel)
  pvp_heist profile for train_yard_a01:
    attackers: 2   defenders: 1   objective rooms: dispatch_office
    disjoint routes: 2   extraction via: extraction-facing exit (entry rooms)   protected rotation: yes
    flank: entries on faces ['E', 'N', 'S', 'W']   breaches: 2   stairs: 0   ladders: 1
  floorplan: 1 story SVG(s) -> build/floorplans/ (train_yard_a01.floor0.svg)
    [ground]  (206 samples)
      death lane (longest clear sightline): 52.8 m  [long]
      longest exposed approach (no cover within 2.5 m): 26.5 m
      objective room 'dispatch_office': 4 entries
      intent mismatch: room 'dispatch_office' authored 'close' but plays 'medium' (11.4 m sightline)
      intent mismatch: room 'works_band' authored 'medium' but plays 'long' (39.3 m sightline)
  sightlines: 1 overlay SVG(s) -> build/floorplans/
  -> OK

== train_yard_a02.json ==
  loader OK: 'train_yard_a02', 1 stories, 12 features, 0 assets
  TACTICAL-WARN: stair #0 pitch 49deg is at/over the 45deg walkable limit -- the ramp collider won't be climbable. Lengthen run (>= 7.7m for ~35deg) or add a controller step-up.
  TACTICAL-WARN: stair #1 pitch 49deg is at/over the 45deg walkable limit -- the ramp collider won't be climbable. Lengthen run (>= 7.7m for ~35deg) or add a controller step-up.
  scorecard for train_yard_a02 [assault]:
    floors: 2   rooms: 4   markers: 7
    attacker entries: 6   objective rooms: 1   breach points: 2
    vertical links: 2   unreachable rooms: 0
    routes to objective (min): 1   chokepoints: none
    errors: 0   warnings: 0
  poly estimate for train_yard_a02:
    ~1128 tris across 68 mesh pieces (Environment budget: 50-500 target, 1000 cap per piece)
    biggest piece: ext_S_0 (~84 tris)
  enterability: 6 usable entry(s) (5 door/garage, 6 standing) on walls ['E', 'N', 'S', 'W']
  ENTRY-NOTE: entry swing/vault clearance on both faces is a walk-test fact ù offline can't confirm the space is physically clear.
  navigability (offline proxy) for train_yard_a02:
    narrow openings: 0   isolated rooms: 0   (authoritative check = bake a navmesh in Godot)
  stairwell systems for train_yard_a02:
    systems: 2   egress-role: 0   classified: 2   routes: room-graph   (authoritative check = walk it; this is room-graph intel)
  STAIR-WARN: STAIRWELL STAIR_LATERAL_OPEN: 'ty02_stair_n' S side of the flight is open (largest gap 4.70 m > 0.5 m envelope) -- a stair floating open in the floor plate: a body walks/is pushed off the side, and the shaft reads as a hole in the AI navmesh. Fix by relocating it against a wall/corridor (stair_place edge zones) or enclosing the side with a wall or guard along the full flight and landing. A guarded feature stair is fine; a bare mid-floor one is not.
  STAIR-WARN: STAIRWELL STAIR_LATERAL_OPEN: 'ty02_stair_n' N side of the flight is open (largest gap 4.70 m > 0.5 m envelope) -- a stair floating open in the floor plate: a body walks/is pushed off the side, and the shaft reads as a hole in the AI navmesh. Fix by relocating it against a wall/corridor (stair_place edge zones) or enclosing the side with a wall or guard along the full flight and landing. A guarded feature stair is fine; a bare mid-floor one is not.
  STAIR-WARN: STAIRWELL STAIR_NOT_ENCLOSED: 'ty02_stair_s' sits inside 'shed_floor' (role 'public_entry') on story 0, not a stairwell -- it reads as a stair sprouting in the middle of an open room. Enclose it in a dedicated stairwell/corridor room (role in ['connector', 'corridor', 'hall', 'hallway', 'service', 'stairwell']) with a doored approach.
  STAIR-WARN: STAIRWELL STAIR_LATERAL_OPEN: 'ty02_stair_s' S side of the flight is open (largest gap 4.70 m > 0.5 m envelope) -- a stair floating open in the floor plate: a body walks/is pushed off the side, and the shaft reads as a hole in the AI navmesh. Fix by relocating it against a wall/corridor (stair_place edge zones) or enclosing the side with a wall or guard along the full flight and landing. A guarded feature stair is fine; a bare mid-floor one is not.
  STAIR-WARN: STAIRWELL STAIR_LATERAL_OPEN: 'ty02_stair_s' N side of the flight is open (largest gap 4.70 m > 0.5 m envelope) -- a stair floating open in the floor plate: a body walks/is pushed off the side, and the shaft reads as a hole in the AI navmesh. Fix by relocating it against a wall/corridor (stair_place edge zones) or enclosing the side with a wall or guard along the full flight and landing. A guarded feature stair is fine; a bare mid-floor one is not.
  pvp_heist profile for train_yard_a02:
    attackers: 2   defenders: 1   objective rooms: under_track_store
    disjoint routes: 3   extraction via: extraction-facing exit (entry rooms)   protected rotation: yes
    flank: entries on faces ['E', 'N', 'S', 'W']   breaches: 2   stairs: 2   ladders: 0
  floorplan: 2 story SVG(s) -> build/floorplans/ (train_yard_a02.floorB.svg, train_yard_a02.floor0.svg)
    [basement]  (216 samples)
      death lane (longest clear sightline): 50.8 m  [long]
      objective room 'under_track_store': 2 entries
      intent mismatch: room 'under_hall' authored 'medium' but plays 'long' (35.1 m sightline)
      intent mismatch: room 'under_track_store' authored 'close' but plays 'long' (35.1 m sightline)
    [ground]  (207 samples)
      death lane (longest clear sightline): 49.6 m  [long]
      intent mismatch: room 'works_band' authored 'medium' but plays 'long' (48.2 m sightline)
  sightlines: 2 overlay SVG(s) -> build/floorplans/
  -> OK

== train_yard_a03.json ==
  loader OK: 'train_yard_a03', 2 stories, 12 features, 0 assets
  TACTICAL-WARN: stair #0 pitch 50deg is at/over the 45deg walkable limit -- the ramp collider won't be climbable. Lengthen run (>= 7.0m for ~35deg) or add a controller step-up.
  scorecard for train_yard_a03 [assault]:
    floors: 2   rooms: 5   markers: 7
    attacker entries: 6   objective rooms: 1   breach points: 2
    vertical links: 2   unreachable rooms: 0
    routes to objective (min): 1   chokepoints: none
    errors: 0   warnings: 0
  poly estimate for train_yard_a03:
    ~1116 tris across 59 mesh pieces (Environment budget: 50-500 target, 1000 cap per piece)
    biggest piece: ext_S_0 (~84 tris)
  enterability: 6 usable entry(s) (5 door/garage, 6 standing) on walls ['E', 'N', 'S', 'W']
  ENTRY-NOTE: entry swing/vault clearance on both faces is a walk-test fact ù offline can't confirm the space is physically clear.
  navigability (offline proxy) for train_yard_a03:
    narrow openings: 0   isolated rooms: 0   (authoritative check = bake a navmesh in Godot)
  stairwell systems for train_yard_a03:
    systems: 1   egress-role: 0   classified: 1   routes: room-graph   (authoritative check = walk it; this is room-graph intel)
  STAIR-WARN: STAIRWELL STAIR_NOT_ENCLOSED: 'ty03_stair_0' sits inside 'shed_floor' (role 'public_entry') on story 0, not a stairwell -- it reads as a stair sprouting in the middle of an open room. Enclose it in a dedicated stairwell/corridor room (role in ['connector', 'corridor', 'hall', 'hallway', 'service', 'stairwell']) with a doored approach.
  STAIR-WARN: STAIRWELL STAIR_LATERAL_OPEN: 'ty03_stair_0' W side of the flight is open (largest gap 4.20 m > 0.5 m envelope) -- a stair floating open in the floor plate: a body walks/is pushed off the side, and the shaft reads as a hole in the AI navmesh. Fix by relocating it against a wall/corridor (stair_place edge zones) or enclosing the side with a wall or guard along the full flight and landing. A guarded feature stair is fine; a bare mid-floor one is not.
  STAIR-WARN: STAIRWELL STAIR_LATERAL_OPEN: 'ty03_stair_0' E side of the flight is open (largest gap 4.20 m > 0.5 m envelope) -- a stair floating open in the floor plate: a body walks/is pushed off the side, and the shaft reads as a hole in the AI navmesh. Fix by relocating it against a wall/corridor (stair_place edge zones) or enclosing the side with a wall or guard along the full flight and landing. A guarded feature stair is fine; a bare mid-floor one is not.
  ladder systems for train_yard_a03:
    ladders: 1   secondary-escape: 0   routes: room-graph   (a ladder is never ordinary egress; this is room-graph intel)
  pvp_heist profile for train_yard_a03:
    attackers: 2   defenders: 1   objective rooms: signal_control
    disjoint routes: 4   extraction via: extraction-facing exit (entry rooms)   protected rotation: yes
    flank: entries on faces ['E', 'N', 'S', 'W']   breaches: 2   stairs: 1   ladders: 1
  floorplan: 2 story SVG(s) -> build/floorplans/ (train_yard_a03.floor0.svg, train_yard_a03.floor1.svg)
    [ground]  (190 samples)
      death lane (longest clear sightline): 48.4 m  [long]
      intent mismatch: room 'works_band' authored 'medium' but plays 'long' (46.7 m sightline)
    [floor 1]  (192 samples)
      death lane (longest clear sightline): 47.4 m  [long]
      objective room 'signal_control': 3 entries
      intent mismatch: room 'upper_ring' authored 'medium' but plays 'long' (47.4 m sightline)
      intent mismatch: room 'upper_west' authored 'close' but plays 'long' (32.8 m sightline)
      intent mismatch: room 'signal_control' authored 'close' but plays 'medium' (16.2 m sightline)
  sightlines: 2 overlay SVG(s) -> build/floorplans/
  -> OK

== warehouse.json ==
  loader OK: 'warehouse', 1 stories, 11 features, 0 assets
  TACTICAL-WARN: non-tactical spec (no rooms defined); tactical rules skipped
  poly estimate for warehouse:
    ~708 tris across 37 mesh pieces (Environment budget: 50-500 target, 1000 cap per piece)
    biggest piece: ext_S_0 (~84 tris)
  enterability: 6 usable entry(s) (5 door/garage, 6 standing) on walls ['E', 'N', 'S', 'W']
  ENTRY-NOTE: entry swing/vault clearance on both faces is a walk-test fact ù offline can't confirm the space is physically clear.
  navigability (offline proxy) for warehouse:
    narrow openings: 5   isolated rooms: 0   (authoritative check = bake a navmesh in Godot)
  NAV-WARN: NAV: 5 opening(s) narrower than ~1.2m may block a 0.4m-radius nav agent: 1.20m door (ext S@0), 1.20m door (ext E@0), 1.20m door (partition #0@0), 1.20m door (partition #0@0), 1.20m door (partition #1@0). (Widen, or confirm your agent radius is smaller; verify with a real navmesh.)
  ladder systems for warehouse:
    ladders: 1   secondary-escape: 0   routes: skipped (no rooms)   (a ladder is never ordinary egress; this is room-graph intel)
  floorplan: 1 story SVG(s) -> build/floorplans/ (warehouse.floor0.svg)
    [ground]  (0 samples)
      death lane (longest clear sightline): 0.0 m  [close]
  sightlines: 1 overlay SVG(s) -> build/floorplans/
  -> OK

== warehouse_a01.json ==
  loader OK: 'warehouse_a01', 1 stories, 12 features, 0 assets
  scorecard for warehouse_a01 [assault]:
    floors: 1   rooms: 4   markers: 8
    attacker entries: 4   objective rooms: 1   breach points: 2
    vertical links: 1   unreachable rooms: 0
    routes to objective (min): 1   chokepoints: none
    errors: 0   warnings: 0
  poly estimate for warehouse_a01:
    ~696 tris across 34 mesh pieces (Environment budget: 50-500 target, 1000 cap per piece)
    biggest piece: ext_S_0 (~60 tris)
  enterability: 4 usable entry(s) (3 door/garage, 4 standing) on walls ['E', 'S', 'W']
  ENTRY-NOTE: entry swing/vault clearance on both faces is a walk-test fact ù offline can't confirm the space is physically clear.
  navigability (offline proxy) for warehouse_a01:
    narrow openings: 0   isolated rooms: 0   (authoritative check = bake a navmesh in Godot)
  ladder systems for warehouse_a01:
    ladders: 1   secondary-escape: 0   routes: room-graph   (a ladder is never ordinary egress; this is room-graph intel)
  LADDER-WARN: LADDER: 'wa01_ladder_0' hatch ladder originates in 'office' (role 'fortifiable') -- prefer a service, mechanical, or back-of-house room (spec s8.1).
  pvp_heist profile for warehouse_a01:
    attackers: 2   defenders: 1   objective rooms: cage
    disjoint routes: 2   extraction via: extraction-facing exit (entry rooms)   protected rotation: yes
    flank: entries on faces ['E', 'S', 'W']   breaches: 2   stairs: 0   ladders: 1
  floorplan: 1 story SVG(s) -> build/floorplans/ (warehouse_a01.floor0.svg)
    [ground]  (185 samples)
      death lane (longest clear sightline): 34.5 m  [long]
      longest exposed approach (no cover within 2.5 m): 12.0 m
      objective room 'cage': 3 entries
      weak cover 'None': in LOS of 1/2 attacker spawns
      intent mismatch: room 'office' authored 'close' but plays 'medium' (10.8 m sightline)
      intent mismatch: room 'cage' authored 'close' but plays 'medium' (11.4 m sightline)
  sightlines: 1 overlay SVG(s) -> build/floorplans/
  -> OK

== warehouse_a02.json ==
  loader OK: 'warehouse_a02', 2 stories, 16 features, 0 assets
  TACTICAL-WARN: stair #0 pitch 45deg is at/over the 45deg walkable limit -- the ramp collider won't be climbable. Lengthen run (>= 5.6m for ~35deg) or add a controller step-up.
  scorecard for warehouse_a02 [assault]:
    floors: 2   rooms: 7   markers: 8
    attacker entries: 3   objective rooms: 1   breach points: 3
    vertical links: 3   unreachable rooms: 0
    routes to objective (min): 1   chokepoints: none
    errors: 0   warnings: 0
  poly estimate for warehouse_a02:
    ~1044 tris across 55 mesh pieces (Environment budget: 50-500 target, 1000 cap per piece)
    biggest piece: ext_S_0 (~60 tris)
  enterability: 3 usable entry(s) (2 door/garage, 3 standing) on walls ['N', 'S', 'W']
  ENTRY-NOTE: entry swing/vault clearance on both faces is a walk-test fact ù offline can't confirm the space is physically clear.
  navigability (offline proxy) for warehouse_a02:
    narrow openings: 0   isolated rooms: 0   (authoritative check = bake a navmesh in Godot)
  stairwell systems for warehouse_a02:
    systems: 1   egress-role: 0   classified: 1   routes: room-graph   (authoritative check = walk it; this is room-graph intel)
  STAIR-WARN: STAIRWELL STAIR_NOT_ENCLOSED: 'wa02_stair_0' sits inside 'north_aisles' (role 'open_floor') on story 0, not a stairwell -- it reads as a stair sprouting in the middle of an open room. Enclose it in a dedicated stairwell/corridor room (role in ['connector', 'corridor', 'hall', 'hallway', 'service', 'stairwell']) with a doored approach.
  STAIR-WARN: STAIRWELL STAIR_LATERAL_OPEN: 'wa02_stair_0' S side of the flight is open (largest gap 4.00 m > 0.5 m envelope) -- a stair floating open in the floor plate: a body walks/is pushed off the side, and the shaft reads as a hole in the AI navmesh. Fix by relocating it against a wall/corridor (stair_place edge zones) or enclosing the side with a wall or guard along the full flight and landing. A guarded feature stair is fine; a bare mid-floor one is not.
  STAIR-WARN: STAIRWELL STAIR_LATERAL_OPEN: 'wa02_stair_0' N side of the flight is open (largest gap 4.00 m > 0.5 m envelope) -- a stair floating open in the floor plate: a body walks/is pushed off the side, and the shaft reads as a hole in the AI navmesh. Fix by relocating it against a wall/corridor (stair_place edge zones) or enclosing the side with a wall or guard along the full flight and landing. A guarded feature stair is fine; a bare mid-floor one is not.
  ladder systems for warehouse_a02:
    ladders: 1   secondary-escape: 0   routes: room-graph   (a ladder is never ordinary egress; this is room-graph intel)
  pvp_heist profile for warehouse_a02:
    attackers: 2   defenders: 1   objective rooms: mezz_office
    disjoint routes: 4   extraction via: extraction-facing exit (entry rooms)   protected rotation: yes
    flank: entries on faces ['N', 'S', 'W']   breaches: 3   stairs: 1   ladders: 1
  floorplan: 2 story SVG(s) -> build/floorplans/ (warehouse_a02.floor0.svg, warehouse_a02.floor1.svg)
    [ground]  (217 samples)
      death lane (longest clear sightline): 39.6 m  [long]
      weak cover 'None': in LOS of 1/2 attacker spawns
      intent mismatch: room 'floor_cage' authored 'close' but plays 'medium' (15.3 m sightline)
      intent mismatch: room 'north_dock' authored 'medium' but plays 'long' (21.0 m sightline)
    [floor 1]  (239 samples)
      death lane (longest clear sightline): 40.8 m  [long]
      objective room 'mezz_office': 3 entries
      intent mismatch: room 'mezz_south' authored 'medium' but plays 'long' (40.8 m sightline)
      intent mismatch: room 'mezz_hall' authored 'medium' but plays 'long' (25.6 m sightline)
      intent mismatch: room 'mezz_office' authored 'close' but plays 'medium' (17.0 m sightline)
  sightlines: 2 overlay SVG(s) -> build/floorplans/
  -> OK

audited 139 spec(s)

517 content-quality warning(s):
  ! 07_police_station.json: STAIRWELL STAIR_NOT_ENCLOSED
  ! 07_police_station.json: STAIRWELL STAIR_LATERAL_OPEN
  ! 07_police_station.json: STAIRWELL STAIR_LATERAL_OPEN
  ! airport_terminal_a02.json: STAIRWELL STAIR_LATERAL_OPEN
  ! airport_terminal_a02.json: STAIRWELL STAIR_LATERAL_OPEN
  ! airport_terminal_a02.json: STAIRWELL STAIR_NOT_ENCLOSED
  ! airport_terminal_a02.json: STAIRWELL STAIR_LATERAL_OPEN
  ! airport_terminal_a02.json: STAIRWELL STAIR_LATERAL_OPEN
  ! airport_terminal_a03.json: STAIRWELL STAIR_NOT_ENCLOSED
  ! airport_terminal_a03.json: STAIRWELL STAIR_LATERAL_OPEN
  ! airport_terminal_a03.json: STAIRWELL STAIR_LATERAL_OPEN
  ! apartment_walkup_a01.json: LADDER LEGACY_FIRE_ESCAPE_PROFILE
  ! apartment_walkup_a01.json: STAIRWELL STAIR_NOT_ENCLOSED
  ! apartment_walkup_a01.json: STAIRWELL STAIR_LATERAL_OPEN
  ! apartment_walkup_a01.json: STAIRWELL STAIR_LATERAL_OPEN
  ! apartment_walkup_a01.json: STAIRWELL STAIR_VOLUME_INVADED
  ! apartment_walkup_a01.json: STAIRWELL STAIR_LATERAL_OPEN
  ! apartment_walkup_a01.json: STAIRWELL STAIR_LATERAL_OPEN
  ! apartment_walkup_a02.json: STAIRWELL STAIR_NOT_ENCLOSED
  ! apartment_walkup_a02.json: STAIRWELL STAIR_LATERAL_OPEN
  ! apartment_walkup_a02.json: STAIRWELL STAIR_LATERAL_OPEN
  ! apartment_walkup_a03.json: STAIRWELL STAIR_NOT_ENCLOSED
  ! apartment_walkup_a03.json: STAIRWELL STAIR_LATERAL_OPEN
  ! apartment_walkup_a03.json: STAIRWELL STAIR_LATERAL_OPEN
  ! arena_a01.json: STAIRWELL STAIR_LATERAL_OPEN
  ! arena_a01.json: STAIRWELL STAIR_LATERAL_OPEN
  ! arena_a01.json: STAIRWELL STAIR_NOT_ENCLOSED
  ! arena_a01.json: STAIRWELL STAIR_LATERAL_OPEN
  ! arena_a01.json: STAIRWELL STAIR_LATERAL_OPEN
  ! arena_a03.json: STAIRWELL STAIR_NOT_ENCLOSED
  ! arena_a03.json: STAIRWELL STAIR_LATERAL_OPEN
  ! arena_a03.json: STAIRWELL STAIR_LATERAL_OPEN
  ! auto_shop_a01.json: STAIRWELL STAIR_ACCESS_THROUGH_PROHIBITED_ROOM
  ! auto_shop_a01.json: STAIRWELL STAIR_VOLUME_INVADED
  ! auto_shop_a01.json: STAIRWELL STAIR_LATERAL_OPEN
  ! auto_shop_a01.json: STAIRWELL STAIR_LATERAL_OPEN
  ! auto_shop_a02.json: LADDER
  ! auto_shop_a02.json: LADDER
  ! auto_shop_a02.json: STAIRWELL STAIR_ACCESS_THROUGH_PROHIBITED_ROOM
  ! auto_shop_a02.json: STAIRWELL STAIR_NOT_ENCLOSED
  ! auto_shop_a02.json: STAIRWELL STAIR_LATERAL_OPEN
  ! auto_shop_a02.json: STAIRWELL STAIR_LATERAL_OPEN
  ! bank.json: STAIRWELL BASEMENT_CONTINUATION_NOT_INTERRUPTED
  ! bank.json: STAIRWELL STAIR_LATERAL_OPEN
  ! bank.json: STAIRWELL STAIR_LATERAL_OPEN
  ! bank_branch_a02.json: STAIRWELL STAIR_NOT_ENCLOSED
  ! bank_branch_a02.json: STAIRWELL STAIR_LATERAL_OPEN
  ! bank_branch_a02.json: STAIRWELL STAIR_LATERAL_OPEN
  ! bank_branch_a02.json: STAIRWELL STAIR_ACCESS_THROUGH_PROHIBITED_ROOM
  ! bank_branch_a02.json: STAIRWELL STAIR_NOT_ENCLOSED
  ! bank_branch_a02.json: STAIRWELL STAIR_VOLUME_INVADED
  ! bank_branch_a02.json: STAIRWELL STAIR_LATERAL_OPEN
  ! bank_branch_a02.json: STAIRWELL STAIR_LATERAL_OPEN
  ! bank_branch_a03.json: STAIRWELL STAIR_NOT_ENCLOSED
  ! bank_branch_a03.json: STAIRWELL STAIR_LATERAL_OPEN
  ! bank_branch_a03.json: STAIRWELL STAIR_LATERAL_OPEN
  ! bank_branch_a03.json: STAIRWELL STAIR_NOT_ENCLOSED
  ! bank_branch_a03.json: STAIRWELL STAIR_LATERAL_OPEN
  ! bank_branch_a03.json: STAIRWELL STAIR_LATERAL_OPEN
  ! bank_branch_a03.json: STAIRWELL STAIR_NOT_ENCLOSED
  ! bank_branch_a03.json: STAIRWELL STAIR_LATERAL_OPEN
  ! bank_branch_a03.json: STAIRWELL STAIR_LATERAL_OPEN
  ! bank_branch_a04.json: LADDER
  ! bank_branch_a04.json: STAIRWELL STAIR_NOT_ENCLOSED
  ! bank_branch_a04.json: STAIRWELL STAIR_LATERAL_OPEN
  ! bank_branch_a04.json: STAIRWELL STAIR_LATERAL_OPEN
  ! bank_branch_a04.json: STAIRWELL STAIR_NOT_ENCLOSED
  ! bank_branch_a04.json: STAIRWELL STAIR_LATERAL_OPEN
  ! bank_branch_a04.json: STAIRWELL STAIR_LATERAL_OPEN
  ! bank_branch_a04.json: STAIRWELL STAIR_NOT_ENCLOSED
  ! bank_branch_a04.json: STAIRWELL STAIR_LATERAL_OPEN
  ! bank_branch_a04.json: STAIRWELL STAIR_LATERAL_OPEN
  ! bank_job.json: STAIRWELL STAIR_NOT_ENCLOSED
  ! bank_job.json: STAIRWELL STAIR_LATERAL_OPEN
  ! bank_job.json: STAIRWELL STAIR_LATERAL_OPEN
  ! bank_job.json: STAIRWELL STAIR_OPENING_UNGUARDED
  ! bank_job.json: STAIRWELL STAIR_ACCESS_THROUGH_PROHIBITED_ROOM
  ! bank_job.json: STAIRWELL STAIR_NOT_ENCLOSED
  ! bank_job.json: STAIRWELL STAIR_VOLUME_INVADED
  ! bank_tower_a01.json: STAIRWELL STAIR_LATERAL_OPEN
  ! bank_tower_a01.json: STAIRWELL STAIR_LATERAL_OPEN
  ! bank_tower_a01.json: STAIRWELL STAIR_NOT_ENCLOSED
  ! bank_tower_a01.json: STAIRWELL STAIR_LATERAL_OPEN
  ! bank_tower_a01.json: STAIRWELL STAIR_LATERAL_OPEN
  ! bank_tower_a02.json: STAIRWELL STAIR_NOT_ENCLOSED
  ! bank_tower_a02.json: STAIRWELL STAIR_LATERAL_OPEN
  ! bank_tower_a02.json: STAIRWELL STAIR_LATERAL_OPEN
  ! brewery_a01.json: STAIRWELL STAIR_NOT_ENCLOSED
  ! brewery_a01.json: STAIRWELL STAIR_LATERAL_OPEN
  ! brewery_a01.json: STAIRWELL STAIR_LATERAL_OPEN
  ! brewery_a02.json: STAIRWELL STAIR_LATERAL_OPEN
  ! brewery_a02.json: STAIRWELL STAIR_LATERAL_OPEN
  ! brewery_a02.json: STAIRWELL STAIR_NOT_ENCLOSED
  ! brewery_a02.json: STAIRWELL STAIR_LATERAL_OPEN
  ! brewery_a02.json: STAIRWELL STAIR_LATERAL_OPEN
  ! casino_a02.json: STAIRWELL STAIR_LATERAL_OPEN
  ! casino_a02.json: STAIRWELL STAIR_LATERAL_OPEN
  ! casino_a02.json: STAIRWELL STAIR_NOT_ENCLOSED
  ! casino_a02.json: STAIRWELL STAIR_LATERAL_OPEN
  ! casino_a02.json: STAIRWELL STAIR_LATERAL_OPEN
  ! casino_a03.json: STAIRWELL STAIR_NOT_ENCLOSED
  ! casino_a03.json: STAIRWELL STAIR_LATERAL_OPEN
  ! casino_a03.json: STAIRWELL STAIR_LATERAL_OPEN
  ! cbp_town_finale_midbalanced_schemafixed.json: STAIRWELL STAIR_NOT_ENCLOSED
  ! cbp_town_finale_midbalanced_schemafixed.json: STAIRWELL STAIR_ACCESS_THROUGH_PROHIBITED_ROOM
  ! cbp_town_finale_midbalanced_schemafixed.json: STAIRWELL STAIR_VOLUME_INVADED
  ! cbp_town_finale_midbalanced_schemafixed.json: STAIRWELL STAIR_LATERAL_OPEN
  ! cbp_town_finale_midbalanced_schemafixed.json: STAIRWELL STAIR_LATERAL_OPEN
  ! cbp_town_finale_midbalanced_schemafixed.json: STAIRWELL STAIR_OPENING_UNGUARDED
  ! cbp_town_finale_midbalanced_schemafixed.json: STAIRWELL STAIR_NOT_ENCLOSED
  ! cbp_town_finale_midbalanced_schemafixed.json: STAIRWELL STAIR_ACCESS_THROUGH_PROHIBITED_ROOM
  ! cbp_town_finale_midbalanced_schemafixed.json: STAIRWELL STAIR_VOLUME_INVADED
  ! cbp_town_finale_midbalanced_schemafixed.json: STAIRWELL STAIR_LATERAL_OPEN
  ! cbp_town_finale_midbalanced_schemafixed.json: STAIRWELL STAIR_LATERAL_OPEN
  ! cbp_town_finale_midbalanced_schemafixed.json: STAIRWELL STAIR_OPENING_UNGUARDED
  ! cbp_town_finale_midbalanced_schemafixed.json: STAIRWELL STAIR_ACCESS_THROUGH_PROHIBITED_ROOM
  ! cbp_town_finale_midbalanced_schemafixed.json: STAIRWELL STAIR_VOLUME_INVADED
  ! cbp_town_finale_midbalanced_schemafixed.json: STAIRWELL STAIR_LATERAL_OPEN
  ! cbp_town_finale_midbalanced_schemafixed.json: STAIRWELL STAIR_LATERAL_OPEN
  ! cbp_town_finale_midbalanced_schemafixed.json: STAIRWELL STAIR_LATERAL_OPEN
  ! cbp_town_finale_midbalanced_schemafixed.json: STAIRWELL STAIR_LATERAL_OPEN
  ! clinic_a02.json: STAIRWELL STAIR_NOT_ENCLOSED
  ! clinic_a02.json: STAIRWELL STAIR_LATERAL_OPEN
  ! clinic_a02.json: STAIRWELL STAIR_LATERAL_OPEN
  ! construction_site_a01.json: STAIRWELL STAIR_NOT_ENCLOSED
  ! construction_site_a01.json: STAIRWELL STAIR_LATERAL_OPEN
  ! construction_site_a01.json: STAIRWELL STAIR_LATERAL_OPEN
  ! construction_site_a02.json: STAIRWELL STAIR_LATERAL_OPEN
  ! construction_site_a02.json: STAIRWELL STAIR_LATERAL_OPEN
  ! construction_site_a02.json: STAIRWELL STAIR_NOT_ENCLOSED
  ! construction_site_a02.json: STAIRWELL STAIR_LATERAL_OPEN
  ! construction_site_a02.json: STAIRWELL STAIR_LATERAL_OPEN
  ! construction_site_a03.json: STAIRWELL STAIR_NOT_ENCLOSED
  ! construction_site_a03.json: STAIRWELL STAIR_LATERAL_OPEN
  ! construction_site_a03.json: STAIRWELL STAIR_LATERAL_OPEN
  ! corner_deli_heist_01.json: STAIRWELL BASEMENT_CONTINUATION_NOT_INTERRUPTED
  ! corner_deli_heist_01.json: STAIRWELL STAIR_DOOR_OPENS_ONTO_TREAD
  ! country_club_a01.json: STAIRWELL STAIR_LATERAL_OPEN
  ! country_club_a01.json: STAIRWELL STAIR_LATERAL_OPEN
  ! country_club_a01.json: STAIRWELL STAIR_NOT_ENCLOSED
  ! country_club_a01.json: STAIRWELL STAIR_LATERAL_OPEN
  ! country_club_a01.json: STAIRWELL STAIR_LATERAL_OPEN
  ! country_club_a02.json: STAIRWELL STAIR_NOT_ENCLOSED
  ! country_club_a02.json: STAIRWELL STAIR_LATERAL_OPEN
  ! country_club_a02.json: STAIRWELL STAIR_LATERAL_OPEN
  ! courthouse_a01.json: STAIRWELL STAIR_NOT_ENCLOSED
  ! courthouse_a01.json: STAIRWELL STAIR_LATERAL_OPEN
  ! courthouse_a01.json: STAIRWELL STAIR_LATERAL_OPEN
  ! courthouse_a01.json: STAIRWELL STAIR_LATERAL_OPEN
  ! courthouse_a01.json: STAIRWELL STAIR_LATERAL_OPEN
  ! courthouse_a01.json: STAIRWELL STAIR_NOT_ENCLOSED
  ! courthouse_a01.json: STAIRWELL STAIR_LATERAL_OPEN
  ! courthouse_a01.json: STAIRWELL STAIR_LATERAL_OPEN
  ! courthouse_a02.json: LADDER
  ! courthouse_a02.json: STAIRWELL STAIR_NOT_ENCLOSED
  ! courthouse_a02.json: STAIRWELL STAIR_LATERAL_OPEN
  ! courthouse_a02.json: STAIRWELL STAIR_LATERAL_OPEN
  ! cr_deli.json: LADDER
  ! cr_deli.json: STAIRWELL STAIR_NOT_ENCLOSED
  ! cr_deli.json: STAIRWELL STAIR_LATERAL_OPEN
  ! cr_deli.json: STAIRWELL STAIR_LATERAL_OPEN
  ! cr_garage.json: STAIRWELL STAIR_LATERAL_OPEN
  ! cr_garage.json: STAIRWELL STAIR_LATERAL_OPEN
  ! cr_pawn.json: LADDER
  ! cr_pawn.json: LADDER
  ! cr_pawn.json: STAIRWELL STAIR_ACCESS_THROUGH_PROHIBITED_ROOM
  ! cr_pawn.json: STAIRWELL STAIR_NOT_ENCLOSED
  ! cr_pawn.json: STAIRWELL STAIR_LATERAL_OPEN
  ! credit_union_a01.json: STAIRWELL STAIR_ACCESS_THROUGH_PROHIBITED_ROOM
  ! credit_union_a01.json: STAIRWELL STAIR_NOT_ENCLOSED
  ! credit_union_a01.json: STAIRWELL STAIR_LATERAL_OPEN
  ! credit_union_a01.json: STAIRWELL STAIR_LATERAL_OPEN
  ! credit_union_a01.json: STAIRWELL STAIR_NOT_ENCLOSED
  ! credit_union_a01.json: STAIRWELL STAIR_LATERAL_OPEN
  ! credit_union_a01.json: STAIRWELL STAIR_LATERAL_OPEN
  ! credit_union_a02.json: STAIRWELL STAIR_LATERAL_OPEN
  ! credit_union_a02.json: STAIRWELL STAIR_LATERAL_OPEN
  ! credit_union_a03.json: STAIRWELL STAIR_NOT_ENCLOSED
  ! credit_union_a03.json: STAIRWELL STAIR_LATERAL_OPEN
  ! credit_union_a03.json: STAIRWELL STAIR_LATERAL_OPEN
  ! credit_union_a03.json: STAIRWELL STAIR_NOT_ENCLOSED
  ! credit_union_a03.json: STAIRWELL STAIR_LATERAL_OPEN
  ! credit_union_a03.json: STAIRWELL STAIR_LATERAL_OPEN
  ! deli_a01.json: LADDER
  ! deli_a01.json: STAIRWELL STAIR_NOT_ENCLOSED
  ! deli_a01.json: STAIRWELL STAIR_LATERAL_OPEN
  ! deli_a01.json: STAIRWELL STAIR_LATERAL_OPEN
  ! deli_a01.json: STAIRWELL STAIR_LATERAL_OPEN
  ! deli_a01.json: STAIRWELL STAIR_LATERAL_OPEN
  ! deli_a02.json: LADDER
  ! deli_a02.json: STAIRWELL STAIR_NOT_ENCLOSED
  ! deli_a02.json: STAIRWELL STAIR_LATERAL_OPEN
  ! deli_a02.json: STAIRWELL STAIR_LATERAL_OPEN
  ! deli_a02.json: STAIRWELL STAIR_LATERAL_OPEN
  ! deli_a02.json: STAIRWELL STAIR_LATERAL_OPEN
  ! deli_a03.json: LADDER
  ! deli_a03.json: STAIRWELL STAIR_NOT_ENCLOSED
  ! deli_a03.json: STAIRWELL STAIR_LATERAL_OPEN
  ! deli_a03.json: STAIRWELL STAIR_LATERAL_OPEN
  ! deli_a03.json: STAIRWELL STAIR_LATERAL_OPEN
  ! deli_a03.json: STAIRWELL STAIR_LATERAL_OPEN
  ! depot_a02.json: STAIRWELL STAIR_LATERAL_OPEN
  ! depot_a02.json: STAIRWELL STAIR_LATERAL_OPEN
  ! depot_a02.json: STAIRWELL STAIR_NOT_ENCLOSED
  ! depot_a02.json: STAIRWELL STAIR_LATERAL_OPEN
  ! depot_a02.json: STAIRWELL STAIR_LATERAL_OPEN
  ! final_stand.json: STAIRWELL STAIR_ACCESS_THROUGH_PROHIBITED_ROOM
  ! final_stand.json: STAIRWELL STAIR_VOLUME_INVADED
  ! final_stand.json: STAIRWELL STAIR_HEADROOM_BLOCKED
  ! final_stand.json: STAIRWELL STAIR_LATERAL_OPEN
  ! final_stand.json: STAIRWELL STAIR_LATERAL_OPEN
  ! final_stand.json: STAIRWELL STAIR_OPENING_UNGUARDED
  ! final_stand.json: STAIRWELL STAIR_NOT_ENCLOSED
  ! final_stand.json: STAIRWELL STAIR_VOLUME_INVADED
  ! final_stand.json: STAIRWELL STAIR_LATERAL_OPEN
  ! final_stand.json: STAIRWELL STAIR_LATERAL_OPEN
  ! final_stand.json: STAIRWELL STAIR_OPENING_UNGUARDED
  ! foundry_heist_vertical.json: STAIRWELL STAIR_VOLUME_INVADED
  ! foundry_heist_vertical.json: STAIRWELL STAIR_LATERAL_OPEN
  ! foundry_heist_vertical.json: STAIRWELL STAIR_LATERAL_OPEN
  ! foundry_heist_vertical.json: STAIRWELL STAIR_OPENING_UNGUARDED
  ! foundry_heist_vertical.json: STAIRWELL STAIR_DOOR_OPENS_ONTO_TREAD
  ! foundry_heist_vertical.json: STAIRWELL STAIR_NOT_ENCLOSED
  ! foundry_heist_vertical.json: STAIRWELL STAIR_VOLUME_INVADED
  ! foundry_heist_vertical.json: STAIRWELL STAIR_HEADROOM_BLOCKED
  ! foundry_heist_vertical.json: STAIRWELL STAIR_LATERAL_OPEN
  ! foundry_heist_vertical.json: STAIRWELL STAIR_LATERAL_OPEN
  ! freight_terminal_a02.json: STAIRWELL STAIR_NOT_ENCLOSED
  ! freight_terminal_a02.json: STAIRWELL STAIR_LATERAL_OPEN
  ! freight_terminal_a02.json: STAIRWELL STAIR_LATERAL_OPEN
  ! freight_terminal_a03.json: STAIRWELL STAIR_LATERAL_OPEN
  ! freight_terminal_a03.json: STAIRWELL STAIR_LATERAL_OPEN
  ! freight_terminal_a03.json: STAIRWELL STAIR_NOT_ENCLOSED
  ! freight_terminal_a03.json: STAIRWELL STAIR_LATERAL_OPEN
  ! freight_terminal_a03.json: STAIRWELL STAIR_LATERAL_OPEN
  ! funeral_home_a01.json: STAIRWELL STAIR_LATERAL_OPEN
  ! funeral_home_a01.json: STAIRWELL STAIR_LATERAL_OPEN
  ! funeral_home_a01.json: STAIRWELL STAIR_NOT_ENCLOSED
  ! funeral_home_a01.json: STAIRWELL STAIR_LATERAL_OPEN
  ! funeral_home_a01.json: STAIRWELL STAIR_LATERAL_OPEN
  ! funeral_home_a02.json: STAIRWELL STAIR_NOT_ENCLOSED
  ! funeral_home_a02.json: STAIRWELL STAIR_LATERAL_OPEN
  ! funeral_home_a02.json: STAIRWELL STAIR_LATERAL_OPEN
  ! funeral_home_a03.json: STAIRWELL STAIR_LATERAL_OPEN
  ! funeral_home_a03.json: STAIRWELL STAIR_LATERAL_OPEN
  ! funeral_home_a03.json: STAIRWELL STAIR_NOT_ENCLOSED
  ! funeral_home_a03.json: STAIRWELL STAIR_LATERAL_OPEN
  ! funeral_home_a03.json: STAIRWELL STAIR_LATERAL_OPEN
  ! gs_auto_shop.json: STAIRWELL STAIR_ACCESS_THROUGH_PROHIBITED_ROOM
  ! gs_auto_shop.json: STAIRWELL STAIR_LATERAL_OPEN
  ! gs_auto_shop.json: STAIRWELL STAIR_LATERAL_OPEN
  ! harbor_score.json: STAIRWELL STAIR_NOT_ENCLOSED
  ! harbor_score.json: STAIRWELL STAIR_LATERAL_OPEN
  ! harbor_score.json: STAIRWELL STAIR_LATERAL_OPEN
  ! harbor_score.json: STAIRWELL STAIR_OPENING_UNGUARDED
  ! landmark_hall_a02.json: STAIRWELL STAIR_NOT_ENCLOSED
  ! landmark_hall_a02.json: STAIRWELL STAIR_LATERAL_OPEN
  ! landmark_hall_a02.json: STAIRWELL STAIR_LATERAL_OPEN
  ! landmark_hall_a03.json: STAIRWELL STAIR_LATERAL_OPEN
  ! landmark_hall_a03.json: STAIRWELL STAIR_LATERAL_OPEN
  ! landmark_hall_a03.json: STAIRWELL STAIR_NOT_ENCLOSED
  ! landmark_hall_a03.json: STAIRWELL STAIR_LATERAL_OPEN
  ! landmark_hall_a03.json: STAIRWELL STAIR_LATERAL_OPEN
  ! large_warehouse_a02.json: STAIRWELL STAIR_NOT_ENCLOSED
  ! large_warehouse_a02.json: STAIRWELL STAIR_LATERAL_OPEN
  ! large_warehouse_a02.json: STAIRWELL STAIR_LATERAL_OPEN
  ! large_warehouse_a03.json: LADDER
  ! large_warehouse_a03.json: STAIRWELL STAIR_NOT_ENCLOSED
  ! large_warehouse_a03.json: STAIRWELL STAIR_LATERAL_OPEN
  ! large_warehouse_a03.json: STAIRWELL STAIR_LATERAL_OPEN
  ! large_warehouse_a03.json: STAIRWELL STAIR_NOT_ENCLOSED
  ! large_warehouse_a03.json: STAIRWELL STAIR_LATERAL_OPEN
  ! large_warehouse_a03.json: STAIRWELL STAIR_LATERAL_OPEN
  ! large_warehouse_a03.json: STAIRWELL STAIR_NOT_ENCLOSED
  ! large_warehouse_a03.json: STAIRWELL STAIR_LATERAL_OPEN
  ! large_warehouse_a03.json: STAIRWELL STAIR_LATERAL_OPEN
  ! lf_art_probe_001_5017.json: STAIRWELL STAIR_ACCESS_THROUGH_PROHIBITED_ROOM
  ! lf_art_probe_001_5017.json: STAIRWELL STAIR_NOT_ENCLOSED
  ! lf_art_probe_001_5017.json: STAIRWELL STAIR_LATERAL_OPEN
  ! lf_art_probe_001_5017.json: STAIRWELL STAIR_LATERAL_OPEN
  ! lf_art_probe_001_5017.json: STAIRWELL STAIR_OPENING_UNGUARDED
  ! lf_art_probe_001_5017.json: STAIRWELL STAIR_ACCESS_THROUGH_PROHIBITED_ROOM
  ! lf_art_probe_001_5017.json: STAIRWELL STAIR_NOT_ENCLOSED
  ! lf_art_probe_001_5017.json: STAIRWELL STAIR_LATERAL_OPEN
  ! lf_art_probe_001_5017.json: STAIRWELL STAIR_LATERAL_OPEN
  ! lf_category5_baie_dore_001_5017.json: STAIRWELL STAIR_ACCESS_THROUGH_PROHIBITED_ROOM
  ! lf_category5_baie_dore_001_5017.json: STAIRWELL STAIR_NOT_ENCLOSED
  ! lf_category5_baie_dore_001_5017.json: STAIRWELL STAIR_LATERAL_OPEN
  ! lf_category5_baie_dore_001_5017.json: STAIRWELL STAIR_LATERAL_OPEN
  ! lf_category5_baie_dore_001_5017.json: STAIRWELL STAIR_OPENING_UNGUARDED
  ! lf_category5_baie_dore_001_5118.json: STAIRWELL STAIR_ACCESS_THROUGH_PROHIBITED_ROOM
  ! lf_category5_baie_dore_001_5118.json: STAIRWELL STAIR_NOT_ENCLOSED
  ! lf_category5_baie_dore_001_5118.json: STAIRWELL STAIR_LATERAL_OPEN
  ! lf_category5_baie_dore_001_5118.json: STAIRWELL STAIR_LATERAL_OPEN
  ! lf_category5_baie_dore_001_5118.json: STAIRWELL STAIR_OPENING_UNGUARDED
  ! lf_category5_baie_dore_001_5219.json: STAIRWELL STAIR_ACCESS_THROUGH_PROHIBITED_ROOM
  ! lf_category5_baie_dore_001_5219.json: STAIRWELL STAIR_NOT_ENCLOSED
  ! lf_category5_baie_dore_001_5219.json: STAIRWELL STAIR_LATERAL_OPEN
  ! lf_category5_baie_dore_001_5219.json: STAIRWELL STAIR_LATERAL_OPEN
  ! lf_category5_baie_dore_001_5219.json: STAIRWELL STAIR_OPENING_UNGUARDED
  ! lf_category5_baie_dore_001_5320.json: STAIRWELL STAIR_ACCESS_THROUGH_PROHIBITED_ROOM
  ! lf_category5_baie_dore_001_5320.json: STAIRWELL STAIR_NOT_ENCLOSED
  ! lf_category5_baie_dore_001_5320.json: STAIRWELL STAIR_LATERAL_OPEN
  ! lf_category5_baie_dore_001_5320.json: STAIRWELL STAIR_LATERAL_OPEN
  ! lf_category5_baie_dore_001_5320.json: STAIRWELL STAIR_OPENING_UNGUARDED
  ! lf_category5_baie_dore_001_5421.json: STAIRWELL STAIR_ACCESS_THROUGH_PROHIBITED_ROOM
  ! lf_category5_baie_dore_001_5421.json: STAIRWELL STAIR_NOT_ENCLOSED
  ! lf_category5_baie_dore_001_5421.json: STAIRWELL STAIR_LATERAL_OPEN
  ! lf_category5_baie_dore_001_5421.json: STAIRWELL STAIR_LATERAL_OPEN
  ! lf_category5_baie_dore_001_5421.json: STAIRWELL STAIR_OPENING_UNGUARDED
  ! lf_lot_demo_001_5017.json: STAIRWELL STAIR_ACCESS_THROUGH_PROHIBITED_ROOM
  ! lf_lot_demo_001_5017.json: STAIRWELL STAIR_NOT_ENCLOSED
  ! lf_lot_demo_001_5017.json: STAIRWELL STAIR_LATERAL_OPEN
  ! lf_lot_demo_001_5017.json: STAIRWELL STAIR_LATERAL_OPEN
  ! lf_lot_demo_001_5017.json: STAIRWELL STAIR_OPENING_UNGUARDED
  ! lf_lot_demo_001_5017.json: STAIRWELL STAIR_ACCESS_THROUGH_PROHIBITED_ROOM
  ! lf_lot_demo_001_5017.json: STAIRWELL STAIR_NOT_ENCLOSED
  ! lf_lot_demo_001_5017.json: STAIRWELL STAIR_LATERAL_OPEN
  ! lf_lot_demo_001_5017.json: STAIRWELL STAIR_LATERAL_OPEN
  ! lf_lot_demo_001_5118.json: STAIRWELL STAIR_ACCESS_THROUGH_PROHIBITED_ROOM
  ! lf_lot_demo_001_5118.json: STAIRWELL STAIR_NOT_ENCLOSED
  ! lf_lot_demo_001_5118.json: STAIRWELL STAIR_LATERAL_OPEN
  ! lf_lot_demo_001_5118.json: STAIRWELL STAIR_LATERAL_OPEN
  ! lf_lot_demo_001_5118.json: STAIRWELL STAIR_OPENING_UNGUARDED
  ! lf_lot_demo_001_5118.json: STAIRWELL STAIR_ACCESS_THROUGH_PROHIBITED_ROOM
  ! lf_lot_demo_001_5118.json: STAIRWELL STAIR_NOT_ENCLOSED
  ! lf_lot_demo_001_5118.json: STAIRWELL STAIR_LATERAL_OPEN
  ! lf_lot_demo_001_5118.json: STAIRWELL STAIR_LATERAL_OPEN
  ! lf_lot_demo_001_5219.json: STAIRWELL STAIR_ACCESS_THROUGH_PROHIBITED_ROOM
  ! lf_lot_demo_001_5219.json: STAIRWELL STAIR_NOT_ENCLOSED
  ! lf_lot_demo_001_5219.json: STAIRWELL STAIR_LATERAL_OPEN
  ! lf_lot_demo_001_5219.json: STAIRWELL STAIR_LATERAL_OPEN
  ! lf_lot_demo_001_5219.json: STAIRWELL STAIR_OPENING_UNGUARDED
  ! lf_lot_demo_001_5219.json: STAIRWELL STAIR_ACCESS_THROUGH_PROHIBITED_ROOM
  ! lf_lot_demo_001_5219.json: STAIRWELL STAIR_NOT_ENCLOSED
  ! lf_lot_demo_001_5219.json: STAIRWELL STAIR_LATERAL_OPEN
  ! lf_lot_demo_001_5219.json: STAIRWELL STAIR_LATERAL_OPEN
  ! lf_unlit_probe_001_5017.json: STAIRWELL STAIR_ACCESS_THROUGH_PROHIBITED_ROOM
  ! lf_unlit_probe_001_5017.json: STAIRWELL STAIR_NOT_ENCLOSED
  ! lf_unlit_probe_001_5017.json: STAIRWELL STAIR_LATERAL_OPEN
  ! lf_unlit_probe_001_5017.json: STAIRWELL STAIR_LATERAL_OPEN
  ! lf_unlit_probe_001_5017.json: STAIRWELL STAIR_OPENING_UNGUARDED
  ! lf_unlit_probe_001_5017.json: STAIRWELL STAIR_ACCESS_THROUGH_PROHIBITED_ROOM
  ! lf_unlit_probe_001_5017.json: STAIRWELL STAIR_NOT_ENCLOSED
  ! lf_unlit_probe_001_5017.json: STAIRWELL STAIR_LATERAL_OPEN
  ! lf_unlit_probe_001_5017.json: STAIRWELL STAIR_LATERAL_OPEN
  ! mansion_a01.json: STAIRWELL STAIR_NOT_ENCLOSED
  ! mansion_a01.json: STAIRWELL STAIR_LATERAL_OPEN
  ! mansion_a01.json: STAIRWELL STAIR_LATERAL_OPEN
  ! mansion_a01.json: STAIRWELL STAIR_NOT_ENCLOSED
  ! mansion_a01.json: STAIRWELL STAIR_LATERAL_OPEN
  ! mansion_a01.json: STAIRWELL STAIR_LATERAL_OPEN
  ! mansion_a02.json: STAIRWELL STAIR_NOT_ENCLOSED
  ! mansion_a02.json: STAIRWELL STAIR_LATERAL_OPEN
  ! mansion_a02.json: STAIRWELL STAIR_LATERAL_OPEN
  ! mansion_a03.json: STAIRWELL STAIR_NOT_ENCLOSED
  ! mansion_a03.json: STAIRWELL STAIR_LATERAL_OPEN
  ! mansion_a03.json: STAIRWELL STAIR_LATERAL_OPEN
  ! mansion_a03.json: STAIRWELL STAIR_LATERAL_OPEN
  ! mansion_a03.json: STAIRWELL STAIR_LATERAL_OPEN
  ! mansion_a03.json: STAIRWELL STAIR_NOT_ENCLOSED
  ! mansion_a03.json: STAIRWELL STAIR_LATERAL_OPEN
  ! mansion_a03.json: STAIRWELL STAIR_LATERAL_OPEN
  ! marina_a01.json: STAIRWELL STAIR_LATERAL_OPEN
  ! marina_a01.json: STAIRWELL STAIR_LATERAL_OPEN
  ! marina_a01.json: STAIRWELL STAIR_NOT_ENCLOSED
  ! marina_a01.json: STAIRWELL STAIR_LATERAL_OPEN
  ! marina_a01.json: STAIRWELL STAIR_LATERAL_OPEN
  ! marina_a02.json: STAIRWELL STAIR_NOT_ENCLOSED
  ! marina_a02.json: STAIRWELL STAIR_LATERAL_OPEN
  ! marina_a02.json: STAIRWELL STAIR_LATERAL_OPEN
  ! market_hall_a02.json: STAIRWELL STAIR_LATERAL_OPEN
  ! market_hall_a02.json: STAIRWELL STAIR_LATERAL_OPEN
  ! market_hall_a02.json: STAIRWELL STAIR_NOT_ENCLOSED
  ! market_hall_a02.json: STAIRWELL STAIR_LATERAL_OPEN
  ! market_hall_a02.json: STAIRWELL STAIR_LATERAL_OPEN
  ! market_hall_a03.json: STAIRWELL STAIR_NOT_ENCLOSED
  ! market_hall_a03.json: STAIRWELL STAIR_LATERAL_OPEN
  ! market_hall_a03.json: STAIRWELL STAIR_LATERAL_OPEN
  ! museum_a01.json: STAIRWELL STAIR_NOT_ENCLOSED
  ! museum_a01.json: STAIRWELL STAIR_LATERAL_OPEN
  ! museum_a01.json: STAIRWELL STAIR_LATERAL_OPEN
  ! museum_a01.json: STAIRWELL STAIR_NOT_ENCLOSED
  ! museum_a01.json: STAIRWELL STAIR_LATERAL_OPEN
  ! museum_a01.json: STAIRWELL STAIR_LATERAL_OPEN
  ! museum_a02.json: STAIRWELL STAIR_LATERAL_OPEN
  ! museum_a02.json: STAIRWELL STAIR_LATERAL_OPEN
  ! museum_a02.json: STAIRWELL STAIR_NOT_ENCLOSED
  ! museum_a02.json: STAIRWELL STAIR_LATERAL_OPEN
  ! museum_a02.json: STAIRWELL STAIR_LATERAL_OPEN
  ! museum_a03.json: LADDER
  ! museum_a03.json: STAIRWELL STAIR_NOT_ENCLOSED
  ! museum_a03.json: STAIRWELL STAIR_LATERAL_OPEN
  ! museum_a03.json: STAIRWELL STAIR_LATERAL_OPEN
  ! night_auto.json: LADDER
  ! night_auto.json: LADDER
  ! night_auto.json: STAIRWELL STAIR_ACCESS_THROUGH_PROHIBITED_ROOM
  ! night_auto.json: STAIRWELL STAIR_LATERAL_OPEN
  ! night_auto.json: STAIRWELL STAIR_LATERAL_OPEN
  ! night_deli.json: LADDER
  ! night_deli.json: STAIRWELL STAIR_NOT_ENCLOSED
  ! night_deli.json: STAIRWELL STAIR_LATERAL_OPEN
  ! night_deli.json: STAIRWELL STAIR_LATERAL_OPEN
  ! night_pawn.json: LADDER
  ! night_pawn.json: LADDER
  ! night_pawn.json: STAIRWELL STAIR_NOT_ENCLOSED
  ! night_pawn.json: STAIRWELL STAIR_LATERAL_OPEN
  ! night_pawn.json: STAIRWELL STAIR_LATERAL_OPEN
  ! night_pawn.json: STAIRWELL STAIR_DOOR_OPENS_ONTO_TREAD
  ! office.json: STAIRWELL STAIR_NOT_ENCLOSED
  ! office.json: STAIRWELL STAIR_LATERAL_OPEN
  ! office.json: STAIRWELL STAIR_LATERAL_OPEN
  ! office.json: STAIRWELL STAIR_OPENING_UNGUARDED
  ! office.json: STAIRWELL STAIR_LOW_ARCHETYPE_FIT
  ! parking_garage.json: STAIRWELL STAIR_LATERAL_OPEN
  ! parking_garage.json: STAIRWELL STAIR_LATERAL_OPEN
  ! parking_garage_a01.json: STAIRWELL STAIR_LATERAL_OPEN
  ! parking_garage_a01.json: STAIRWELL STAIR_LATERAL_OPEN
  ! parking_garage_a02.json: STAIRWELL STAIR_LATERAL_OPEN
  ! parking_garage_a02.json: STAIRWELL STAIR_LATERAL_OPEN
  ! pawn_shop_a01.json: LADDER
  ! pawn_shop_a01.json: LADDER
  ! pawn_shop_a01.json: STAIRWELL STAIR_NOT_ENCLOSED
  ! pawn_shop_a01.json: STAIRWELL STAIR_LATERAL_OPEN
  ! pawn_shop_a02.json: STAIRWELL STAIR_NOT_ENCLOSED
  ! pawn_shop_a02.json: STAIRWELL STAIR_LATERAL_OPEN
  ! pharmacy_a02.json: STAIRWELL STAIR_ACCESS_THROUGH_PROHIBITED_ROOM
  ! pharmacy_a02.json: STAIRWELL STAIR_NOT_ENCLOSED
  ! pharmacy_a02.json: STAIRWELL STAIR_LATERAL_OPEN
  ! pharmacy_a02.json: STAIRWELL STAIR_LATERAL_OPEN
  ! pharmacy_a02.json: STAIRWELL STAIR_NOT_ENCLOSED
  ! pharmacy_a02.json: STAIRWELL STAIR_LATERAL_OPEN
  ! pharmacy_a02.json: STAIRWELL STAIR_LATERAL_OPEN
  ! primos_pizza.json: STAIRWELL STAIR_NOT_ENCLOSED
  ! primos_pizza.json: STAIRWELL STAIR_VOLUME_INVADED
  ! primos_pizza.json: STAIRWELL STAIR_LATERAL_OPEN
  ! primos_pizza.json: STAIRWELL STAIR_LATERAL_OPEN
  ! pvp_station_ref.json: STAIRWELL STAIR_NOT_ENCLOSED
  ! pvp_station_ref.json: STAIRWELL STAIR_LATERAL_OPEN
  ! pvp_station_ref.json: STAIRWELL STAIR_LATERAL_OPEN
  ! rail_station_a01.json: STAIRWELL STAIR_NOT_ENCLOSED
  ! rail_station_a01.json: STAIRWELL STAIR_LATERAL_OPEN
  ! rail_station_a01.json: STAIRWELL STAIR_LATERAL_OPEN
  ! rail_station_a01.json: STAIRWELL STAIR_NOT_ENCLOSED
  ! rail_station_a01.json: STAIRWELL STAIR_LATERAL_OPEN
  ! rail_station_a01.json: STAIRWELL STAIR_LATERAL_OPEN
  ! rail_station_a02.json: STAIRWELL STAIR_LATERAL_OPEN
  ! rail_station_a02.json: STAIRWELL STAIR_LATERAL_OPEN
  ! rail_station_a02.json: STAIRWELL STAIR_NOT_ENCLOSED
  ! rail_station_a02.json: STAIRWELL STAIR_LATERAL_OPEN
  ! rail_station_a02.json: STAIRWELL STAIR_LATERAL_OPEN
  ! rail_station_a03.json: STAIRWELL STAIR_NOT_ENCLOSED
  ! rail_station_a03.json: STAIRWELL STAIR_LATERAL_OPEN
  ! rail_station_a03.json: STAIRWELL STAIR_LATERAL_OPEN
  ! rowhouse_raid.json: LADDER LEGACY_FIRE_ESCAPE_PROFILE
  ! rowhouse_raid.json: STAIRWELL STAIR_NOT_ENCLOSED
  ! rowhouse_raid.json: STAIRWELL STAIR_LATERAL_OPEN
  ! rowhouse_raid.json: STAIRWELL STAIR_LATERAL_OPEN
  ! self_storage_a02.json: STAIRWELL STAIR_NOT_ENCLOSED
  ! self_storage_a02.json: STAIRWELL STAIR_LATERAL_OPEN
  ! self_storage_a02.json: STAIRWELL STAIR_LATERAL_OPEN
  ! self_storage_a03.json: STAIRWELL STAIR_LATERAL_OPEN
  ! self_storage_a03.json: STAIRWELL STAIR_LATERAL_OPEN
  ! self_storage_a03.json: STAIRWELL STAIR_NOT_ENCLOSED
  ! self_storage_a03.json: STAIRWELL STAIR_LATERAL_OPEN
  ! self_storage_a03.json: STAIRWELL STAIR_LATERAL_OPEN
  ! stadium_a01.json: STAIRWELL STAIR_LATERAL_OPEN
  ! stadium_a01.json: STAIRWELL STAIR_LATERAL_OPEN
  ! stadium_a01.json: STAIRWELL STAIR_NOT_ENCLOSED
  ! stadium_a01.json: STAIRWELL STAIR_LATERAL_OPEN
  ! stadium_a01.json: STAIRWELL STAIR_LATERAL_OPEN
  ! stadium_a03.json: STAIRWELL STAIR_LATERAL_OPEN
  ! stadium_a03.json: STAIRWELL STAIR_LATERAL_OPEN
  ! stadium_a03.json: STAIRWELL STAIR_NOT_ENCLOSED
  ! stadium_a03.json: STAIRWELL STAIR_LATERAL_OPEN
  ! stadium_a03.json: STAIRWELL STAIR_LATERAL_OPEN
  ! stadium_a04.json: STAIRWELL STAIR_NOT_ENCLOSED
  ! stadium_a04.json: STAIRWELL STAIR_LATERAL_OPEN
  ! stadium_a04.json: STAIRWELL STAIR_LATERAL_OPEN
  ! strip_club_a02.json: STAIRWELL STAIR_LATERAL_OPEN
  ! strip_club_a02.json: STAIRWELL STAIR_LATERAL_OPEN
  ! strip_club_a02.json: STAIRWELL STAIR_NOT_ENCLOSED
  ! strip_club_a02.json: STAIRWELL STAIR_LATERAL_OPEN
  ! strip_club_a02.json: STAIRWELL STAIR_LATERAL_OPEN
  ! strip_club_a03.json: STAIRWELL STAIR_NOT_ENCLOSED
  ! strip_club_a03.json: STAIRWELL STAIR_LATERAL_OPEN
  ! strip_club_a03.json: STAIRWELL STAIR_LATERAL_OPEN
  ! strip_retail_a01.json: STAIRWELL STAIR_NOT_ENCLOSED
  ! strip_retail_a01.json: STAIRWELL STAIR_LATERAL_OPEN
  ! strip_retail_a01.json: STAIRWELL STAIR_LATERAL_OPEN
  ! strip_retail_a01.json: STAIRWELL STAIR_DOOR_OPENS_ONTO_TREAD
  ! strip_retail_a01.json: STAIRWELL STAIR_NOT_ENCLOSED
  ! strip_retail_a01.json: STAIRWELL STAIR_LATERAL_OPEN
  ! strip_retail_a01.json: STAIRWELL STAIR_LATERAL_OPEN
  ! supermarket_a02.json: STAIRWELL STAIR_NOT_ENCLOSED
  ! supermarket_a02.json: STAIRWELL STAIR_LATERAL_OPEN
  ! supermarket_a02.json: STAIRWELL STAIR_LATERAL_OPEN
  ! supermarket_a03.json: STAIRWELL STAIR_LATERAL_OPEN
  ! supermarket_a03.json: STAIRWELL STAIR_LATERAL_OPEN
  ! supermarket_a03.json: STAIRWELL STAIR_NOT_ENCLOSED
  ! supermarket_a03.json: STAIRWELL STAIR_LATERAL_OPEN
  ! supermarket_a03.json: STAIRWELL STAIR_LATERAL_OPEN
  ! survival_demo.json: STAIRWELL STAIR_NOT_ENCLOSED
  ! survival_demo.json: STAIRWELL STAIR_LATERAL_OPEN
  ! survival_demo.json: STAIRWELL STAIR_LATERAL_OPEN
  ! train_yard_a02.json: STAIRWELL STAIR_LATERAL_OPEN
  ! train_yard_a02.json: STAIRWELL STAIR_LATERAL_OPEN
  ! train_yard_a02.json: STAIRWELL STAIR_NOT_ENCLOSED
  ! train_yard_a02.json: STAIRWELL STAIR_LATERAL_OPEN
  ! train_yard_a02.json: STAIRWELL STAIR_LATERAL_OPEN
  ! train_yard_a03.json: STAIRWELL STAIR_NOT_ENCLOSED
  ! train_yard_a03.json: STAIRWELL STAIR_LATERAL_OPEN
  ! train_yard_a03.json: STAIRWELL STAIR_LATERAL_OPEN
  ! warehouse_a01.json: LADDER
  ! warehouse_a02.json: STAIRWELL STAIR_NOT_ENCLOSED
  ! warehouse_a02.json: STAIRWELL STAIR_LATERAL_OPEN
  ! warehouse_a02.json: STAIRWELL STAIR_LATERAL_OPEN

no hard findings -- warnings are authoring nits, gate stays green
== airport_terminal_a01 ==
  LINT-WARN: L9 4x identical cover volumes (4.0, 1.4, 1.2) -- vary dims/height (cover-box anti-pattern)
== airport_terminal_a02 ==
  LINT-WARN: L3 room 'bond_store' travel ~60m to exit (> 60m)
  LINT-WARN: L6 objective 'bond_store' touches main-entry face S
== apartment_walkup_a01 ==
  LINT-WARN: L16 camera_socket '01' at (9, -6) is tagged room 'front_hall' but stands in kitchen
  LINT-WARN: L1 room 'office' is 18m deep with 1 opening(s); expect 2 ways out (common-path rule)
== apartment_walkup_a03 ==
  LINT-WARN: L1 room 'upper_front' is 22m deep with 1 opening(s); expect 2 ways out (common-path rule)
  LINT-WARN: L4 dead-end connector 'upper_front' (22m)
== arena_a01 ==
  LINT-WARN: L3 room 'vault_room' travel ~61m to exit (> 60m)
  LINT-WARN: L6 objective 'vault_room' touches main-entry face S
== arena_a02 ==
  LINT-WARN: L9 4x identical cover volumes (3.0, 0.8, 1.2) -- vary dims/height (cover-box anti-pattern)
== auto_shop_a01 ==
  LINT-WARN: L16 defender_spawn at (-8, 6) is tagged room 'upper_storage' but stands in upper_office
  LINT-WARN: L1 room 'upper_storage' is 26m deep with 1 opening(s); expect 2 ways out (common-path rule)
== bank_branch_a02 ==
  LINT-WARN: L8 'bank_branch' spec has no room matching 'teller|counter' (signature program)
  LINT-WARN: L9 4x identical cover volumes (1.1, 1.1, 0.95) -- vary dims/height (cover-box anti-pattern)
== bank_branch_a03 ==
  LINT-WARN: L8 'bank_branch' spec has no room matching 'teller|counter' (signature program)
  LINT-WARN: L9 4x identical cover volumes (1.1, 1.1, 0.95) -- vary dims/height (cover-box anti-pattern)
== bank_branch_a04 ==
  LINT-WARN: L16 camera_socket '02' at (-17, 12) is tagged room 'vault_antechamber' but stands in vault_room
  LINT-WARN: L1 room 'mezzanine' is 40m deep with 1 opening(s); expect 2 ways out (common-path rule)
  LINT-WARN: L4 dead-end connector 'mezzanine' (40m)
== bank_tower_a01 ==
  LINT-WARN: L6 objective 'main_vault' touches main-entry face S
== bank_tower_a03 ==
  LINT-WARN: L8 'bank_tower' spec has no room matching 'vault|safe' (signature program)
  LINT-WARN: L9 4x identical cover volumes (2.6, 0.6, 1.0) -- vary dims/height (cover-box anti-pattern)
== brewery_a02 ==
  LINT-WARN: L9 4x identical cover volumes (2.8, 2.8, 4.4) -- vary dims/height (cover-box anti-pattern)
== casino_a01 ==
  LINT-WARN: L9 6x identical cover volumes (4.0, 1.2, 1.6) -- vary dims/height (cover-box anti-pattern)
== casino_a02 ==
  LINT-WARN: L6 objective 'count_room' touches main-entry face S
  LINT-WARN: L9 4x identical cover volumes (3.6, 1.2, 1.6) -- vary dims/height (cover-box anti-pattern)
== casino_a03 ==
  LINT-WARN: L8 'casino' spec has no room matching 'cage|count' (signature program)
== cbp_town_finale_midbalanced ==
  LINT-WARN: L16 info_window 'PRESS_INFO_WINDOW_TO_MID' at (0, -8.5) is tagged room 'broadcast_booth' but stands in press_service_hall
  LINT-WARN: L16 sightline_probe 'SIGHTLINE_LONG_PRESS_TO_FIELD' at (0, -8.5) is tagged room 'broadcast_booth' but stands in press_service_hall
== construction_site_a02 ==
  LINT-WARN: L6 objective 'equipment_cage' touches main-entry face S
== country_club_a01 ==
  LINT-WARN: L6 objective 'wine_cellar' touches main-entry face S
== courthouse_a01 ==
  LINT-WARN: L1 room 'chambers' is 46m deep with 1 opening(s); expect 2 ways out (common-path rule)
  LINT-WARN: L6 objective 'evidence_vault' touches main-entry face S
== cr_gas ==
  LINT-WARN: L16 extraction 'FORECOURT' at (0, -20) is tagged room 'sales_floor' but stands in forecourt
== deli_a03 ==
  LINT-WARN: L1 room 'deli_counter' is 11m deep with 1 opening(s); expect 2 ways out (common-path rule)
  LINT-WARN: L3 room 'apartment_hideout' travel ~64m to exit (> 60m)
== freight_terminal_a01 ==
  LINT-WARN: L9 4x identical cover volumes (6.0, 2.4, 2.6) -- vary dims/height (cover-box anti-pattern)
== fuel_stop_heist ==
  LINT-WARN: L16 cover_high 'PALLETS' at (-9, 8.5) is tagged room 'stockroom' but stands in manager_office
== funeral_home_a01 ==
  LINT-WARN: L6 objective 'prep_room' touches main-entry face S
== gas_station ==
  LINT-WARN: L16 extraction 'FORECOURT' at (0, -20) is tagged room 'sales_floor' but stands in no room on this storey
== gas_station_a01 ==
  LINT-WARN: L16 defender_spawn at (6, 7) is tagged room 'stockroom' but stands in sales_floor, back_office
  LINT-WARN: L16 camera_socket '01' at (13, -8) is tagged room 'sales_floor' but stands in stockroom
  LINT-WARN: L9 6x identical cover volumes (0.4, 0.4, 5.0) -- vary dims/height (cover-box anti-pattern)
  LINT-WARN: L9 6x identical cover volumes (1.0, 1.2, 1.4) -- vary dims/height (cover-box anti-pattern)
== gas_station_a02 ==
  LINT-WARN: L16 defender_spawn at (-9, 7) is tagged room 'stockroom' but stands in manager_office
  LINT-WARN: L16 objective 'A' at (9, 7) is tagged room 'manager_office' but stands in walk_in_cooler
  LINT-WARN: L16 camera_socket '01' at (13, -8) is tagged room 'sales_floor' but stands in food_service
  LINT-WARN: L9 6x identical cover volumes (0.5, 0.5, 4.9) -- vary dims/height (cover-box anti-pattern)
  LINT-WARN: L9 6x identical cover volumes (1.0, 1.2, 1.4) -- vary dims/height (cover-box anti-pattern)
== gas_station_a03 ==
  LINT-WARN: L16 defender_spawn at (6, 4) is tagged room 'stockroom' but stands in walkin_cooler
== gas_street ==
  LINT-WARN: L16 extraction 'FORECOURT' at (0, -20) is tagged room 'sales_floor' but stands in forecourt
== gs_corner_station ==
  LINT-WARN: L16 extraction 'FORECOURT' at (0, -20) is tagged room 'sales_floor' but stands in forecourt
== landmark_hall_a03 ==
  LINT-WARN: L6 objective 'conservation_vault' touches main-entry face S
== large_warehouse_a01 ==
  LINT-WARN: L9 5x identical cover volumes (1.4, 14.0, 4.0) -- vary dims/height (cover-box anti-pattern)
== large_warehouse_a03 ==
  LINT-WARN: L3 room 'bonded_archive' travel ~61m to exit (> 60m)
  LINT-WARN: L9 5x identical cover volumes (1.4, 16.0, 4.4) -- vary dims/height (cover-box anti-pattern)
== mansion_a01 ==
  LINT-WARN: L1 room 'bedroom_wing' is 36m deep with 1 opening(s); expect 2 ways out (common-path rule)
  LINT-WARN: L6 objective 'wine_vault' touches main-entry face S
== mansion_a03 ==
  LINT-WARN: L1 room 'private_wing' is 38m deep with 1 opening(s); expect 2 ways out (common-path rule)
  LINT-WARN: L6 objective 'panic_room' touches main-entry face S
== marina_a01 ==
  LINT-WARN: L16 camera_socket '01' at (14, -10) is tagged room 'loading_floor' but stands in office_wing
== market_hall_a01 ==
  LINT-WARN: L9 6x identical cover volumes (3.2, 2.4, 2.6) -- vary dims/height (cover-box anti-pattern)
== market_hall_a02 ==
  LINT-WARN: L6 objective 'cold_store' touches main-entry face S
  LINT-WARN: L9 4x identical cover volumes (3.0, 2.2, 2.6) -- vary dims/height (cover-box anti-pattern)
== market_hall_a03 ==
  LINT-WARN: L8 'market_hall' spec has no room matching 'cold|cage|deposit' (signature program)
== museum_a02 ==
  LINT-WARN: L6 objective 'art_storage' touches main-entry face S
== museum_a03 ==
  LINT-WARN: L6 objective 'artifact_wing' touches main-entry face S
== parking_garage_a01 ==
  LINT-WARN: L1 room 'deck_1' is 36m deep with 1 opening(s); expect 2 ways out (common-path rule)
  LINT-WARN: L4 dead-end connector 'deck_1' (36m)
  LINT-WARN: L9 24x identical cover volumes (0.5, 0.5, 3.0) -- vary dims/height (cover-box anti-pattern)
== parking_garage_a02 ==
  LINT-WARN: L3 room 'deck_1' travel ~66m to exit (> 60m)
  LINT-WARN: L9 24x identical cover volumes (0.5, 0.5, 3.0) -- vary dims/height (cover-box anti-pattern)
== pawn_shop_a01 ==
  LINT-WARN: L1 room 'upper_storage' is 16m deep with 1 opening(s); expect 2 ways out (common-path rule)
== rail_station_a01 ==
  LINT-WARN: L1 room 'platform_north' is 44m deep with 1 opening(s); expect 2 ways out (common-path rule)
  LINT-WARN: L4 dead-end connector 'platform_north' (44m)
== rail_station_a02 ==
  LINT-WARN: L6 objective 'fare_vault' touches main-entry face S
  LINT-WARN: L8 'rail_station' spec has no room matching 'money|dispatch' (signature program)
== stadium_a01 ==
  LINT-WARN: L3 room 'count_room' travel ~63m to exit (> 60m)
  LINT-WARN: L6 objective 'count_room' touches main-entry face S
== stadium_a02 ==
  LINT-WARN: L9 4x identical cover volumes (1.2, 1.2, 6.0) -- vary dims/height (cover-box anti-pattern)
== stadium_a03 ==
  LINT-WARN: L6 objective 'strong_room' touches main-entry face S
  LINT-WARN: L9 4x identical cover volumes (2.6, 2.0, 2.2) -- vary dims/height (cover-box anti-pattern)
== strip_retail_a01 ==
  LINT-WARN: L16 defender_spawn at (-5, 3) is tagged room 'social_club' but stands in upper_hall
  LINT-WARN: L16 camera_socket '01' at (8, -4) is tagged room 'dining_room' but stands in kitchen
  LINT-WARN: L1 room 'dough_cellar' is 14m deep with 1 opening(s); expect 2 ways out (common-path rule)
== supermarket_a01 ==
  LINT-WARN: L9 5x identical cover volumes (1.4, 14.0, 2.0) -- vary dims/height (cover-box anti-pattern)
== supermarket_a02 ==
  LINT-WARN: L7 venue public hall at sh 4.0m (< 4.2m reads flat)
== supermarket_a03 ==
  LINT-WARN: L6 objective 'count_cage' touches main-entry face S
  LINT-WARN: L9 4x identical cover volumes (1.4, 12.0, 2.0) -- vary dims/height (cover-box anti-pattern)
== train_yard_a01 ==
  LINT-WARN: L8 'train_yard' spec has no room matching 'store|signal' (signature program)
== train_yard_a02 ==
  LINT-WARN: L6 objective 'under_track_store' touches main-entry face S
  LINT-WARN: L9 4x identical cover volumes (3.4, 1.8, 1.8) -- vary dims/height (cover-box anti-pattern)
== warehouse_a02 ==
  LINT-WARN: L16 camera_socket '01' at (18, 11) is tagged room 'north_aisles' but stands in north_dock

[layout-lint] 129 specs: 0 FAIL, 93 WARN (57 specs with findings)
stair regression sweep: 2 seed(s) per preset per mode
  auto_shop            authored   2 seed(s): OK
  auto_shop            core_first 2 seed(s): OK
  bank                 authored   2 seed(s): OK
  bank                 core_first 2 seed(s): OK
  casino_tower         authored   2 seed(s): OK
  casino_tower         core_first 2 seed(s): OK
  compound             authored   2 seed(s): OK
  compound             core_first 2 seed(s): OK
  corner_deli          authored   2 seed(s): OK
  corner_deli          core_first 2 seed(s): OK
  hospital             authored   2 seed(s): OK
  hospital             core_first 2 seed(s): OK
  office               authored   2 seed(s): OK
  office               core_first 2 seed(s): OK
  parking_garage       authored   2 seed(s): OK
  parking_garage       core_first 2 seed(s): OK
  pawn_shop            authored   2 seed(s): OK
  pawn_shop            core_first 2 seed(s): OK
  police_station       authored   2 seed(s): OK
  police_station       core_first 2 seed(s): OK
  rowhome              authored   2 seed(s): OK
  rowhome              core_first 2 seed(s): OK
  suburban_safehouse   authored   2 seed(s): OK
  suburban_safehouse   core_first 2 seed(s): OK

48 variant(s) generated, 0 failure(s)
every variant: stairs classified, oriented, physically clean; all occupied stories reachable.
build-freshness: 135 of 138 shell(s) are OLDER than deli_counter.py
  newest geometry source: deli_counter.py  (2026-08-21 07:10)
  oldest stale shell:     07_police_station.glb  (2026-08-12 21:16, 8.4 days behind)
  Every gate that reads build/ -- nav_gate, and anything measuring a shell --
  is reporting on geometry this code no longer produces.  Rebuild:
      python build.py --all
nav-gate: using C:\Godot\4.7\Godot_v4.7-stable_win64.exe (DC_GODOT (explicit, unprobed))

== 07_police_station.glb ==
  bake: radius 0.40 cell 0.10 climb 0.15 slope 55
  navmesh polys: 262
  stair 07_police_station_stair_0: ok (path lower<->upper (undirected polygon graph))
  markers: 1/1 reachable from spawn
  markers (interior): 1/1 reachable -- what this bake can actually judge
  navigable: yes -- stairs traverse and all 1 interior marker(s) reachable from spawn

== airport_terminal_a01.glb ==
  bake: radius 0.40 cell 0.10 climb 0.15 slope 55
  navmesh polys: 191
  markers: 1/2 reachable from spawn
    unreachable: extraction_EXIT (snap 2.6m)
  markers (interior): 1/1 reachable -- what this bake can actually judge
    deferred to site scope: extraction_EXIT (snap 2.62m, outside the footprint)
  navigable: yes -- stairs traverse and all 1 interior marker(s) reachable from spawn; 1 deferred to site scope (extraction_EXIT)

== airport_terminal_a02.glb ==
  bake: radius 0.40 cell 0.10 climb 0.15 slope 55
  navmesh polys: 215
  stair at02_stair_n: ok (path lower<->upper (undirected polygon graph))
  stair at02_stair_s: ok (path lower<->upper (undirected polygon graph))
  markers: 1/2 reachable from spawn
    unreachable: extraction_EXIT (snap 2.6m)
  markers (interior): 1/1 reachable -- what this bake can actually judge
    deferred to site scope: extraction_EXIT (snap 2.57m, outside the footprint)
  navigable: yes -- stairs traverse and all 1 interior marker(s) reachable from spawn; 1 deferred to site scope (extraction_EXIT)

== airport_terminal_a03.glb ==
  bake: radius 0.40 cell 0.10 climb 0.15 slope 55
  navmesh polys: 250
  stair at03_stair_0: ok (path lower<->upper (undirected polygon graph))
  markers: 1/2 reachable from spawn
    unreachable: extraction_EXIT (snap 2.6m)
  markers (interior): 1/1 reachable -- what this bake can actually judge
    deferred to site scope: extraction_EXIT (snap 2.57m, outside the footprint)
  navigable: yes -- stairs traverse and all 1 interior marker(s) reachable from spawn; 1 deferred to site scope (extraction_EXIT)

== apartment_walkup_a01.glb ==
  bake: radius 0.40 cell 0.10 climb 0.15 slope 55
  navmesh polys: 206
  stair aw01_stair_dn: ok (path lower<->upper (undirected polygon graph))
  stair aw01_stair_up: ok (path lower<->upper (undirected polygon graph))
  markers: 1/2 reachable from spawn
    unreachable: extraction_STREET (snap 2.5m)
  markers (interior): 1/1 reachable -- what this bake can actually judge
    deferred to site scope: extraction_STREET (snap 2.45m, outside the footprint)
  navigable: yes -- stairs traverse and all 1 interior marker(s) reachable from spawn; 1 deferred to site scope (extraction_STREET)

== apartment_walkup_a02.glb ==
  bake: radius 0.40 cell 0.10 climb 0.15 slope 55
  navmesh polys: 118
  stair aw02_stair_0: ok (path lower<->upper (undirected polygon graph))
  markers: 1/2 reachable from spawn
    unreachable: extraction_STREET (snap 2.6m)
  markers (interior): 1/1 reachable -- what this bake can actually judge
    deferred to site scope: extraction_STREET (snap 2.57m, outside the footprint)
  navigable: yes -- stairs traverse and all 1 interior marker(s) reachable from spawn; 1 deferred to site scope (extraction_STREET)

== apartment_walkup_a03.glb ==
  bake: radius 0.40 cell 0.10 climb 0.15 slope 55
  navmesh polys: 95
  stair aw03_stair_0: ok (path lower<->upper (undirected polygon graph))
  markers: 1/2 reachable from spawn
    unreachable: extraction_STREET (snap 2.6m)
  markers (interior): 1/1 reachable -- what this bake can actually judge
    deferred to site scope: extraction_STREET (snap 2.57m, outside the footprint)
  navigable: yes -- stairs traverse and all 1 interior marker(s) reachable from spawn; 1 deferred to site scope (extraction_STREET)

== arena_a01.glb ==
  bake: radius 0.40 cell 0.10 climb 0.15 slope 55
  navmesh polys: 233
  stair ar01_stair_n: ok (path lower<->upper (undirected polygon graph))
  stair ar01_stair_s: ok (path lower<->upper (undirected polygon graph))
  markers: 1/2 reachable from spawn
    unreachable: extraction_EXIT (snap 2.6m)
  markers (interior): 1/1 reachable -- what this bake can actually judge
    deferred to site scope: extraction_EXIT (snap 2.57m, outside the footprint)
  navigable: yes -- stairs traverse and all 1 interior marker(s) reachable from spawn; 1 deferred to site scope (extraction_EXIT)

== arena_a02.glb ==
  bake: radius 0.40 cell 0.10 climb 0.15 slope 55
  navmesh polys: 184
  markers: 1/2 reachable from spawn
    unreachable: extraction_EXIT (snap 2.6m)
  markers (interior): 1/1 reachable -- what this bake can actually judge
    deferred to site scope: extraction_EXIT (snap 2.57m, outside the footprint)
  navigable: yes -- stairs traverse and all 1 interior marker(s) reachable from spawn; 1 deferred to site scope (extraction_EXIT)

== arena_a03.glb ==
  bake: radius 0.40 cell 0.10 climb 0.15 slope 55
  navmesh polys: 234
  stair ar03_stair_0: ok (path lower<->upper (undirected polygon graph))
  markers: 1/2 reachable from spawn
    unreachable: extraction_EXIT (snap 2.6m)
  markers (interior): 1/1 reachable -- what this bake can actually judge
    deferred to site scope: extraction_EXIT (snap 2.57m, outside the footprint)
  navigable: yes -- stairs traverse and all 1 interior marker(s) reachable from spawn; 1 deferred to site scope (extraction_EXIT)

== auto_shop_a01.glb ==
  bake: radius 0.40 cell 0.10 climb 0.15 slope 55
  navmesh polys: 171
  stair gs_auto_shop_stair_0: ok (path lower<->upper (undirected polygon graph))
  markers: 1/2 reachable from spawn
    unreachable: extraction_LOT (snap 2.6m)
  markers (interior): 1/1 reachable -- what this bake can actually judge
    deferred to site scope: extraction_LOT (snap 2.57m, outside the footprint)
  navigable: yes -- stairs traverse and all 1 interior marker(s) reachable from spawn; 1 deferred to site scope (extraction_LOT)

== auto_shop_a02.glb ==
  bake: radius 0.40 cell 0.10 climb 0.15 slope 55
  navmesh polys: 182
  stair night_auto_stair_0: ok (path lower<->upper (undirected polygon graph))
  markers: 1/2 reachable from spawn
    unreachable: extraction_LOT (snap 2.4m)
  markers (interior): 1/1 reachable -- what this bake can actually judge
    deferred to site scope: extraction_LOT (snap 2.38m, outside the footprint)
  navigable: yes -- stairs traverse and all 1 interior marker(s) reachable from spawn; 1 deferred to site scope (extraction_LOT)

== bank_branch_a02.glb ==
  bake: radius 0.40 cell 0.10 climb 0.15 slope 55
  navmesh polys: 279
  stair a02_stair_w: ok (path lower<->upper (undirected polygon graph))
  stair a02_stair_e: ok (path lower<->upper (undirected polygon graph))
  markers: 1/2 reachable from spawn
    unreachable: extraction_STREET (snap 2.6m)
  markers (interior): 1/1 reachable -- what this bake can actually judge
    deferred to site scope: extraction_STREET (snap 2.57m, outside the footprint)
  navigable: yes -- stairs traverse and all 1 interior marker(s) reachable from spawn; 1 deferred to site scope (extraction_STREET)

== bank_branch_a03.glb ==
  bake: radius 0.40 cell 0.10 climb 0.15 slope 55
  navmesh polys: 377
  stair a03_stair_down: ok (path lower<->upper (undirected polygon graph))
  stair a03_stair_up: ok (path lower<->upper (undirected polygon graph))
  stair a03_stair_svc: ok (path lower<->upper (undirected polygon graph))
  markers: 1/2 reachable from spawn
    unreachable: extraction_STREET (snap 2.6m)
  markers (interior): 1/1 reachable -- what this bake can actually judge
    deferred to site scope: extraction_STREET (snap 2.57m, outside the footprint)
  navigable: yes -- stairs traverse and all 1 interior marker(s) reachable from spawn; 1 deferred to site scope (extraction_STREET)

== bank_branch_a04.glb ==
  bake: radius 0.40 cell 0.10 climb 0.15 slope 55
  navmesh polys: 291
  stair a03_stair_bw: ok (path lower<->upper (undirected polygon graph))
  stair a03_stair_be: ok (path lower<->upper (undirected polygon graph))
  stair a03_stair_main: ok (path lower<->upper (undirected polygon graph))
  markers: 2/2 reachable from spawn
  markers (interior): 1/1 reachable -- what this bake can actually judge
    deferred to site scope: extraction_STREET (snap 1.58m, outside the footprint)
  navigable: yes -- stairs traverse and all 1 interior marker(s) reachable from spawn; 1 deferred to site scope (extraction_STREET)

== bank_job.glb ==
  bake: radius 0.40 cell 0.10 climb 0.15 slope 55
  navmesh polys: 322
  stair bank_job_stair_0: ok (path lower<->upper (undirected polygon graph))
  stair bank_job_stair_1: ok (path lower<->upper (undirected polygon graph))
  markers: 0 checked -- reachability UNJUDGED
  markers (interior): 0/0 reachable -- what this bake can actually judge
  navigable: UNJUDGED -- UNJUDGED: no marker was checked at all (no spawn marker, or nothing of a checked type) -- nothing asked whether this shell connects

== bank_tower_a01.glb ==
  bake: radius 0.40 cell 0.10 climb 0.15 slope 55
  navmesh polys: 222
  stair bt01_stair_n: ok (path lower<->upper (undirected polygon graph))
  stair bt01_stair_s: ok (path lower<->upper (undirected polygon graph))
  markers: 1/2 reachable from spawn
    unreachable: extraction_EXIT (snap 2.6m)
  markers (interior): 1/1 reachable -- what this bake can actually judge
    deferred to site scope: extraction_EXIT (snap 2.56m, outside the footprint)
  navigable: yes -- stairs traverse and all 1 interior marker(s) reachable from spawn; 1 deferred to site scope (extraction_EXIT)

== bank_tower_a02.glb ==
  bake: radius 0.40 cell 0.10 climb 0.15 slope 55
  navmesh polys: 232
  stair bt02_stair_0: ok (path lower<->upper (undirected polygon graph))
  markers: 1/2 reachable from spawn
    unreachable: extraction_EXIT (snap 2.6m)
  markers (interior): 1/1 reachable -- what this bake can actually judge
    deferred to site scope: extraction_EXIT (snap 2.57m, outside the footprint)
  navigable: yes -- stairs traverse and all 1 interior marker(s) reachable from spawn; 1 deferred to site scope (extraction_EXIT)

== bank_tower_a03.glb ==
  bake: radius 0.40 cell 0.10 climb 0.15 slope 55
  navmesh polys: 182
  markers: 1/2 reachable from spawn
    unreachable: extraction_EXIT (snap 2.6m)
  markers (interior): 1/1 reachable -- what this bake can actually judge
    deferred to site scope: extraction_EXIT (snap 2.57m, outside the footprint)
  navigable: yes -- stairs traverse and all 1 interior marker(s) reachable from spawn; 1 deferred to site scope (extraction_EXIT)

== brewery_a01.glb ==
  bake: radius 0.40 cell 0.10 climb 0.15 slope 55
  navmesh polys: 248
  stair br01_stair_0: ok (path lower<->upper (undirected polygon graph))
  markers: 1/2 reachable from spawn
    unreachable: extraction_LOT (snap 2.6m)
  markers (interior): 1/1 reachable -- what this bake can actually judge
    deferred to site scope: extraction_LOT (snap 2.57m, outside the footprint)
  navigable: yes -- stairs traverse and all 1 interior marker(s) reachable from spawn; 1 deferred to site scope (extraction_LOT)

== brewery_a02.glb ==
  bake: radius 0.40 cell 0.10 climb 0.15 slope 55
  navmesh polys: 232
  stair br02_stair_n: ok (path lower<->upper (undirected polygon graph))
  stair br02_stair_s: ok (path lower<->upper (undirected polygon graph))
  markers: 1/2 reachable from spawn
    unreachable: extraction_LOT (snap 2.6m)
  markers (interior): 1/1 reachable -- what this bake can actually judge
    deferred to site scope: extraction_LOT (snap 2.56m, outside the footprint)
  navigable: yes -- stairs traverse and all 1 interior marker(s) reachable from spawn; 1 deferred to site scope (extraction_LOT)

== brewery_a03.glb ==
  bake: radius 0.40 cell 0.10 climb 0.15 slope 55
  navmesh polys: 132
  markers: 1/2 reachable from spawn
    unreachable: extraction_LOT (snap 2.6m)
  markers (interior): 1/1 reachable -- what this bake can actually judge
    deferred to site scope: extraction_LOT (snap 2.57m, outside the footprint)
  navigable: yes -- stairs traverse and all 1 interior marker(s) reachable from spawn; 1 deferred to site scope (extraction_LOT)

== casino_a01.glb ==
  bake: radius 0.40 cell 0.10 climb 0.15 slope 55
  navmesh polys: 227
  markers: 1/2 reachable from spawn
    unreachable: extraction_EXIT (snap 2.6m)
  markers (interior): 1/1 reachable -- what this bake can actually judge
    deferred to site scope: extraction_EXIT (snap 2.62m, outside the footprint)
  navigable: yes -- stairs traverse and all 1 interior marker(s) reachable from spawn; 1 deferred to site scope (extraction_EXIT)

== casino_a02.glb ==
  bake: radius 0.40 cell 0.10 climb 0.15 slope 55
  navmesh polys: 249
  stair ca02_stair_n: ok (path lower<->upper (undirected polygon graph))
  stair ca02_stair_s: ok (path lower<->upper (undirected polygon graph))
  markers: 1/2 reachable from spawn
    unreachable: extraction_EXIT (snap 2.6m)
  markers (interior): 1/1 reachable -- what this bake can actually judge
    deferred to site scope: extraction_EXIT (snap 2.56m, outside the footprint)
  navigable: yes -- stairs traverse and all 1 interior marker(s) reachable from spawn; 1 deferred to site scope (extraction_EXIT)

== casino_a03.glb ==
  bake: radius 0.40 cell 0.10 climb 0.15 slope 55
  navmesh polys: 246
  stair ca03_stair_0: ok (path lower<->upper (undirected polygon graph))
  markers: 1/2 reachable from spawn
    unreachable: extraction_EXIT (snap 2.6m)
  markers (interior): 1/1 reachable -- what this bake can actually judge
    deferred to site scope: extraction_EXIT (snap 2.57m, outside the footprint)
  navigable: yes -- stairs traverse and all 1 interior marker(s) reachable from spawn; 1 deferred to site scope (extraction_EXIT)

== cbp_town_finale_midbalanced_schemafixed.glb ==
  bake: radius 0.40 cell 0.10 climb 0.15 slope 55
  navmesh polys: 1453
  stair cbp_town_finale_midbalanced_stair_0: no_path (endpoints on disjoint islands (lower on 56, upper on 29))
  stair cbp_town_finale_midbalanced_stair_1: no_path (endpoints on disjoint islands (lower on 57, upper on 29))
  stair cbp_town_finale_midbalanced_stair_2: ok (path lower<->upper (undirected polygon graph))
  stair cbp_town_finale_midbalanced_stair_3: ok (path lower<->upper (undirected polygon graph))
  markers: 2/6 reachable from spawn
    unreachable: extraction_CENTER_FIELD_TRUCK (snap 0.3m)
    unreachable: patrol_point_ROUTE_CLUB_SECURITY (snap 1.6m)
    unreachable: patrol_point_ROUTE_CASH_ROOM (snap 1.8m)
    unreachable: patrol_point_ROUTE_FIELD_RING (snap 0.9m)
  markers (interior): 2/6 reachable -- what this bake can actually judge
    interior unreachable: extraction_CENTER_FIELD_TRUCK (snap 0.3m)
    interior unreachable: patrol_point_ROUTE_CLUB_SECURITY (snap 1.6m)
    interior unreachable: patrol_point_ROUTE_CASH_ROOM (snap 1.9m)
    interior unreachable: patrol_point_ROUTE_FIELD_RING (snap 0.8m)
  navigable: NO -- a stair is not traversable, so this shell cannot be walked whatever its markers say

== clinic_a01.glb ==
  bake: radius 0.40 cell 0.10 climb 0.15 slope 55
  navmesh polys: 82
  markers: 1/2 reachable from spawn
    unreachable: extraction_STREET (snap 2.6m)
  markers (interior): 1/1 reachable -- what this bake can actually judge
    deferred to site scope: extraction_STREET (snap 2.57m, outside the footprint)
  navigable: yes -- stairs traverse and all 1 interior marker(s) reachable from spawn; 1 deferred to site scope (extraction_STREET)

== clinic_a02.glb ==
  bake: radius 0.40 cell 0.10 climb 0.15 slope 55
  navmesh polys: 147
  stair cl02_stair_0: ok (path lower<->upper (undirected polygon graph))
  markers: 1/2 reachable from spawn
    unreachable: extraction_STREET (snap 2.6m)
  markers (interior): 1/1 reachable -- what this bake can actually judge
    deferred to site scope: extraction_STREET (snap 2.57m, outside the footprint)
  navigable: yes -- stairs traverse and all 1 interior marker(s) reachable from spawn; 1 deferred to site scope (extraction_STREET)

== construction_site_a01.glb ==
  bake: radius 0.40 cell 0.10 climb 0.15 slope 55
  navmesh polys: 172
  stair cs01_stair_0: ok (path lower<->upper (undirected polygon graph))
  markers: 1/2 reachable from spawn
    unreachable: extraction_YARD (snap 2.6m)
  markers (interior): 1/1 reachable -- what this bake can actually judge
    deferred to site scope: extraction_YARD (snap 2.62m, outside the footprint)
  navigable: yes -- stairs traverse and all 1 interior marker(s) reachable from spawn; 1 deferred to site scope (extraction_YARD)

== construction_site_a02.glb ==
  bake: radius 0.40 cell 0.10 climb 0.15 slope 55
  navmesh polys: 118
  stair cs02_stair_n: ok (path lower<->upper (undirected polygon graph))
  stair cs02_stair_s: ok (path lower<->upper (undirected polygon graph))
  markers: 1/2 reachable from spawn
    unreachable: extraction_YARD (snap 2.6m)
  markers (interior): 1/1 reachable -- what this bake can actually judge
    deferred to site scope: extraction_YARD (snap 2.56m, outside the footprint)
  navigable: yes -- stairs traverse and all 1 interior marker(s) reachable from spawn; 1 deferred to site scope (extraction_YARD)

== construction_site_a03.glb ==
  bake: radius 0.40 cell 0.10 climb 0.15 slope 55
  navmesh polys: 168
  stair cs03_stair_0: ok (path lower<->upper (undirected polygon graph))
  markers: 1/2 reachable from spawn
    unreachable: extraction_YARD (snap 2.6m)
  markers (interior): 1/1 reachable -- what this bake can actually judge
    deferred to site scope: extraction_YARD (snap 2.57m, outside the footprint)
  navigable: yes -- stairs traverse and all 1 interior marker(s) reachable from spawn; 1 deferred to site scope (extraction_YARD)

== corner_deli_heist_01.glb ==
  bake: radius 0.40 cell 0.10 climb 0.15 slope 55
  navmesh polys: 560
  stair main_stack: ok (path lower<->upper (undirected polygon graph))
  markers: 4/9 reachable from spawn
    unreachable: extraction_VAN (snap 3.6m)
    unreachable: objective_REGISTER (snap 0.5m)
    unreachable: objective_SAFE (snap 2.6m)
    unreachable: objective_SERVER (snap 1.4m)
    unreachable: loot_VAULT_CASH (snap 2.4m)
  markers (interior): 4/8 reachable -- what this bake can actually judge
    interior unreachable: objective_REGISTER (snap 0.5m)
    interior unreachable: objective_SAFE (snap 2.6m)
    interior unreachable: objective_SERVER (snap 1.4m)
    interior unreachable: loot_VAULT_CASH (snap 2.4m)
    deferred to site scope: extraction_VAN (snap 3.59m, outside the footprint)
  navigable: NO -- 4 of 8 interior marker(s) unreachable from spawn: objective_REGISTER (snap 0.5m), objective_SAFE (snap 2.6m), objective_SERVER (snap 1.4m), loot_VAULT_CASH (snap 2.4m); 1 deferred to site scope (extraction_VAN)

== country_club_a01.glb ==
  bake: radius 0.40 cell 0.10 climb 0.15 slope 55
  navmesh polys: 136
  stair cc01_stair_n: ok (path lower<->upper (undirected polygon graph))
  stair cc01_stair_s: ok (path lower<->upper (undirected polygon graph))
  markers: 1/2 reachable from spawn
    unreachable: extraction_DRIVE (snap 2.6m)
  markers (interior): 1/1 reachable -- what this bake can actually judge
    deferred to site scope: extraction_DRIVE (snap 2.56m, outside the footprint)
  navigable: yes -- stairs traverse and all 1 interior marker(s) reachable from spawn; 1 deferred to site scope (extraction_DRIVE)

== country_club_a02.glb ==
  bake: radius 0.40 cell 0.10 climb 0.15 slope 55
  navmesh polys: 130
  stair cc02_stair_0: ok (path lower<->upper (undirected polygon graph))
  markers: 1/2 reachable from spawn
    unreachable: extraction_DRIVE (snap 2.6m)
  markers (interior): 1/1 reachable -- what this bake can actually judge
    deferred to site scope: extraction_DRIVE (snap 2.57m, outside the footprint)
  navigable: yes -- stairs traverse and all 1 interior marker(s) reachable from spawn; 1 deferred to site scope (extraction_DRIVE)

== courthouse_a01.glb ==
  bake: radius 0.40 cell 0.10 climb 0.15 slope 55
  navmesh polys: 208
  stair ch01_stair_b1: ok (path lower<->upper (undirected polygon graph))
  stair ch01_stair_b2: ok (path lower<->upper (undirected polygon graph))
  stair ch01_stair_up: ok (path lower<->upper (undirected polygon graph))
  markers: 1/2 reachable from spawn
    unreachable: extraction_PLAZA (snap 2.6m)
  markers (interior): 1/1 reachable -- what this bake can actually judge
    deferred to site scope: extraction_PLAZA (snap 2.56m, outside the footprint)
  navigable: yes -- stairs traverse and all 1 interior marker(s) reachable from spawn; 1 deferred to site scope (extraction_PLAZA)

== courthouse_a02.glb ==
  bake: radius 0.40 cell 0.10 climb 0.15 slope 55
  navmesh polys: 157
  stair ch02_stair_0: ok (path lower<->upper (undirected polygon graph))
  markers: 1/2 reachable from spawn
    unreachable: extraction_PLAZA (snap 2.5m)
  markers (interior): 1/1 reachable -- what this bake can actually judge
    deferred to site scope: extraction_PLAZA (snap 2.46m, outside the footprint)
  navigable: yes -- stairs traverse and all 1 interior marker(s) reachable from spawn; 1 deferred to site scope (extraction_PLAZA)

== courthouse_a03.glb ==
  bake: radius 0.40 cell 0.10 climb 0.15 slope 55
  navmesh polys: 121
  markers: 1/2 reachable from spawn
    unreachable: extraction_PLAZA (snap 2.6m)
  markers (interior): 1/1 reachable -- what this bake can actually judge
    deferred to site scope: extraction_PLAZA (snap 2.57m, outside the footprint)
  navigable: yes -- stairs traverse and all 1 interior marker(s) reachable from spawn; 1 deferred to site scope (extraction_PLAZA)

== cr_deli.glb ==
  bake: radius 0.40 cell 0.10 climb 0.15 slope 55
  navmesh polys: 550
  stair cr_deli_stair_0: ok (path lower<->upper (undirected polygon graph))
  markers: 4/9 reachable from spawn
    unreachable: extraction_VAN (snap 3.6m)
    unreachable: objective_REGISTER (snap 0.5m)
    unreachable: objective_SERVER (snap 1.4m)
    unreachable: objective_SAFE (snap 2.6m)
    unreachable: loot_VAULT_CASH (snap 2.4m)
  markers (interior): 4/8 reachable -- what this bake can actually judge
    interior unreachable: objective_REGISTER (snap 0.5m)
    interior unreachable: objective_SERVER (snap 1.4m)
    interior unreachable: objective_SAFE (snap 2.6m)
    interior unreachable: loot_VAULT_CASH (snap 2.4m)
    deferred to site scope: extraction_VAN (snap 3.59m, outside the footprint)
  navigable: NO -- 4 of 8 interior marker(s) unreachable from spawn: objective_REGISTER (snap 0.5m), objective_SERVER (snap 1.4m), objective_SAFE (snap 2.6m), loot_VAULT_CASH (snap 2.4m); 1 deferred to site scope (extraction_VAN)

== cr_garage.glb ==
  bake: radius 0.40 cell 0.10 climb 0.15 slope 55
  navmesh polys: 464
  stair cr_garage_stair_0: ok (path lower<->upper (undirected polygon graph))
  markers: 3/3 reachable from spawn
  markers (interior): 3/3 reachable -- what this bake can actually judge
  navigable: yes -- stairs traverse and all 3 interior marker(s) reachable from spawn

== cr_gas.glb ==
  bake: radius 0.40 cell 0.10 climb 0.15 slope 55
  navmesh polys: 298
  markers: 0/4 reachable from spawn
    unreachable: objective_REGISTER (snap 1.0m)
    unreachable: objective_SAFE (snap 0.7m)
    unreachable: loot_SAFECASH (snap 0.6m)
    unreachable: extraction_FORECOURT (snap 1.2m)
  markers (interior): 0/3 reachable -- what this bake can actually judge
    interior unreachable: objective_REGISTER (snap 1.0m)
    interior unreachable: objective_SAFE (snap 0.7m)
    interior unreachable: loot_SAFECASH (snap 0.6m)
    deferred to site scope: extraction_FORECOURT (snap 1.21m, outside the footprint)
  navigable: NO -- 3 of 3 interior marker(s) unreachable from spawn: objective_REGISTER (snap 1.0m), objective_SAFE (snap 0.7m), loot_SAFECASH (snap 0.6m); 1 deferred to site scope (extraction_FORECOURT)

== cr_pawn.glb ==
  bake: radius 0.40 cell 0.10 climb 0.15 slope 55
  navmesh polys: 177
  stair cr_pawn_stair_0: ok (path lower<->upper (undirected polygon graph))
  markers: 0 checked -- reachability UNJUDGED
  markers (interior): 0/0 reachable -- what this bake can actually judge
  navigable: UNJUDGED -- UNJUDGED: no marker was checked at all (no spawn marker, or nothing of a checked type) -- nothing asked whether this shell connects

== credit_union_a01.glb ==
  bake: radius 0.40 cell 0.10 climb 0.15 slope 55
  navmesh polys: 134
  stair cu01_stair_w: ok (path lower<->upper (undirected polygon graph))
  stair cu01_stair_e: ok (path lower<->upper (undirected polygon graph))
  markers: 1/2 reachable from spawn
    unreachable: extraction_STREET (snap 2.6m)
  markers (interior): 1/1 reachable -- what this bake can actually judge
    deferred to site scope: extraction_STREET (snap 2.56m, outside the footprint)
  navigable: yes -- stairs traverse and all 1 interior marker(s) reachable from spawn; 1 deferred to site scope (extraction_STREET)

== credit_union_a02.glb ==
  bake: radius 0.40 cell 0.10 climb 0.15 slope 55
  navmesh polys: 154
  stair cu02_stair_0: ok (path lower<->upper (undirected polygon graph))
  markers: 1/2 reachable from spawn
    unreachable: extraction_STREET (snap 2.6m)
  markers (interior): 1/1 reachable -- what this bake can actually judge
    deferred to site scope: extraction_STREET (snap 2.57m, outside the footprint)
  navigable: yes -- stairs traverse and all 1 interior marker(s) reachable from spawn; 1 deferred to site scope (extraction_STREET)

== credit_union_a03.glb ==
  bake: radius 0.40 cell 0.10 climb 0.15 slope 55
  navmesh polys: 140
  stair cu03_stair_w: ok (path lower<->upper (undirected polygon graph))
  stair cu03_stair_n: ok (path lower<->upper (undirected polygon graph))
  markers: 1/2 reachable from spawn
    unreachable: extraction_ALLEY (snap 2.1m)
  markers (interior): 1/1 reachable -- what this bake can actually judge
    deferred to site scope: extraction_ALLEY (snap 2.06m, outside the footprint)
  navigable: yes -- stairs traverse and all 1 interior marker(s) reachable from spawn; 1 deferred to site scope (extraction_ALLEY)

== deli_a01.glb ==
  bake: radius 0.40 cell 0.10 climb 0.15 slope 55
  navmesh polys: 549
  stair deli_stair_down: ok (path lower<->upper (undirected polygon graph))
  stair deli_stair_up: ok (path lower<->upper (undirected polygon graph))
  markers: 2/3 reachable from spawn
    unreachable: extraction_STREET (snap 2.6m)
  markers (interior): 2/2 reachable -- what this bake can actually judge
    deferred to site scope: extraction_STREET (snap 2.59m, outside the footprint)
  navigable: yes -- stairs traverse and all 2 interior marker(s) reachable from spawn; 1 deferred to site scope (extraction_STREET)

== deli_a02.glb ==
  bake: radius 0.40 cell 0.10 climb 0.15 slope 55
  navmesh polys: 553
  stair deli_stair_down: ok (path lower<->upper (undirected polygon graph))
  stair deli_stair_up: ok (path lower<->upper (undirected polygon graph))
  markers: 2/3 reachable from spawn
    unreachable: objective_A (snap 0.5m)
  markers (interior): 1/2 reachable -- what this bake can actually judge
    interior unreachable: objective_A (snap 0.5m)
    deferred to site scope: extraction_ALLEY (snap 1.97m, outside the footprint)
  navigable: NO -- 1 of 2 interior marker(s) unreachable from spawn: objective_A (snap 0.5m); 1 deferred to site scope (extraction_ALLEY)

== deli_a03.glb ==
  bake: radius 0.40 cell 0.10 climb 0.15 slope 55
  navmesh polys: 549
  stair deli_stair_down: ok (path lower<->upper (undirected polygon graph))
  stair deli_stair_up: ok (path lower<->upper (undirected polygon graph))
  markers: 2/3 reachable from spawn
    unreachable: extraction_STREET (snap 2.6m)
  markers (interior): 2/2 reachable -- what this bake can actually judge
    deferred to site scope: extraction_STREET (snap 2.59m, outside the footprint)
  navigable: yes -- stairs traverse and all 2 interior marker(s) reachable from spawn; 1 deferred to site scope (extraction_STREET)

== depot_a01.glb ==
  bake: radius 0.40 cell 0.10 climb 0.15 slope 55
  navmesh polys: 145
  markers: 1/2 reachable from spawn
    unreachable: extraction_YARD (snap 2.4m)
  markers (interior): 1/1 reachable -- what this bake can actually judge
    deferred to site scope: extraction_YARD (snap 2.37m, outside the footprint)
  navigable: yes -- stairs traverse and all 1 interior marker(s) reachable from spawn; 1 deferred to site scope (extraction_YARD)

== depot_a02.glb ==
  bake: radius 0.40 cell 0.10 climb 0.15 slope 55
  navmesh polys: 172
  stair dp02_stair_n: ok (path lower<->upper (undirected polygon graph))
  stair dp02_stair_s: ok (path lower<->upper (undirected polygon graph))
  markers: 1/2 reachable from spawn
    unreachable: extraction_YARD (snap 2.6m)
  markers (interior): 1/1 reachable -- what this bake can actually judge
    deferred to site scope: extraction_YARD (snap 2.56m, outside the footprint)
  navigable: yes -- stairs traverse and all 1 interior marker(s) reachable from spawn; 1 deferred to site scope (extraction_YARD)

== final_stand.glb ==
  bake: radius 0.40 cell 0.10 climb 0.15 slope 55
  navmesh polys: 524
  stair final_stand_stair_0: ok (path lower<->upper (undirected polygon graph))
  stair final_stand_stair_1: ok (path lower<->upper (undirected polygon graph))
  markers: 0/1 reachable from spawn
    unreachable: objective_final_boss (snap 0.7m)
  markers (interior): 0/1 reachable -- what this bake can actually judge
    interior unreachable: objective_final_boss (snap 0.7m)
  navigable: NO -- 1 of 1 interior marker(s) unreachable from spawn: objective_final_boss (snap 0.7m)

== foundry_heist_vertical.glb ==
  bake: radius 0.40 cell 0.10 climb 0.15 slope 55
  navmesh polys: 859
  stair foundry_heist_vertical_stair_0: ok (path lower<->upper (undirected polygon graph))
  stair foundry_heist_vertical_stair_1: ok (path lower<->upper (undirected polygon graph))
  markers: 3/4 reachable from spawn
    unreachable: extraction_VAN (snap 7.4m)
  markers (interior): 3/3 reachable -- what this bake can actually judge
    deferred to site scope: extraction_VAN (snap 7.35m, outside the footprint)
  navigable: yes -- stairs traverse and all 3 interior marker(s) reachable from spawn; 1 deferred to site scope (extraction_VAN)

== freight_terminal_a01.glb ==
  bake: radius 0.40 cell 0.10 climb 0.15 slope 55
  navmesh polys: 182
  markers: 1/2 reachable from spawn
    unreachable: extraction_YARD (snap 2.6m)
  markers (interior): 1/1 reachable -- what this bake can actually judge
    deferred to site scope: extraction_YARD (snap 2.57m, outside the footprint)
  navigable: yes -- stairs traverse and all 1 interior marker(s) reachable from spawn; 1 deferred to site scope (extraction_YARD)

== freight_terminal_a02.glb ==
  bake: radius 0.40 cell 0.10 climb 0.15 slope 55
  navmesh polys: 171
  stair ft02_stair_0: ok (path lower<->upper (undirected polygon graph))
  markers: 1/2 reachable from spawn
    unreachable: extraction_YARD (snap 2.6m)
  markers (interior): 1/1 reachable -- what this bake can actually judge
    deferred to site scope: extraction_YARD (snap 2.57m, outside the footprint)
  navigable: yes -- stairs traverse and all 1 interior marker(s) reachable from spawn; 1 deferred to site scope (extraction_YARD)

== freight_terminal_a03.glb ==
  bake: radius 0.40 cell 0.10 climb 0.15 slope 55
  navmesh polys: 140
  stair ft03_stair_n: ok (path lower<->upper (undirected polygon graph))
  stair ft03_stair_s: ok (path lower<->upper (undirected polygon graph))
  markers: 2/2 reachable from spawn
  markers (interior): 1/1 reachable -- what this bake can actually judge
    deferred to site scope: extraction_YARD (snap 1.57m, outside the footprint)
  navigable: yes -- stairs traverse and all 1 interior marker(s) reachable from spawn; 1 deferred to site scope (extraction_YARD)

== fuel_stop_heist.glb ==
  bake: radius 0.40 cell 0.10 climb 0.15 slope 55
  navmesh polys: 390
  markers: 6/10 reachable from spawn
    unreachable: objective_REGISTER (snap 0.5m)
    unreachable: objective_SAFE (snap 0.8m)
    unreachable: loot_COOLER_GOODS (snap 1.1m)
    unreachable: loot_SAFE_CASH (snap 0.9m)
  markers (interior): 5/9 reachable -- what this bake can actually judge
    interior unreachable: objective_REGISTER (snap 0.5m)
    interior unreachable: objective_SAFE (snap 0.8m)
    interior unreachable: loot_COOLER_GOODS (snap 1.1m)
    interior unreachable: loot_SAFE_CASH (snap 0.9m)
    deferred to site scope: extraction_GETAWAY (snap 0.2m, outside the footprint)
  navigable: NO -- 4 of 9 interior marker(s) unreachable from spawn: objective_REGISTER (snap 0.5m), objective_SAFE (snap 0.8m), loot_COOLER_GOODS (snap 1.1m), loot_SAFE_CASH (snap 0.9m); 1 deferred to site scope (extraction_GETAWAY)

== funeral_home_a01.glb ==
  bake: radius 0.40 cell 0.10 climb 0.15 slope 55
  navmesh polys: 169
  stair fh01_stair_n: ok (path lower<->upper (undirected polygon graph))
  stair fh01_stair_s: ok (path lower<->upper (undirected polygon graph))
  markers: 1/2 reachable from spawn
    unreachable: extraction_STREET (snap 2.6m)
  markers (interior): 1/1 reachable -- what this bake can actually judge
    deferred to site scope: extraction_STREET (snap 2.56m, outside the footprint)
  navigable: yes -- stairs traverse and all 1 interior marker(s) reachable from spawn; 1 deferred to site scope (extraction_STREET)

== funeral_home_a02.glb ==
  bake: radius 0.40 cell 0.10 climb 0.15 slope 55
  navmesh polys: 112
  stair fh02_stair_0: ok (path lower<->upper (undirected polygon graph))
  markers: 1/2 reachable from spawn
    unreachable: extraction_STREET (snap 2.6m)
  markers (interior): 1/1 reachable -- what this bake can actually judge
    deferred to site scope: extraction_STREET (snap 2.57m, outside the footprint)
  navigable: yes -- stairs traverse and all 1 interior marker(s) reachable from spawn; 1 deferred to site scope (extraction_STREET)

== funeral_home_a03.glb ==
  bake: radius 0.40 cell 0.10 climb 0.15 slope 55
  navmesh polys: 135
  stair fh03_stair_n: ok (path lower<->upper (undirected polygon graph))
  stair fh03_stair_s: ok (path lower<->upper (undirected polygon graph))
  markers: 1/2 reachable from spawn
    unreachable: extraction_STREET (snap 2.6m)
  markers (interior): 1/1 reachable -- what this bake can actually judge
    deferred to site scope: extraction_STREET (snap 2.56m, outside the footprint)
  navigable: yes -- stairs traverse and all 1 interior marker(s) reachable from spawn; 1 deferred to site scope (extraction_STREET)

== gas_station.glb ==
  bake: radius 0.40 cell 0.10 climb 0.15 slope 55
  navmesh polys: 298
  markers: 0/4 reachable from spawn
    unreachable: objective_REGISTER (snap 1.0m)
    unreachable: objective_SAFE (snap 0.7m)
    unreachable: loot_SAFECASH (snap 0.6m)
    unreachable: extraction_FORECOURT (snap 1.2m)
  markers (interior): 0/3 reachable -- what this bake can actually judge
    interior unreachable: objective_REGISTER (snap 1.0m)
    interior unreachable: objective_SAFE (snap 0.7m)
    interior unreachable: loot_SAFECASH (snap 0.6m)
    deferred to site scope: extraction_FORECOURT (snap 1.21m, outside the footprint)
  navigable: NO -- 3 of 3 interior marker(s) unreachable from spawn: objective_REGISTER (snap 1.0m), objective_SAFE (snap 0.7m), loot_SAFECASH (snap 0.6m); 1 deferred to site scope (extraction_FORECOURT)

== gas_station_a01.glb ==
  bake: radius 0.40 cell 0.10 climb 0.15 slope 55
  navmesh polys: 298
  markers: 1/2 reachable from spawn
    unreachable: objective_A (snap 0.3m)
  markers (interior): 0/1 reachable -- what this bake can actually judge
    interior unreachable: objective_A (snap 0.3m)
    deferred to site scope: extraction_PUMPS (snap 0.3m, outside the footprint)
  navigable: NO -- 1 of 1 interior marker(s) unreachable from spawn: objective_A (snap 0.3m); 1 deferred to site scope (extraction_PUMPS)

== gas_station_a02.glb ==
  bake: radius 0.40 cell 0.10 climb 0.15 slope 55
  navmesh polys: 409
  markers: 2/2 reachable from spawn
  markers (interior): 1/1 reachable -- what this bake can actually judge
    deferred to site scope: extraction_PUMPS (snap 0.2m, outside the footprint)
  navigable: yes -- stairs traverse and all 1 interior marker(s) reachable from spawn; 1 deferred to site scope (extraction_PUMPS)

== gas_station_a03.glb ==
  bake: radius 0.40 cell 0.10 climb 0.15 slope 55
  navmesh polys: 120
  markers: 1/2 reachable from spawn
    unreachable: extraction_STREET (snap 2.6m)
  markers (interior): 1/1 reachable -- what this bake can actually judge
    deferred to site scope: extraction_STREET (snap 2.57m, outside the footprint)
  navigable: yes -- stairs traverse and all 1 interior marker(s) reachable from spawn; 1 deferred to site scope (extraction_STREET)

== gas_street.glb ==
  bake: radius 0.40 cell 0.10 climb 0.15 slope 55
  navmesh polys: 298
  markers: 0/4 reachable from spawn
    unreachable: objective_REGISTER (snap 1.0m)
    unreachable: objective_SAFE (snap 0.7m)
    unreachable: loot_SAFECASH (snap 0.6m)
    unreachable: extraction_FORECOURT (snap 1.2m)
  markers (interior): 0/3 reachable -- what this bake can actually judge
    interior unreachable: objective_REGISTER (snap 1.0m)
    interior unreachable: objective_SAFE (snap 0.7m)
    interior unreachable: loot_SAFECASH (snap 0.6m)
    deferred to site scope: extraction_FORECOURT (snap 1.21m, outside the footprint)
  navigable: NO -- 3 of 3 interior marker(s) unreachable from spawn: objective_REGISTER (snap 1.0m), objective_SAFE (snap 0.7m), loot_SAFECASH (snap 0.6m); 1 deferred to site scope (extraction_FORECOURT)

== gs_auto_shop.glb ==
  bake: radius 0.40 cell 0.10 climb 0.15 slope 55
  navmesh polys: 169
  stair gs_auto_shop_stair_0: ok (path lower<->upper (undirected polygon graph))
  markers: 0 checked -- reachability UNJUDGED
  markers (interior): 0/0 reachable -- what this bake can actually judge
  navigable: UNJUDGED -- UNJUDGED: no marker was checked at all (no spawn marker, or nothing of a checked type) -- nothing asked whether this shell connects

== gs_corner_station.glb ==
  bake: radius 0.40 cell 0.10 climb 0.15 slope 55
  navmesh polys: 317
  markers: 0/4 reachable from spawn
    unreachable: objective_REGISTER (snap 1.0m)
    unreachable: objective_SAFE (snap 0.7m)
    unreachable: loot_SAFECASH (snap 0.6m)
    unreachable: extraction_FORECOURT (snap 1.2m)
  markers (interior): 0/3 reachable -- what this bake can actually judge
    interior unreachable: objective_REGISTER (snap 1.0m)
    interior unreachable: objective_SAFE (snap 0.7m)
    interior unreachable: loot_SAFECASH (snap 0.6m)
    deferred to site scope: extraction_FORECOURT (snap 1.21m, outside the footprint)
  navigable: NO -- 3 of 3 interior marker(s) unreachable from spawn: objective_REGISTER (snap 1.0m), objective_SAFE (snap 0.7m), loot_SAFECASH (snap 0.6m); 1 deferred to site scope (extraction_FORECOURT)

== gs_facade_rowhome.glb ==
  bake: radius 0.40 cell 0.10 climb 0.15 slope 55
  navmesh polys: 6
  markers: 0 checked -- reachability UNJUDGED
  markers (interior): 0/0 reachable -- what this bake can actually judge
  navigable: UNJUDGED -- UNJUDGED: no marker was checked at all (no spawn marker, or nothing of a checked type) -- nothing asked whether this shell connects

== gs_facade_storefront.glb ==
  bake: radius 0.40 cell 0.10 climb 0.15 slope 55
  navmesh polys: 6
  markers: 0 checked -- reachability UNJUDGED
  markers (interior): 0/0 reachable -- what this bake can actually judge
  navigable: UNJUDGED -- UNJUDGED: no marker was checked at all (no spawn marker, or nothing of a checked type) -- nothing asked whether this shell connects

== harbor_score.glb ==
  bake: radius 0.40 cell 0.10 climb 0.15 slope 55
  navmesh polys: 188
  stair harbor_score_stair_0: ok (path lower<->upper (undirected polygon graph))
  markers: 1/1 reachable from spawn
  markers (interior): 1/1 reachable -- what this bake can actually judge
  navigable: yes -- stairs traverse and all 1 interior marker(s) reachable from spawn

== landmark_hall_a01.glb ==
  bake: radius 0.40 cell 0.10 climb 0.15 slope 55
  navmesh polys: 149
  markers: 1/2 reachable from spawn
    unreachable: extraction_EXIT (snap 2.6m)
  markers (interior): 1/1 reachable -- what this bake can actually judge
    deferred to site scope: extraction_EXIT (snap 2.62m, outside the footprint)
  navigable: yes -- stairs traverse and all 1 interior marker(s) reachable from spawn; 1 deferred to site scope (extraction_EXIT)

== landmark_hall_a02.glb ==
  bake: radius 0.40 cell 0.10 climb 0.15 slope 55
  navmesh polys: 229
  stair lh02_stair_0: ok (path lower<->upper (undirected polygon graph))
  markers: 1/2 reachable from spawn
    unreachable: extraction_EXIT (snap 2.6m)
  markers (interior): 1/1 reachable -- what this bake can actually judge
    deferred to site scope: extraction_EXIT (snap 2.57m, outside the footprint)
  navigable: yes -- stairs traverse and all 1 interior marker(s) reachable from spawn; 1 deferred to site scope (extraction_EXIT)

== landmark_hall_a03.glb ==
  bake: radius 0.40 cell 0.10 climb 0.15 slope 55
  navmesh polys: 222
  stair lh03_stair_n: ok (path lower<->upper (undirected polygon graph))
  stair lh03_stair_s: ok (path lower<->upper (undirected polygon graph))
  markers: 1/2 reachable from spawn
    unreachable: extraction_EXIT (snap 2.6m)
  markers (interior): 1/1 reachable -- what this bake can actually judge
    deferred to site scope: extraction_EXIT (snap 2.56m, outside the footprint)
  navigable: yes -- stairs traverse and all 1 interior marker(s) reachable from spawn; 1 deferred to site scope (extraction_EXIT)

== large_warehouse_a01.glb ==
  bake: radius 0.40 cell 0.10 climb 0.15 slope 55
  navmesh polys: 168
  markers: 1/2 reachable from spawn
    unreachable: extraction_YARD (snap 2.5m)
  markers (interior): 1/1 reachable -- what this bake can actually judge
    deferred to site scope: extraction_YARD (snap 2.49m, outside the footprint)
  navigable: yes -- stairs traverse and all 1 interior marker(s) reachable from spawn; 1 deferred to site scope (extraction_YARD)

== large_warehouse_a02.glb ==
  bake: radius 0.40 cell 0.10 climb 0.15 slope 55
  navmesh polys: 170
  stair lw02_stair_0: ok (path lower<->upper (undirected polygon graph))
  markers: 1/2 reachable from spawn
    unreachable: extraction_YARD (snap 2.4m)
  markers (interior): 1/1 reachable -- what this bake can actually judge
    deferred to site scope: extraction_YARD (snap 2.37m, outside the footprint)
  navigable: yes -- stairs traverse and all 1 interior marker(s) reachable from spawn; 1 deferred to site scope (extraction_YARD)

== large_warehouse_a03.glb ==
  bake: radius 0.40 cell 0.10 climb 0.15 slope 55
  navmesh polys: 349
  stair lw03_stair_bw: ok (path lower<->upper (undirected polygon graph))
  stair lw03_stair_bn: ok (path lower<->upper (undirected polygon graph))
  stair lw03_stair_up: ok (path lower<->upper (undirected polygon graph))
  markers: 1/2 reachable from spawn
    unreachable: extraction_YARD (snap 2.6m)
  markers (interior): 1/1 reachable -- what this bake can actually judge
    deferred to site scope: extraction_YARD (snap 2.56m, outside the footprint)
  navigable: yes -- stairs traverse and all 1 interior marker(s) reachable from spawn; 1 deferred to site scope (extraction_YARD)

== lf_art_probe_001_5017.glb ==
  bake: radius 0.40 cell 0.10 climb 0.15 slope 55
  navmesh polys: 325
  stair lf_art_probe_001_5017_stair_0: ok (path lower<->upper (undirected polygon graph))
  stair lf_art_probe_001_5017_stair_1: ok (path lower<->upper (undirected polygon graph))
  markers: 0 checked -- reachability UNJUDGED
  markers (interior): 0/0 reachable -- what this bake can actually judge
  navigable: UNJUDGED -- UNJUDGED: no marker was checked at all (no spawn marker, or nothing of a checked type) -- nothing asked whether this shell connects

== lf_category5_baie_dore_001_5017.glb ==
  bake: radius 0.40 cell 0.10 climb 0.15 slope 55
  navmesh polys: 432
  stair lf_category5_baie_dore_001_5017_stair_0: ok (path lower<->upper (undirected polygon graph))
  markers: 0 checked -- reachability UNJUDGED
  markers (interior): 0/0 reachable -- what this bake can actually judge
  navigable: UNJUDGED -- UNJUDGED: no marker was checked at all (no spawn marker, or nothing of a checked type) -- nothing asked whether this shell connects

== lf_category5_baie_dore_001_5118.glb ==
  bake: radius 0.40 cell 0.10 climb 0.15 slope 55
  navmesh polys: 432
  stair lf_category5_baie_dore_001_5118_stair_0: ok (path lower<->upper (undirected polygon graph))
  markers: 0 checked -- reachability UNJUDGED
  markers (interior): 0/0 reachable -- what this bake can actually judge
  navigable: UNJUDGED -- UNJUDGED: no marker was checked at all (no spawn marker, or nothing of a checked type) -- nothing asked whether this shell connects

== lf_category5_baie_dore_001_5219.glb ==
  bake: radius 0.40 cell 0.10 climb 0.15 slope 55
  navmesh polys: 432
  stair lf_category5_baie_dore_001_5219_stair_0: ok (path lower<->upper (undirected polygon graph))
  markers: 0 checked -- reachability UNJUDGED
  markers (interior): 0/0 reachable -- what this bake can actually judge
  navigable: UNJUDGED -- UNJUDGED: no marker was checked at all (no spawn marker, or nothing of a checked type) -- nothing asked whether this shell connects

== lf_category5_baie_dore_001_5320.glb ==
  bake: radius 0.40 cell 0.10 climb 0.15 slope 55
  navmesh polys: 432
  stair lf_category5_baie_dore_001_5320_stair_0: ok (path lower<->upper (undirected polygon graph))
  markers: 0 checked -- reachability UNJUDGED
  markers (interior): 0/0 reachable -- what this bake can actually judge
  navigable: UNJUDGED -- UNJUDGED: no marker was checked at all (no spawn marker, or nothing of a checked type) -- nothing asked whether this shell connects

== lf_category5_baie_dore_001_5421.glb ==
  bake: radius 0.40 cell 0.10 climb 0.15 slope 55
  navmesh polys: 432
  stair lf_category5_baie_dore_001_5421_stair_0: ok (path lower<->upper (undirected polygon graph))
  markers: 0 checked -- reachability UNJUDGED
  markers (interior): 0/0 reachable -- what this bake can actually judge
  navigable: UNJUDGED -- UNJUDGED: no marker was checked at all (no spawn marker, or nothing of a checked type) -- nothing asked whether this shell connects

== lf_lot_demo_001_5017.glb ==
  bake: radius 0.40 cell 0.10 climb 0.15 slope 55
  navmesh polys: 325
  stair lf_lot_demo_001_5017_stair_0: ok (path lower<->upper (undirected polygon graph))
  stair lf_lot_demo_001_5017_stair_1: ok (path lower<->upper (undirected polygon graph))
  markers: 0 checked -- reachability UNJUDGED
  markers (interior): 0/0 reachable -- what this bake can actually judge
  navigable: UNJUDGED -- UNJUDGED: no marker was checked at all (no spawn marker, or nothing of a checked type) -- nothing asked whether this shell connects

== lf_lot_demo_001_5118.glb ==
  bake: radius 0.40 cell 0.10 climb 0.15 slope 55
  navmesh polys: 325
  stair lf_lot_demo_001_5118_stair_0: ok (path lower<->upper (undirected polygon graph))
  stair lf_lot_demo_001_5118_stair_1: ok (path lower<->upper (undirected polygon graph))
  markers: 0 checked -- reachability UNJUDGED
  markers (interior): 0/0 reachable -- what this bake can actually judge
  navigable: UNJUDGED -- UNJUDGED: no marker was checked at all (no spawn marker, or nothing of a checked type) -- nothing asked whether this shell connects

== lf_lot_demo_001_5219.glb ==
  bake: radius 0.40 cell 0.10 climb 0.15 slope 55
  navmesh polys: 325
  stair lf_lot_demo_001_5219_stair_0: ok (path lower<->upper (undirected polygon graph))
  stair lf_lot_demo_001_5219_stair_1: ok (path lower<->upper (undirected polygon graph))
  markers: 0 checked -- reachability UNJUDGED
  markers (interior): 0/0 reachable -- what this bake can actually judge
  navigable: UNJUDGED -- UNJUDGED: no marker was checked at all (no spawn marker, or nothing of a checked type) -- nothing asked whether this shell connects

== mansion_a01.glb ==
  bake: radius 0.40 cell 0.10 climb 0.15 slope 55
  navmesh polys: 165
  stair mn01_stair_dn: ok (path lower<->upper (undirected polygon graph))
  stair mn01_stair_up: ok (path lower<->upper (undirected polygon graph))
  markers: 1/2 reachable from spawn
    unreachable: extraction_DRIVE (snap 2.6m)
  markers (interior): 1/1 reachable -- what this bake can actually judge
    deferred to site scope: extraction_DRIVE (snap 2.56m, outside the footprint)
  navigable: yes -- stairs traverse and all 1 interior marker(s) reachable from spawn; 1 deferred to site scope (extraction_DRIVE)

== mansion_a02.glb ==
  bake: radius 0.40 cell 0.10 climb 0.15 slope 55
  navmesh polys: 116
  stair mn02_stair_0: ok (path lower<->upper (undirected polygon graph))
  markers: 1/2 reachable from spawn
    unreachable: extraction_DRIVE (snap 2.6m)
  markers (interior): 1/1 reachable -- what this bake can actually judge
    deferred to site scope: extraction_DRIVE (snap 2.57m, outside the footprint)
  navigable: yes -- stairs traverse and all 1 interior marker(s) reachable from spawn; 1 deferred to site scope (extraction_DRIVE)

== mansion_a03.glb ==
  bake: radius 0.40 cell 0.10 climb 0.15 slope 55
  navmesh polys: 216
  stair mn03_stair_dn: ok (path lower<->upper (undirected polygon graph))
  stair mn03_stair_dn2: ok (path lower<->upper (undirected polygon graph))
  stair mn03_stair_up: ok (path lower<->upper (undirected polygon graph))
  markers: 1/2 reachable from spawn
    unreachable: extraction_DRIVE (snap 2.6m)
  markers (interior): 1/1 reachable -- what this bake can actually judge
    deferred to site scope: extraction_DRIVE (snap 2.56m, outside the footprint)
  navigable: yes -- stairs traverse and all 1 interior marker(s) reachable from spawn; 1 deferred to site scope (extraction_DRIVE)

== marina_a01.glb ==
  bake: radius 0.40 cell 0.10 climb 0.15 slope 55
  navmesh polys: 184
  stair ma01_stair_n: ok (path lower<->upper (undirected polygon graph))
  stair ma01_stair_s: ok (path lower<->upper (undirected polygon graph))
  markers: 1/2 reachable from spawn
    unreachable: extraction_PIER (snap 2.4m)
  markers (interior): 1/1 reachable -- what this bake can actually judge
    deferred to site scope: extraction_PIER (snap 2.37m, outside the footprint)
  navigable: yes -- stairs traverse and all 1 interior marker(s) reachable from spawn; 1 deferred to site scope (extraction_PIER)

== marina_a02.glb ==
  bake: radius 0.40 cell 0.10 climb 0.15 slope 55
  navmesh polys: 127
  stair ma02_stair_0: ok (path lower<->upper (undirected polygon graph))
  markers: 1/2 reachable from spawn
    unreachable: extraction_PIER_END (snap 2.5m)
  markers (interior): 1/1 reachable -- what this bake can actually judge
    deferred to site scope: extraction_PIER_END (snap 2.46m, outside the footprint)
  navigable: yes -- stairs traverse and all 1 interior marker(s) reachable from spawn; 1 deferred to site scope (extraction_PIER_END)

== marina_a03.glb ==
  bake: radius 0.40 cell 0.10 climb 0.15 slope 55
  navmesh polys: 141
  markers: 1/2 reachable from spawn
    unreachable: extraction_PIER (snap 2.6m)
  markers (interior): 1/1 reachable -- what this bake can actually judge
    deferred to site scope: extraction_PIER (snap 2.57m, outside the footprint)
  navigable: yes -- stairs traverse and all 1 interior marker(s) reachable from spawn; 1 deferred to site scope (extraction_PIER)

== market_hall_a01.glb ==
  bake: radius 0.40 cell 0.10 climb 0.15 slope 55
  navmesh polys: 250
  markers: 1/2 reachable from spawn
    unreachable: extraction_EXIT (snap 2.6m)
  markers (interior): 1/1 reachable -- what this bake can actually judge
    deferred to site scope: extraction_EXIT (snap 2.57m, outside the footprint)
  navigable: yes -- stairs traverse and all 1 interior marker(s) reachable from spawn; 1 deferred to site scope (extraction_EXIT)

== market_hall_a02.glb ==
  bake: radius 0.40 cell 0.10 climb 0.15 slope 55
  navmesh polys: 255
  stair mh02_stair_n: ok (path lower<->upper (undirected polygon graph))
  stair mh02_stair_s: ok (path lower<->upper (undirected polygon graph))
  markers: 1/2 reachable from spawn
    unreachable: extraction_EXIT (snap 2.6m)
  markers (interior): 1/1 reachable -- what this bake can actually judge
    deferred to site scope: extraction_EXIT (snap 2.57m, outside the footprint)
  navigable: yes -- stairs traverse and all 1 interior marker(s) reachable from spawn; 1 deferred to site scope (extraction_EXIT)

== market_hall_a03.glb ==
  bake: radius 0.40 cell 0.10 climb 0.15 slope 55
  navmesh polys: 257
  stair mh03_stair_0: ok (path lower<->upper (undirected polygon graph))
  markers: 1/2 reachable from spawn
    unreachable: extraction_EXIT (snap 2.6m)
  markers (interior): 1/1 reachable -- what this bake can actually judge
    deferred to site scope: extraction_EXIT (snap 2.57m, outside the footprint)
  navigable: yes -- stairs traverse and all 1 interior marker(s) reachable from spawn; 1 deferred to site scope (extraction_EXIT)

== museum_a01.glb ==
  bake: radius 0.40 cell 0.10 climb 0.15 slope 55
  navmesh polys: 230
  stair mu01_stair_w: ok (path lower<->upper (undirected polygon graph))
  stair mu01_stair_e: ok (path lower<->upper (undirected polygon graph))
  markers: 1/2 reachable from spawn
    unreachable: extraction_STEPS (snap 2.6m)
  markers (interior): 1/1 reachable -- what this bake can actually judge
    deferred to site scope: extraction_STEPS (snap 2.57m, outside the footprint)
  navigable: yes -- stairs traverse and all 1 interior marker(s) reachable from spawn; 1 deferred to site scope (extraction_STEPS)

== museum_a02.glb ==
  bake: radius 0.40 cell 0.10 climb 0.15 slope 55
  navmesh polys: 138
  stair mu02_stair_n: ok (path lower<->upper (undirected polygon graph))
  stair mu02_stair_s: ok (path lower<->upper (undirected polygon graph))
  markers: 1/2 reachable from spawn
    unreachable: extraction_STEPS (snap 2.6m)
  markers (interior): 1/1 reachable -- what this bake can actually judge
    deferred to site scope: extraction_STEPS (snap 2.56m, outside the footprint)
  navigable: yes -- stairs traverse and all 1 interior marker(s) reachable from spawn; 1 deferred to site scope (extraction_STEPS)

== museum_a03.glb ==
  bake: radius 0.40 cell 0.10 climb 0.15 slope 55
  navmesh polys: 147
  stair mu03_stair_0: ok (path lower<->upper (undirected polygon graph))
  markers: 1/2 reachable from spawn
    unreachable: extraction_PLAZA (snap 2.6m)
  markers (interior): 1/1 reachable -- what this bake can actually judge
    deferred to site scope: extraction_PLAZA (snap 2.57m, outside the footprint)
  navigable: yes -- stairs traverse and all 1 interior marker(s) reachable from spawn; 1 deferred to site scope (extraction_PLAZA)

== night_auto.glb ==
  bake: radius 0.40 cell 0.10 climb 0.15 slope 55
  navmesh polys: 182
  stair night_auto_stair_0: ok (path lower<->upper (undirected polygon graph))
  markers: 0 checked -- reachability UNJUDGED
  markers (interior): 0/0 reachable -- what this bake can actually judge
  navigable: UNJUDGED -- UNJUDGED: no marker was checked at all (no spawn marker, or nothing of a checked type) -- nothing asked whether this shell connects

== night_deli.glb ==
  bake: radius 0.40 cell 0.10 climb 0.15 slope 55
  navmesh polys: 572
  stair night_deli_stair_0: ok (path lower<->upper (undirected polygon graph))
  markers: 4/9 reachable from spawn
    unreachable: extraction_VAN (snap 3.6m)
    unreachable: objective_REGISTER (snap 0.5m)
    unreachable: objective_SERVER (snap 1.4m)
    unreachable: objective_SAFE (snap 2.6m)
    unreachable: loot_VAULT_CASH (snap 2.4m)
  markers (interior): 4/8 reachable -- what this bake can actually judge
    interior unreachable: objective_REGISTER (snap 0.5m)
    interior unreachable: objective_SERVER (snap 1.4m)
    interior unreachable: objective_SAFE (snap 2.6m)
    interior unreachable: loot_VAULT_CASH (snap 2.4m)
    deferred to site scope: extraction_VAN (snap 3.59m, outside the footprint)
  navigable: NO -- 4 of 8 interior marker(s) unreachable from spawn: objective_REGISTER (snap 0.5m), objective_SERVER (snap 1.4m), objective_SAFE (snap 2.6m), loot_VAULT_CASH (snap 2.4m); 1 deferred to site scope (extraction_VAN)

== night_pawn.glb ==
  bake: radius 0.40 cell 0.10 climb 0.15 slope 55
  navmesh polys: 192
  stair night_pawn_stair_0: no_path (endpoints on disjoint islands (lower on 0, upper on 1))
  markers: 0 checked -- reachability UNJUDGED
  markers (interior): 0/0 reachable -- what this bake can actually judge
  navigable: NO -- a stair is not traversable, so this shell cannot be walked whatever its markers say

== office.glb ==
  bake: radius 0.40 cell 0.10 climb 0.15 slope 55
  navmesh polys: 301
  stair office_stair_0: ok (path lower<->upper (undirected polygon graph))
  markers: 1/1 reachable from spawn
  markers (interior): 1/1 reachable -- what this bake can actually judge
  navigable: yes -- stairs traverse and all 1 interior marker(s) reachable from spawn

== parking_garage.glb ==
  bake: radius 0.40 cell 0.10 climb 0.15 slope 55
  navmesh polys: 463
  stair parking_garage_stair_0: ok (path lower<->upper (undirected polygon graph))
  markers: 1/1 reachable from spawn
  markers (interior): 1/1 reachable -- what this bake can actually judge
  navigable: yes -- stairs traverse and all 1 interior marker(s) reachable from spawn

== parking_garage_a01.glb ==
  bake: radius 0.40 cell 0.10 climb 0.15 slope 55
  navmesh polys: 462
  stair parking_garage_stair_0: ok (path lower<->upper (undirected polygon graph))
  markers: 1/2 reachable from spawn
    unreachable: extraction_STREET (snap 2.6m)
  markers (interior): 1/1 reachable -- what this bake can actually judge
    deferred to site scope: extraction_STREET (snap 2.59m, outside the footprint)
  navigable: yes -- stairs traverse and all 1 interior marker(s) reachable from spawn; 1 deferred to site scope (extraction_STREET)

== parking_garage_a02.glb ==
  bake: radius 0.40 cell 0.10 climb 0.15 slope 55
  navmesh polys: 512
  stair parking_garage_stair_0: ok (path lower<->upper (undirected polygon graph))
  markers: 1/2 reachable from spawn
    unreachable: extraction_STREET (snap 2.5m)
  markers (interior): 1/1 reachable -- what this bake can actually judge
    deferred to site scope: extraction_STREET (snap 2.54m, outside the footprint)
  navigable: yes -- stairs traverse and all 1 interior marker(s) reachable from spawn; 1 deferred to site scope (extraction_STREET)

== pawn_shop_a01.glb ==
  bake: radius 0.40 cell 0.10 climb 0.15 slope 55
  navmesh polys: 172
  stair pw01_stair_0: ok (path lower<->upper (undirected polygon graph))
  markers: 1/2 reachable from spawn
    unreachable: extraction_STREET (snap 2.9m)
  markers (interior): 1/1 reachable -- what this bake can actually judge
    deferred to site scope: extraction_STREET (snap 2.86m, outside the footprint)
  navigable: yes -- stairs traverse and all 1 interior marker(s) reachable from spawn; 1 deferred to site scope (extraction_STREET)

== pawn_shop_a02.glb ==
  bake: radius 0.40 cell 0.10 climb 0.15 slope 55
  navmesh polys: 99
  stair pw02_stair_0: ok (path lower<->upper (undirected polygon graph))
  markers: 1/2 reachable from spawn
    unreachable: extraction_STREET (snap 2.6m)
  markers (interior): 1/1 reachable -- what this bake can actually judge
    deferred to site scope: extraction_STREET (snap 2.57m, outside the footprint)
  navigable: yes -- stairs traverse and all 1 interior marker(s) reachable from spawn; 1 deferred to site scope (extraction_STREET)

== pharmacy_a01.glb ==
  bake: radius 0.40 cell 0.10 climb 0.15 slope 55
  navmesh polys: 82
  markers: 1/2 reachable from spawn
    unreachable: extraction_STREET (snap 2.6m)
  markers (interior): 1/1 reachable -- what this bake can actually judge
    deferred to site scope: extraction_STREET (snap 2.57m, outside the footprint)
  navigable: yes -- stairs traverse and all 1 interior marker(s) reachable from spawn; 1 deferred to site scope (extraction_STREET)

== pharmacy_a02.glb ==
  bake: radius 0.40 cell 0.10 climb 0.15 slope 55
  navmesh polys: 134
  stair ph02_stair_w: ok (path lower<->upper (undirected polygon graph))
  stair ph02_stair_e: ok (path lower<->upper (undirected polygon graph))
  markers: 1/2 reachable from spawn
    unreachable: extraction_STREET (snap 2.6m)
  markers (interior): 1/1 reachable -- what this bake can actually judge
    deferred to site scope: extraction_STREET (snap 2.56m, outside the footprint)
  navigable: yes -- stairs traverse and all 1 interior marker(s) reachable from spawn; 1 deferred to site scope (extraction_STREET)

== primos_pizza.glb ==
  bake: radius 0.40 cell 0.10 climb 0.15 slope 55
  navmesh polys: 376
  stair primos_pizza_stair_0: no_path (endpoints on disjoint islands (lower on 1, upper on 3))
  markers: 4/8 reachable from spawn
    unreachable: objective_COUNT_SAFE (snap 0.7m)
    unreachable: loot_STASH (snap 0.6m)
    unreachable: patrol_point_PAT_KITCHEN (snap 0.6m)
    unreachable: patrol_point_PAT_CLUB (snap 0.7m)
  markers (interior): 4/8 reachable -- what this bake can actually judge
    interior unreachable: objective_COUNT_SAFE (snap 0.7m)
    interior unreachable: loot_STASH (snap 0.6m)
    interior unreachable: patrol_point_PAT_KITCHEN (snap 0.7m)
    interior unreachable: patrol_point_PAT_CLUB (snap 0.7m)
  navigable: NO -- a stair is not traversable, so this shell cannot be walked whatever its markers say

== pvp_station_ref.glb ==
  bake: radius 0.40 cell 0.10 climb 0.15 slope 55
  navmesh polys: 262
  stair 07_police_station_stair_0: ok (path lower<->upper (undirected polygon graph))
  markers: 2/2 reachable from spawn
  markers (interior): 1/1 reachable -- what this bake can actually judge
    deferred to site scope: extraction_STREET (snap 1.57m, outside the footprint)
  navigable: yes -- stairs traverse and all 1 interior marker(s) reachable from spawn; 1 deferred to site scope (extraction_STREET)

== rail_station_a01.glb ==
  bake: radius 0.40 cell 0.10 climb 0.15 slope 55
  navmesh polys: 251
  stair rs01_stair_w: ok (path lower<->upper (undirected polygon graph))
  stair rs01_stair_e: ok (path lower<->upper (undirected polygon graph))
  markers: 1/2 reachable from spawn
    unreachable: extraction_STREET (snap 2.6m)
  markers (interior): 1/1 reachable -- what this bake can actually judge
    deferred to site scope: extraction_STREET (snap 2.62m, outside the footprint)
  navigable: yes -- stairs traverse and all 1 interior marker(s) reachable from spawn; 1 deferred to site scope (extraction_STREET)

== rail_station_a02.glb ==
  bake: radius 0.40 cell 0.10 climb 0.15 slope 55
  navmesh polys: 155
  stair rs02_stair_n: ok (path lower<->upper (undirected polygon graph))
  stair rs02_stair_s: ok (path lower<->upper (undirected polygon graph))
  markers: 1/2 reachable from spawn
    unreachable: extraction_STREET (snap 2.6m)
  markers (interior): 1/1 reachable -- what this bake can actually judge
    deferred to site scope: extraction_STREET (snap 2.56m, outside the footprint)
  navigable: yes -- stairs traverse and all 1 interior marker(s) reachable from spawn; 1 deferred to site scope (extraction_STREET)

== rail_station_a03.glb ==
  bake: radius 0.40 cell 0.10 climb 0.15 slope 55
  navmesh polys: 193
  stair rs03_stair_0: ok (path lower<->upper (undirected polygon graph))
  markers: 1/2 reachable from spawn
    unreachable: extraction_STREET (snap 2.6m)
  markers (interior): 1/1 reachable -- what this bake can actually judge
    deferred to site scope: extraction_STREET (snap 2.57m, outside the footprint)
  navigable: yes -- stairs traverse and all 1 interior marker(s) reachable from spawn; 1 deferred to site scope (extraction_STREET)

== rowhouse_raid.glb ==
  bake: radius 0.40 cell 0.10 climb 0.15 slope 55
  navmesh polys: 210
  stair rowhouse_raid_stair_0: ok (path lower<->upper (undirected polygon graph))
  markers: 1/1 reachable from spawn
  markers (interior): 1/1 reachable -- what this bake can actually judge
  navigable: yes -- stairs traverse and all 1 interior marker(s) reachable from spawn

== self_storage_a01.glb ==
  bake: radius 0.40 cell 0.10 climb 0.15 slope 55
  navmesh polys: 205
  markers: 1/2 reachable from spawn
    unreachable: extraction_GATE (snap 2.6m)
  markers (interior): 1/1 reachable -- what this bake can actually judge
    deferred to site scope: extraction_GATE (snap 2.62m, outside the footprint)
  navigable: yes -- stairs traverse and all 1 interior marker(s) reachable from spawn; 1 deferred to site scope (extraction_GATE)

== self_storage_a02.glb ==
  bake: radius 0.40 cell 0.10 climb 0.15 slope 55
  navmesh polys: 118
  stair ss02_stair_0: ok (path lower<->upper (undirected polygon graph))
  markers: 1/2 reachable from spawn
    unreachable: extraction_GATE (snap 2.6m)
  markers (interior): 1/1 reachable -- what this bake can actually judge
    deferred to site scope: extraction_GATE (snap 2.57m, outside the footprint)
  navigable: yes -- stairs traverse and all 1 interior marker(s) reachable from spawn; 1 deferred to site scope (extraction_GATE)

== self_storage_a03.glb ==
  bake: radius 0.40 cell 0.10 climb 0.15 slope 55
  navmesh polys: 136
  stair ss03_stair_n: ok (path lower<->upper (undirected polygon graph))
  stair ss03_stair_s: ok (path lower<->upper (undirected polygon graph))
  markers: 1/2 reachable from spawn
    unreachable: extraction_GATE (snap 2.6m)
  markers (interior): 1/1 reachable -- what this bake can actually judge
    deferred to site scope: extraction_GATE (snap 2.56m, outside the footprint)
  navigable: yes -- stairs traverse and all 1 interior marker(s) reachable from spawn; 1 deferred to site scope (extraction_GATE)

== stadium_a01.glb ==
  bake: radius 0.40 cell 0.10 climb 0.15 slope 55
  navmesh polys: 243
  stair st01_stair_n: ok (path lower<->upper (undirected polygon graph))
  stair st01_stair_s: ok (path lower<->upper (undirected polygon graph))
  markers: 1/2 reachable from spawn
    unreachable: extraction_EXIT (snap 2.6m)
  markers (interior): 1/1 reachable -- what this bake can actually judge
    deferred to site scope: extraction_EXIT (snap 2.56m, outside the footprint)
  navigable: yes -- stairs traverse and all 1 interior marker(s) reachable from spawn; 1 deferred to site scope (extraction_EXIT)

== stadium_a02.glb ==
  bake: radius 0.40 cell 0.10 climb 0.15 slope 55
  navmesh polys: 176
  markers: 1/2 reachable from spawn
    unreachable: extraction_EXIT (snap 2.6m)
  markers (interior): 1/1 reachable -- what this bake can actually judge
    deferred to site scope: extraction_EXIT (snap 2.57m, outside the footprint)
  navigable: yes -- stairs traverse and all 1 interior marker(s) reachable from spawn; 1 deferred to site scope (extraction_EXIT)

== stadium_a03.glb ==
  bake: radius 0.40 cell 0.10 climb 0.15 slope 55
  navmesh polys: 261
  stair st03_stair_n: ok (path lower<->upper (undirected polygon graph))
  stair st03_stair_s: ok (path lower<->upper (undirected polygon graph))
  markers: 1/2 reachable from spawn
    unreachable: extraction_EXIT (snap 2.6m)
  markers (interior): 1/1 reachable -- what this bake can actually judge
    deferred to site scope: extraction_EXIT (snap 2.56m, outside the footprint)
  navigable: yes -- stairs traverse and all 1 interior marker(s) reachable from spawn; 1 deferred to site scope (extraction_EXIT)

== stadium_a04.glb ==
  bake: radius 0.40 cell 0.10 climb 0.15 slope 55
  navmesh polys: 251
  stair st04_stair_0: ok (path lower<->upper (undirected polygon graph))
  markers: 1/2 reachable from spawn
    unreachable: extraction_EXIT (snap 2.6m)
  markers (interior): 1/1 reachable -- what this bake can actually judge
    deferred to site scope: extraction_EXIT (snap 2.57m, outside the footprint)
  navigable: yes -- stairs traverse and all 1 interior marker(s) reachable from spawn; 1 deferred to site scope (extraction_EXIT)

== stop_n_go.glb ==
  bake: radius 0.40 cell 0.10 climb 0.15 slope 55
  navmesh polys: 117
  markers: 1/1 reachable from spawn
  markers (interior): 1/1 reachable -- what this bake can actually judge
  navigable: yes -- stairs traverse and all 1 interior marker(s) reachable from spawn

== strip_club_a01.glb ==
  bake: radius 0.40 cell 0.10 climb 0.15 slope 55
  navmesh polys: 88
  markers: 1/2 reachable from spawn
    unreachable: extraction_ALLEY (snap 2.6m)
  markers (interior): 1/1 reachable -- what this bake can actually judge
    deferred to site scope: extraction_ALLEY (snap 2.57m, outside the footprint)
  navigable: yes -- stairs traverse and all 1 interior marker(s) reachable from spawn; 1 deferred to site scope (extraction_ALLEY)

== strip_club_a02.glb ==
  bake: radius 0.40 cell 0.10 climb 0.15 slope 55
  navmesh polys: 135
  stair sc02_stair_n: ok (path lower<->upper (undirected polygon graph))
  stair sc02_stair_s: ok (path lower<->upper (undirected polygon graph))
  markers: 1/2 reachable from spawn
    unreachable: extraction_ALLEY_END (snap 2.6m)
  markers (interior): 1/1 reachable -- what this bake can actually judge
    deferred to site scope: extraction_ALLEY_END (snap 2.57m, outside the footprint)
  navigable: yes -- stairs traverse and all 1 interior marker(s) reachable from spawn; 1 deferred to site scope (extraction_ALLEY_END)

== strip_club_a03.glb ==
  bake: radius 0.40 cell 0.10 climb 0.15 slope 55
  navmesh polys: 134
  stair sc03_stair_0: ok (path lower<->upper (undirected polygon graph))
  markers: 1/2 reachable from spawn
    unreachable: extraction_ALLEY (snap 2.6m)
  markers (interior): 1/1 reachable -- what this bake can actually judge
    deferred to site scope: extraction_ALLEY (snap 2.57m, outside the footprint)
  navigable: yes -- stairs traverse and all 1 interior marker(s) reachable from spawn; 1 deferred to site scope (extraction_ALLEY)

== strip_retail_a01.glb ==
  bake: radius 0.40 cell 0.10 climb 0.15 slope 55
  navmesh polys: 399
  stair sr01_stair_dn: ok (path lower<->upper (undirected polygon graph))
  stair sr01_stair_up: ok (path lower<->upper (undirected polygon graph))
  markers: 1/2 reachable from spawn
    unreachable: objective_A (snap 0.2m)
  markers (interior): 0/1 reachable -- what this bake can actually judge
    interior unreachable: objective_A (snap 0.2m)
    deferred to site scope: extraction_STREET (snap 1.84m, outside the footprint)
  navigable: NO -- 1 of 1 interior marker(s) unreachable from spawn: objective_A (snap 0.2m); 1 deferred to site scope (extraction_STREET)

== strip_retail_a02.glb ==
  bake: radius 0.40 cell 0.10 climb 0.15 slope 55
  navmesh polys: 92
  markers: 1/2 reachable from spawn
    unreachable: extraction_STREET (snap 2.6m)
  markers (interior): 1/1 reachable -- what this bake can actually judge
    deferred to site scope: extraction_STREET (snap 2.57m, outside the footprint)
  navigable: yes -- stairs traverse and all 1 interior marker(s) reachable from spawn; 1 deferred to site scope (extraction_STREET)

== supermarket_a01.glb ==
  bake: radius 0.40 cell 0.10 climb 0.15 slope 55
  navmesh polys: 184
  markers: 1/2 reachable from spawn
    unreachable: extraction_LOT (snap 3.1m)
  markers (interior): 1/1 reachable -- what this bake can actually judge
    deferred to site scope: extraction_LOT (snap 3.06m, outside the footprint)
  navigable: yes -- stairs traverse and all 1 interior marker(s) reachable from spawn; 1 deferred to site scope (extraction_LOT)

== supermarket_a02.glb ==
  bake: radius 0.40 cell 0.10 climb 0.15 slope 55
  navmesh polys: 146
  stair sm02_stair_0: ok (path lower<->upper (undirected polygon graph))
  markers: 1/2 reachable from spawn
    unreachable: extraction_LOT (snap 2.6m)
  markers (interior): 1/1 reachable -- what this bake can actually judge
    deferred to site scope: extraction_LOT (snap 2.57m, outside the footprint)
  navigable: yes -- stairs traverse and all 1 interior marker(s) reachable from spawn; 1 deferred to site scope (extraction_LOT)

== supermarket_a03.glb ==
  bake: radius 0.40 cell 0.10 climb 0.15 slope 55
  navmesh polys: 216
  stair sm03_stair_n: ok (path lower<->upper (undirected polygon graph))
  stair sm03_stair_s: ok (path lower<->upper (undirected polygon graph))
  markers: 1/2 reachable from spawn
    unreachable: extraction_LOT (snap 2.6m)
  markers (interior): 1/1 reachable -- what this bake can actually judge
    deferred to site scope: extraction_LOT (snap 2.57m, outside the footprint)
  navigable: yes -- stairs traverse and all 1 interior marker(s) reachable from spawn; 1 deferred to site scope (extraction_LOT)

== survival_demo.glb ==
  bake: radius 0.40 cell 0.10 climb 0.15 slope 55
  navmesh polys: 70
  stair survival_demo_stair_0: ok (path lower<->upper (undirected polygon graph))
  markers: 1/1 reachable from spawn
  markers (interior): 1/1 reachable -- what this bake can actually judge
  navigable: yes -- stairs traverse and all 1 interior marker(s) reachable from spawn

== train_yard_a01.glb ==
  bake: radius 0.40 cell 0.10 climb 0.15 slope 55
  navmesh polys: 173
  markers: 1/2 reachable from spawn
    unreachable: extraction_EXIT (snap 2.6m)
  markers (interior): 1/1 reachable -- what this bake can actually judge
    deferred to site scope: extraction_EXIT (snap 2.57m, outside the footprint)
  navigable: yes -- stairs traverse and all 1 interior marker(s) reachable from spawn; 1 deferred to site scope (extraction_EXIT)

== train_yard_a02.glb ==
  bake: radius 0.40 cell 0.10 climb 0.15 slope 55
  navmesh polys: 249
  stair ty02_stair_n: ok (path lower<->upper (undirected polygon graph))
  stair ty02_stair_s: ok (path lower<->upper (undirected polygon graph))
  markers: 1/2 reachable from spawn
    unreachable: extraction_EXIT (snap 2.6m)
  markers (interior): 1/1 reachable -- what this bake can actually judge
    deferred to site scope: extraction_EXIT (snap 2.56m, outside the footprint)
  navigable: yes -- stairs traverse and all 1 interior marker(s) reachable from spawn; 1 deferred to site scope (extraction_EXIT)

== train_yard_a03.glb ==
  bake: radius 0.40 cell 0.10 climb 0.15 slope 55
  navmesh polys: 224
  stair ty03_stair_0: ok (path lower<->upper (undirected polygon graph))
  markers: 1/2 reachable from spawn
    unreachable: extraction_EXIT (snap 2.6m)
  markers (interior): 1/1 reachable -- what this bake can actually judge
    deferred to site scope: extraction_EXIT (snap 2.57m, outside the footprint)
  navigable: yes -- stairs traverse and all 1 interior marker(s) reachable from spawn; 1 deferred to site scope (extraction_EXIT)

== warehouse.glb ==
  bake: radius 0.40 cell 0.10 climb 0.15 slope 55
  navmesh polys: 150
  markers: 0 checked -- reachability UNJUDGED
  markers (interior): 0/0 reachable -- what this bake can actually judge
  navigable: UNJUDGED -- UNJUDGED: no marker was checked at all (no spawn marker, or nothing of a checked type) -- nothing asked whether this shell connects

== warehouse_a01.glb ==
  bake: radius 0.40 cell 0.10 climb 0.15 slope 55
  navmesh polys: 155
  markers: 1/2 reachable from spawn
    unreachable: extraction_YARD (snap 2.4m)
  markers (interior): 1/1 reachable -- what this bake can actually judge
    deferred to site scope: extraction_YARD (snap 2.37m, outside the footprint)
  navigable: yes -- stairs traverse and all 1 interior marker(s) reachable from spawn; 1 deferred to site scope (extraction_YARD)

== warehouse_a02.glb ==
  bake: radius 0.40 cell 0.10 climb 0.15 slope 55
  navmesh polys: 220
  stair wa02_stair_0: ok (path lower<->upper (undirected polygon graph))
  markers: 1/2 reachable from spawn
    unreachable: extraction_YARD (snap 2.6m)
  markers (interior): 1/1 reachable -- what this bake can actually judge
    deferred to site scope: extraction_YARD (snap 2.57m, outside the footprint)
  navigable: yes -- stairs traverse and all 1 interior marker(s) reachable from spawn; 1 deferred to site scope (extraction_YARD)

nav-gate: 3/135 shell(s) FAILED traversal
CATALOG.md up to date.
== unit suites (everything that runs without Blender) ==
   NOT GATED: test_failing_fixtures.py -- imports bmesh -- needs a real Blender interpreter, not plain python
== validating specs ==
== auditing spec content coherence ==
== layout guard rails (LAYOUT_RULES.md) ==
== stair regression sweep (quick) ==
== build freshness (are the shells older than the code?) ==
== nav traversal gate (built shells; needs Godot 4) ==
== checking catalog freshness ==

Checks failed. See output above.

[deli_counter] pre-commit gate failed ΓÇö fix the above before committing.
               (to bypass once: git commit --no-verify)
REFUSE: commit failed
SKIPPED  manifest 1.34.0 check
SKIPPED  manifest 1.34.0 apply
SKIPPED  manifest 1.34.0 selftest

HALTED -- see the REFUSE/FAILED line above.
